source_url,old_destination,new_destination,old_anchor,new_anchor,status,reason
https://hotdogtrays.com/,https://hotdogtrays.com/,https://hotdogtrays.com/,🌭 HotDogTrays Premium Wholesale Trays,🌭 HotDogTrays Premium Wholesale Trays,preserved,
https://hotdogtrays.com/,https://hotdogtrays.com/shop/,https://hotdogtrays.com/shop/,All Products ▼,All Products ▼,preserved,
https://hotdogtrays.com/,https://hotdogtrays.com/product/hot-dog-serving-tray/,https://hotdogtrays.com/product/hot-dog-serving-tray/,Hot Dog Serving Tray,Hot Dog Serving Tray,preserved,
https://hotdogtrays.com/,https://hotdogtrays.com/product/hot-dog-food-tray/,https://hotdogtrays.com/product/hot-dog-food-tray/,Hot Dog Food Tray,Hot Dog Food Tray,preserved,
https://hotdogtrays.com/,https://hotdogtrays.com/product/hot-dog-plates/,https://hotdogtrays.com/product/hot-dog-plates/,Hot Dog Plates,Hot Dog Plates,preserved,
https://hotdogtrays.com/,https://hotdogtrays.com/product/paper-hot-dog-trays/,https://hotdogtrays.com/product/paper-hot-dog-trays/,Paper Hot Dog Trays,Paper Hot Dog Trays,preserved,
https://hotdogtrays.com/,https://hotdogtrays.com/product/hot-dog-paper-holders/,https://hotdogtrays.com/product/hot-dog-paper-holders/,Hot Dog Paper Holders,Hot Dog Paper Holders,preserved,
https://hotdogtrays.com/,https://hotdogtrays.com/product/disposable-hot-dog-trays/,https://hotdogtrays.com/product/disposable-hot-dog-trays/,Disposable Hot Dog Trays,Disposable Hot Dog Trays,preserved,
https://hotdogtrays.com/,https://hotdogtrays.com/product/hot-dog-boats-paper/,https://hotdogtrays.com/product/hot-dog-boats-paper/,Hot Dog Boats Paper,Hot Dog Boats Paper,preserved,
https://hotdogtrays.com/,https://hotdogtrays.com/product/plastic-hot-dog-trays/,https://hotdogtrays.com/product/plastic-hot-dog-trays/,Plastic Hot Dog Trays,Plastic Hot Dog Trays,preserved,
https://hotdogtrays.com/,https://hotdogtrays.com/product/hot-dog-container-paper/,https://hotdogtrays.com/product/hot-dog-container-paper/,Hot Dog Container Paper,Hot Dog Container Paper,preserved,
https://hotdogtrays.com/,https://hotdogtrays.com/product/cardboard-hot-dog-holders/,https://hotdogtrays.com/product/cardboard-hot-dog-holders/,Cardboard Hot Dog Holders,Cardboard Hot Dog Holders,preserved,
https://hotdogtrays.com/,https://hotdogtrays.com/product/disposable-hot-dog-holders/,https://hotdogtrays.com/product/disposable-hot-dog-holders/,Disposable Hot Dog Holders,Disposable Hot Dog Holders,preserved,
https://hotdogtrays.com/,https://hotdogtrays.com/product/cardboard-hot-dog-trays/,https://hotdogtrays.com/product/cardboard-hot-dog-trays/,Cardboard Hot Dog Trays,Cardboard Hot Dog Trays,preserved,
https://hotdogtrays.com/,https://hotdogtrays.com/product/red-and-white-hot-dog-trays/,https://hotdogtrays.com/product/red-and-white-hot-dog-trays/,Red and White Hot Dog Trays,Red and White Hot Dog Trays,preserved,
https://hotdogtrays.com/,https://hotdogtrays.com/product/kraft-hot-dog-tray/,https://hotdogtrays.com/product/kraft-hot-dog-tray/,Kraft Hot Dog Tray,Kraft Hot Dog Tray,preserved,
https://hotdogtrays.com/,https://hotdogtrays.com/about/,https://hotdogtrays.com/about/,About Us,About Us,preserved,
https://hotdogtrays.com/,https://hotdogtrays.com/contact/,https://hotdogtrays.com/contact/,Contact,Contact,preserved,
https://hotdogtrays.com/,https://hotdogtrays.com/cdn-cgi/l/email-protection#c6afa8a0a986aea9b2a2a9a1b2b4a7bfb5e8a5a9ab,,✉️ Email Us,,removed,"Not site content: WordPress admin, Cloudflare email obfuscation, add-to-cart parameter or an external tracking parameter"
https://hotdogtrays.com/,https://hotdogtrays.com/get-quote/,https://hotdogtrays.com/get-quote/,Get Free Quote,Get Free Quote,preserved,
https://hotdogtrays.com/,https://hotdogtrays.com/cdn-cgi/l/email-protection#523b3c343d123a3d26363d352620332b217c313d3f,,✉️ [emailprotected],,removed,"Not site content: WordPress admin, Cloudflare email obfuscation, add-to-cart parameter or an external tracking parameter"
https://hotdogtrays.com/,https://hotdogtrays.com/get-quote/,https://hotdogtrays.com/get-quote/,Get Free Quote →,Get Free Quote →,preserved,
https://hotdogtrays.com/,https://hotdogtrays.com/shop/,https://hotdogtrays.com/shop/,View Products,View Products,preserved,
https://hotdogtrays.com/,https://hotdogtrays.com/product/hot-dog-serving-tray/,https://hotdogtrays.com/product/hot-dog-serving-tray/,View Product →,View Product →,preserved,
https://hotdogtrays.com/,https://hotdogtrays.com/product/hot-dog-food-tray/,https://hotdogtrays.com/product/hot-dog-food-tray/,View Product →,View Product →,preserved,
https://hotdogtrays.com/,https://hotdogtrays.com/product/paper-hot-dog-trays/,https://hotdogtrays.com/product/paper-hot-dog-trays/,View Product →,View Product →,preserved,
https://hotdogtrays.com/,https://hotdogtrays.com/product/hot-dog-paper-holders/,https://hotdogtrays.com/product/hot-dog-paper-holders/,View Product →,View Product →,preserved,
https://hotdogtrays.com/,https://hotdogtrays.com/shop/,https://hotdogtrays.com/shop/,View All Products →,View All Products →,preserved,
https://hotdogtrays.com/,https://hotdogtrays.com/product/paper-hot-dog-trays/,https://hotdogtrays.com/product/paper-hot-dog-trays/,"📄 Paper Trays Classic paper hot dog trays, lightweight and economical","📄 Paper Trays Classic paper hot dog trays, lightweight and economical",preserved,
https://hotdogtrays.com/,https://hotdogtrays.com/product/cardboard-hot-dog-trays/,https://hotdogtrays.com/product/cardboard-hot-dog-trays/,📦 Cardboard Trays Sturdy cardboard trays for heavy-duty use,📦 Cardboard Trays Sturdy cardboard trays for heavy-duty use,preserved,
https://hotdogtrays.com/,https://hotdogtrays.com/product/plastic-hot-dog-trays/,https://hotdogtrays.com/product/plastic-hot-dog-trays/,🔷 Plastic Trays Durable plastic trays with superior strength,🔷 Plastic Trays Durable plastic trays with superior strength,preserved,
https://hotdogtrays.com/,https://hotdogtrays.com/product/kraft-hot-dog-tray/,https://hotdogtrays.com/product/kraft-hot-dog-tray/,"♻️ Kraft Paper Trays Eco-friendly kraft paper, 100% recyclable","♻️ Kraft Paper Trays Eco-friendly kraft paper, 100% recyclable",preserved,
https://hotdogtrays.com/,https://hotdogtrays.com/product/hot-dog-serving-tray/,https://hotdogtrays.com/product/hot-dog-serving-tray/,🍽️ Serving Trays Premium trays for professional food service,🍽️ Serving Trays Premium trays for professional food service,preserved,
https://hotdogtrays.com/,https://hotdogtrays.com/product/disposable-hot-dog-trays/,https://hotdogtrays.com/product/disposable-hot-dog-trays/,🗑️ Disposable Trays Convenient single-use trays for events,🗑️ Disposable Trays Convenient single-use trays for events,preserved,
https://hotdogtrays.com/,https://hotdogtrays.com/product/hot-dog-boats-paper/,https://hotdogtrays.com/product/hot-dog-boats-paper/,⛵ Boat Trays Classic boat-shaped trays for hot dogs,⛵ Boat Trays Classic boat-shaped trays for hot dogs,preserved,
https://hotdogtrays.com/,https://hotdogtrays.com/product/hot-dog-container-paper/,https://hotdogtrays.com/product/hot-dog-container-paper/,📦 Container Trays Secure containers with lids for takeout,📦 Container Trays Secure containers with lids for takeout,preserved,
https://hotdogtrays.com/,https://hotdogtrays.com/get-quote/,https://hotdogtrays.com/get-quote/,Get Your Free Quote →,Get Your Free Quote →,preserved,
https://hotdogtrays.com/,https://hotdogtrays.com/privacy-policy/,https://hotdogtrays.com/privacy-policy/,Privacy Policy,Privacy Policy,preserved,
https://hotdogtrays.com/,https://hotdogtrays.com/cdn-cgi/l/email-protection#adc4c3cbc2edc5c2d9c9c2cad9dfccd4de83cec2c0,,[emailprotected],,removed,"Not site content: WordPress admin, Cloudflare email obfuscation, add-to-cart parameter or an external tracking parameter"
https://hotdogtrays.com/,https://hotdogtrays.com/cdn-cgi/l/email-protection#620b0c040d220a0d16060d051610031b114c010d0f,,Email Us Now,,removed,"Not site content: WordPress admin, Cloudflare email obfuscation, add-to-cart parameter or an external tracking parameter"
https://hotdogtrays.com/,https://hotdogtrays.com/get-quote/,https://hotdogtrays.com/get-quote/,Request Quote Online →,Request Quote Online →,preserved,
https://hotdogtrays.com/,https://hotdogtrays.com/shop/,https://hotdogtrays.com/shop/,Browse All Products →,Browse All Products →,preserved,
https://hotdogtrays.com/,https://hotdogtrays.com/cdn-cgi/l/email-protection,,[emailprotected],,removed,"Not site content: WordPress admin, Cloudflare email obfuscation, add-to-cart parameter or an external tracking parameter"
https://hotdogtrays.com/,https://hotdogtrays.com/contact/,https://hotdogtrays.com/contact/,Contact Support,Contact Support,preserved,
https://hotdogtrays.com/,https://hotdogtrays.com/,https://hotdogtrays.com/,Home,Home,preserved,
https://hotdogtrays.com/,https://hotdogtrays.com/shop/,https://hotdogtrays.com/shop/,All Products,All Products,preserved,
https://hotdogtrays.com/,https://hotdogtrays.com/blog/,,Blog,,removed,Link not present after rebuild — review
https://hotdogtrays.com/,https://hotdogtrays.com/faq/,https://hotdogtrays.com/faq/,FAQ,FAQ,preserved,
https://hotdogtrays.com/,https://hotdogtrays.com/shipping/,https://hotdogtrays.com/shipping/,Shipping Info,Shipping Info,preserved,
https://hotdogtrays.com/,https://hotdogtrays.com/terms-conditions/,https://hotdogtrays.com/terms-conditions/,Terms & Conditions,Terms & Conditions,preserved,
https://hotdogtrays.com/,https://hotdogtrays.com/product/red-and-white-hot-dog-trays/,https://hotdogtrays.com/product/red-and-white-hot-dog-trays/,Red & White Hot Dog Trays,Red & White Hot Dog Trays,preserved,
https://hotdogtrays.com/,https://hotdogtrays.com/cdn-cgi/l/email-protection#2940474f466941465d4d464e5d5b48505a074a4644,,[emailprotected],,removed,"Not site content: WordPress admin, Cloudflare email obfuscation, add-to-cart parameter or an external tracking parameter"
https://hotdogtrays.com/,https://hotdogtrays.com/,https://hotdogtrays.com/,HotDogTrays.com,HotDogTrays.com,preserved,
https://hotdogtrays.com/sample-page/,https://hotdogtrays.com/,https://hotdogtrays.com/,🌭 HotDogTrays Premium Wholesale Trays,🌭 HotDogTrays Premium Wholesale Trays,preserved,
https://hotdogtrays.com/sample-page/,https://hotdogtrays.com/shop/,https://hotdogtrays.com/shop/,All Products ▼,All Products ▼,preserved,
https://hotdogtrays.com/sample-page/,https://hotdogtrays.com/product/hot-dog-serving-tray/,https://hotdogtrays.com/product/hot-dog-serving-tray/,Hot Dog Serving Tray,Hot Dog Serving Tray,preserved,
https://hotdogtrays.com/sample-page/,https://hotdogtrays.com/product/hot-dog-food-tray/,https://hotdogtrays.com/product/hot-dog-food-tray/,Hot Dog Food Tray,Hot Dog Food Tray,preserved,
https://hotdogtrays.com/sample-page/,https://hotdogtrays.com/product/hot-dog-plates/,https://hotdogtrays.com/product/hot-dog-plates/,Hot Dog Plates,Hot Dog Plates,preserved,
https://hotdogtrays.com/sample-page/,https://hotdogtrays.com/product/paper-hot-dog-trays/,https://hotdogtrays.com/product/paper-hot-dog-trays/,Paper Hot Dog Trays,Paper Hot Dog Trays,preserved,
https://hotdogtrays.com/sample-page/,https://hotdogtrays.com/product/hot-dog-paper-holders/,https://hotdogtrays.com/product/hot-dog-paper-holders/,Hot Dog Paper Holders,Hot Dog Paper Holders,preserved,
https://hotdogtrays.com/sample-page/,https://hotdogtrays.com/product/disposable-hot-dog-trays/,https://hotdogtrays.com/product/disposable-hot-dog-trays/,Disposable Hot Dog Trays,Disposable Hot Dog Trays,preserved,
https://hotdogtrays.com/sample-page/,https://hotdogtrays.com/product/hot-dog-boats-paper/,https://hotdogtrays.com/product/hot-dog-boats-paper/,Hot Dog Boats Paper,Hot Dog Boats Paper,preserved,
https://hotdogtrays.com/sample-page/,https://hotdogtrays.com/product/plastic-hot-dog-trays/,https://hotdogtrays.com/product/plastic-hot-dog-trays/,Plastic Hot Dog Trays,Plastic Hot Dog Trays,preserved,
https://hotdogtrays.com/sample-page/,https://hotdogtrays.com/product/hot-dog-container-paper/,https://hotdogtrays.com/product/hot-dog-container-paper/,Hot Dog Container Paper,Hot Dog Container Paper,preserved,
https://hotdogtrays.com/sample-page/,https://hotdogtrays.com/product/cardboard-hot-dog-holders/,https://hotdogtrays.com/product/cardboard-hot-dog-holders/,Cardboard Hot Dog Holders,Cardboard Hot Dog Holders,preserved,
https://hotdogtrays.com/sample-page/,https://hotdogtrays.com/product/disposable-hot-dog-holders/,https://hotdogtrays.com/product/disposable-hot-dog-holders/,Disposable Hot Dog Holders,Disposable Hot Dog Holders,preserved,
https://hotdogtrays.com/sample-page/,https://hotdogtrays.com/product/cardboard-hot-dog-trays/,https://hotdogtrays.com/product/cardboard-hot-dog-trays/,Cardboard Hot Dog Trays,Cardboard Hot Dog Trays,preserved,
https://hotdogtrays.com/sample-page/,https://hotdogtrays.com/product/red-and-white-hot-dog-trays/,https://hotdogtrays.com/product/red-and-white-hot-dog-trays/,Red and White Hot Dog Trays,Red and White Hot Dog Trays,preserved,
https://hotdogtrays.com/sample-page/,https://hotdogtrays.com/product/kraft-hot-dog-tray/,https://hotdogtrays.com/product/kraft-hot-dog-tray/,Kraft Hot Dog Tray,Kraft Hot Dog Tray,preserved,
https://hotdogtrays.com/sample-page/,https://hotdogtrays.com/about/,https://hotdogtrays.com/about/,About Us,About Us,preserved,
https://hotdogtrays.com/sample-page/,https://hotdogtrays.com/contact/,https://hotdogtrays.com/contact/,Contact,Contact,preserved,
https://hotdogtrays.com/sample-page/,https://hotdogtrays.com/cdn-cgi/l/email-protection#88e1e6eee7c8e0e7fcece7effcfae9f1fba6ebe7e5,,✉️ Email Us,,removed,"Not site content: WordPress admin, Cloudflare email obfuscation, add-to-cart parameter or an external tracking parameter"
https://hotdogtrays.com/sample-page/,https://hotdogtrays.com/get-quote/,https://hotdogtrays.com/get-quote/,Get Free Quote,Get Free Quote,preserved,
https://hotdogtrays.com/sample-page/,https://hotdogtrays.com/cdn-cgi/l/email-protection#41282f272e01292e35252e2635332038326f222e2c,,✉️ [emailprotected],,removed,"Not site content: WordPress admin, Cloudflare email obfuscation, add-to-cart parameter or an external tracking parameter"
https://hotdogtrays.com/sample-page/,https://hotdogtrays.com/wp-admin/,,your dashboard,,removed,"Not site content: WordPress admin, Cloudflare email obfuscation, add-to-cart parameter or an external tracking parameter"
https://hotdogtrays.com/sample-page/,https://hotdogtrays.com/,https://hotdogtrays.com/,Home,Home,preserved,
https://hotdogtrays.com/sample-page/,https://hotdogtrays.com/shop/,https://hotdogtrays.com/shop/,All Products,All Products,preserved,
https://hotdogtrays.com/sample-page/,https://hotdogtrays.com/blog/,,Blog,,removed,Link not present after rebuild — review
https://hotdogtrays.com/sample-page/,https://hotdogtrays.com/faq/,https://hotdogtrays.com/faq/,FAQ,FAQ,preserved,
https://hotdogtrays.com/sample-page/,https://hotdogtrays.com/shipping/,https://hotdogtrays.com/shipping/,Shipping Info,Shipping Info,preserved,
https://hotdogtrays.com/sample-page/,https://hotdogtrays.com/privacy-policy/,https://hotdogtrays.com/privacy-policy/,Privacy Policy,Privacy Policy,preserved,
https://hotdogtrays.com/sample-page/,https://hotdogtrays.com/terms-conditions/,https://hotdogtrays.com/terms-conditions/,Terms & Conditions,Terms & Conditions,preserved,
https://hotdogtrays.com/sample-page/,https://hotdogtrays.com/product/red-and-white-hot-dog-trays/,https://hotdogtrays.com/product/red-and-white-hot-dog-trays/,Red & White Hot Dog Trays,Red & White Hot Dog Trays,preserved,
https://hotdogtrays.com/sample-page/,https://hotdogtrays.com/cdn-cgi/l/email-protection#0b62656d644b63647f6f646c7f796a727825686466,,[emailprotected],,removed,"Not site content: WordPress admin, Cloudflare email obfuscation, add-to-cart parameter or an external tracking parameter"
https://hotdogtrays.com/sample-page/,https://hotdogtrays.com/,https://hotdogtrays.com/,HotDogTrays.com,HotDogTrays.com,preserved,
https://hotdogtrays.com/shop/,https://hotdogtrays.com/,https://hotdogtrays.com/,🌭 HotDogTrays Premium Wholesale Trays,🌭 HotDogTrays Premium Wholesale Trays,preserved,
https://hotdogtrays.com/shop/,https://hotdogtrays.com/shop/,https://hotdogtrays.com/shop/,All Products ▼,All Products ▼,preserved,
https://hotdogtrays.com/shop/,https://hotdogtrays.com/product/hot-dog-serving-tray/,https://hotdogtrays.com/product/hot-dog-serving-tray/,Hot Dog Serving Tray,Hot Dog Serving Tray,preserved,
https://hotdogtrays.com/shop/,https://hotdogtrays.com/product/hot-dog-food-tray/,https://hotdogtrays.com/product/hot-dog-food-tray/,Hot Dog Food Tray,Hot Dog Food Tray,preserved,
https://hotdogtrays.com/shop/,https://hotdogtrays.com/product/hot-dog-plates/,https://hotdogtrays.com/product/hot-dog-plates/,Hot Dog Plates,Hot Dog Plates,preserved,
https://hotdogtrays.com/shop/,https://hotdogtrays.com/product/paper-hot-dog-trays/,https://hotdogtrays.com/product/paper-hot-dog-trays/,Paper Hot Dog Trays,Paper Hot Dog Trays,preserved,
https://hotdogtrays.com/shop/,https://hotdogtrays.com/product/hot-dog-paper-holders/,https://hotdogtrays.com/product/hot-dog-paper-holders/,Hot Dog Paper Holders,Hot Dog Paper Holders,preserved,
https://hotdogtrays.com/shop/,https://hotdogtrays.com/product/disposable-hot-dog-trays/,https://hotdogtrays.com/product/disposable-hot-dog-trays/,Disposable Hot Dog Trays,Disposable Hot Dog Trays,preserved,
https://hotdogtrays.com/shop/,https://hotdogtrays.com/product/hot-dog-boats-paper/,https://hotdogtrays.com/product/hot-dog-boats-paper/,Hot Dog Boats Paper,Hot Dog Boats Paper,preserved,
https://hotdogtrays.com/shop/,https://hotdogtrays.com/product/plastic-hot-dog-trays/,https://hotdogtrays.com/product/plastic-hot-dog-trays/,Plastic Hot Dog Trays,Plastic Hot Dog Trays,preserved,
https://hotdogtrays.com/shop/,https://hotdogtrays.com/product/hot-dog-container-paper/,https://hotdogtrays.com/product/hot-dog-container-paper/,Hot Dog Container Paper,Hot Dog Container Paper,preserved,
https://hotdogtrays.com/shop/,https://hotdogtrays.com/product/cardboard-hot-dog-holders/,https://hotdogtrays.com/product/cardboard-hot-dog-holders/,Cardboard Hot Dog Holders,Cardboard Hot Dog Holders,preserved,
https://hotdogtrays.com/shop/,https://hotdogtrays.com/product/disposable-hot-dog-holders/,https://hotdogtrays.com/product/disposable-hot-dog-holders/,Disposable Hot Dog Holders,Disposable Hot Dog Holders,preserved,
https://hotdogtrays.com/shop/,https://hotdogtrays.com/product/cardboard-hot-dog-trays/,https://hotdogtrays.com/product/cardboard-hot-dog-trays/,Cardboard Hot Dog Trays,Cardboard Hot Dog Trays,preserved,
https://hotdogtrays.com/shop/,https://hotdogtrays.com/product/red-and-white-hot-dog-trays/,https://hotdogtrays.com/product/red-and-white-hot-dog-trays/,Red and White Hot Dog Trays,Red and White Hot Dog Trays,preserved,
https://hotdogtrays.com/shop/,https://hotdogtrays.com/product/kraft-hot-dog-tray/,https://hotdogtrays.com/product/kraft-hot-dog-tray/,Kraft Hot Dog Tray,Kraft Hot Dog Tray,preserved,
https://hotdogtrays.com/shop/,https://hotdogtrays.com/about/,https://hotdogtrays.com/about/,About Us,About Us,preserved,
https://hotdogtrays.com/shop/,https://hotdogtrays.com/contact/,https://hotdogtrays.com/contact/,Contact,Contact,preserved,
https://hotdogtrays.com/shop/,https://hotdogtrays.com/cdn-cgi/l/email-protection#d0b9beb6bf90b8bfa4b4bfb7a4a2b1a9a3feb3bfbd,,✉️ Email Us,,removed,"Not site content: WordPress admin, Cloudflare email obfuscation, add-to-cart parameter or an external tracking parameter"
https://hotdogtrays.com/shop/,https://hotdogtrays.com/get-quote/,https://hotdogtrays.com/get-quote/,Get Free Quote,Get Free Quote,preserved,
https://hotdogtrays.com/shop/,https://hotdogtrays.com/cdn-cgi/l/email-protection#c8a1a6aea788a0a7bcaca7afbcbaa9b1bbe6aba7a5,,✉️ [emailprotected],,removed,"Not site content: WordPress admin, Cloudflare email obfuscation, add-to-cart parameter or an external tracking parameter"
https://hotdogtrays.com/shop/,https://hotdogtrays.com/product/cardboard-hot-dog-holders/,https://hotdogtrays.com/product/cardboard-hot-dog-holders/,Cardboard Hot Dog Holders 0.50,Cardboard Hot Dog Holders 0.50,preserved,
https://hotdogtrays.com/shop/,https://hotdogtrays.com/shop/?add-to-cart=72,,Add to cart,,removed,"Not site content: WordPress admin, Cloudflare email obfuscation, add-to-cart parameter or an external tracking parameter"
https://hotdogtrays.com/shop/,https://hotdogtrays.com/product/cardboard-hot-dog-trays/,https://hotdogtrays.com/product/cardboard-hot-dog-trays/,Cardboard Hot Dog Trays 0.50,Cardboard Hot Dog Trays 0.50,preserved,
https://hotdogtrays.com/shop/,https://hotdogtrays.com/shop/?add-to-cart=74,,Add to cart,,removed,"Not site content: WordPress admin, Cloudflare email obfuscation, add-to-cart parameter or an external tracking parameter"
https://hotdogtrays.com/shop/,https://hotdogtrays.com/product/disposable-hot-dog-holders/,https://hotdogtrays.com/product/disposable-hot-dog-holders/,Disposable Hot Dog Holders 0.50,Disposable Hot Dog Holders 0.50,preserved,
https://hotdogtrays.com/shop/,https://hotdogtrays.com/shop/?add-to-cart=73,,Add to cart,,removed,"Not site content: WordPress admin, Cloudflare email obfuscation, add-to-cart parameter or an external tracking parameter"
https://hotdogtrays.com/shop/,https://hotdogtrays.com/product/disposable-hot-dog-trays/,https://hotdogtrays.com/product/disposable-hot-dog-trays/,Disposable Hot Dog Trays 0.50,Disposable Hot Dog Trays 0.50,preserved,
https://hotdogtrays.com/shop/,https://hotdogtrays.com/shop/?add-to-cart=68,,Add to cart,,removed,"Not site content: WordPress admin, Cloudflare email obfuscation, add-to-cart parameter or an external tracking parameter"
https://hotdogtrays.com/shop/,https://hotdogtrays.com/product/hot-dog-boats-paper/,https://hotdogtrays.com/product/hot-dog-boats-paper/,Hot Dog Boats Paper 0.50,Hot Dog Boats Paper 0.50,preserved,
https://hotdogtrays.com/shop/,https://hotdogtrays.com/shop/?add-to-cart=69,,Add to cart,,removed,"Not site content: WordPress admin, Cloudflare email obfuscation, add-to-cart parameter or an external tracking parameter"
https://hotdogtrays.com/shop/,https://hotdogtrays.com/product/hot-dog-container-paper/,https://hotdogtrays.com/product/hot-dog-container-paper/,Hot Dog Container Paper 0.50,Hot Dog Container Paper 0.50,preserved,
https://hotdogtrays.com/shop/,https://hotdogtrays.com/shop/?add-to-cart=71,,Add to cart,,removed,"Not site content: WordPress admin, Cloudflare email obfuscation, add-to-cart parameter or an external tracking parameter"
https://hotdogtrays.com/shop/,https://hotdogtrays.com/product/hot-dog-food-tray/,https://hotdogtrays.com/product/hot-dog-food-tray/,Hot Dog Food Tray 0.50,Hot Dog Food Tray 0.50,preserved,
https://hotdogtrays.com/shop/,https://hotdogtrays.com/shop/?add-to-cart=64,,Add to cart,,removed,"Not site content: WordPress admin, Cloudflare email obfuscation, add-to-cart parameter or an external tracking parameter"
https://hotdogtrays.com/shop/,https://hotdogtrays.com/product/hot-dog-paper-holders/,https://hotdogtrays.com/product/hot-dog-paper-holders/,Hot Dog Paper Holders 0.50,Hot Dog Paper Holders 0.50,preserved,
https://hotdogtrays.com/shop/,https://hotdogtrays.com/shop/?add-to-cart=67,,Add to cart,,removed,"Not site content: WordPress admin, Cloudflare email obfuscation, add-to-cart parameter or an external tracking parameter"
https://hotdogtrays.com/shop/,https://hotdogtrays.com/product/hot-dog-plates/,https://hotdogtrays.com/product/hot-dog-plates/,Hot Dog Plates 0.50,Hot Dog Plates 0.50,preserved,
https://hotdogtrays.com/shop/,https://hotdogtrays.com/shop/?add-to-cart=65,,Add to cart,,removed,"Not site content: WordPress admin, Cloudflare email obfuscation, add-to-cart parameter or an external tracking parameter"
https://hotdogtrays.com/shop/,https://hotdogtrays.com/product/hot-dog-serving-tray/,https://hotdogtrays.com/product/hot-dog-serving-tray/,Hot Dog Serving Tray 0.50,Hot Dog Serving Tray 0.50,preserved,
https://hotdogtrays.com/shop/,https://hotdogtrays.com/shop/?add-to-cart=63,,Add to cart,,removed,"Not site content: WordPress admin, Cloudflare email obfuscation, add-to-cart parameter or an external tracking parameter"
https://hotdogtrays.com/shop/,https://hotdogtrays.com/product/kraft-hot-dog-tray/,https://hotdogtrays.com/product/kraft-hot-dog-tray/,Kraft Hot Dog Tray 0.50,Kraft Hot Dog Tray 0.50,preserved,
https://hotdogtrays.com/shop/,https://hotdogtrays.com/shop/?add-to-cart=76,,Add to cart,,removed,"Not site content: WordPress admin, Cloudflare email obfuscation, add-to-cart parameter or an external tracking parameter"
https://hotdogtrays.com/shop/,https://hotdogtrays.com/product/paper-hot-dog-trays/,https://hotdogtrays.com/product/paper-hot-dog-trays/,Paper Hot Dog Trays 0.50,Paper Hot Dog Trays 0.50,preserved,
https://hotdogtrays.com/shop/,https://hotdogtrays.com/shop/?add-to-cart=66,,Add to cart,,removed,"Not site content: WordPress admin, Cloudflare email obfuscation, add-to-cart parameter or an external tracking parameter"
https://hotdogtrays.com/shop/,https://hotdogtrays.com/product/plastic-hot-dog-trays/,https://hotdogtrays.com/product/plastic-hot-dog-trays/,Plastic Hot Dog Trays 0.50,Plastic Hot Dog Trays 0.50,preserved,
https://hotdogtrays.com/shop/,https://hotdogtrays.com/shop/?add-to-cart=70,,Add to cart,,removed,"Not site content: WordPress admin, Cloudflare email obfuscation, add-to-cart parameter or an external tracking parameter"
https://hotdogtrays.com/shop/,https://hotdogtrays.com/product/red-and-white-hot-dog-trays/,https://hotdogtrays.com/product/red-and-white-hot-dog-trays/,Red and White Hot Dog Trays 0.50,Red and White Hot Dog Trays 0.50,preserved,
https://hotdogtrays.com/shop/,https://hotdogtrays.com/shop/?add-to-cart=75,,Add to cart,,removed,"Not site content: WordPress admin, Cloudflare email obfuscation, add-to-cart parameter or an external tracking parameter"
https://hotdogtrays.com/shop/,https://hotdogtrays.com/,https://hotdogtrays.com/,Home,Home,preserved,
https://hotdogtrays.com/shop/,https://hotdogtrays.com/shop/,https://hotdogtrays.com/shop/,All Products,All Products,preserved,
https://hotdogtrays.com/shop/,https://hotdogtrays.com/blog/,,Blog,,removed,Link not present after rebuild — review
https://hotdogtrays.com/shop/,https://hotdogtrays.com/faq/,https://hotdogtrays.com/faq/,FAQ,FAQ,preserved,
https://hotdogtrays.com/shop/,https://hotdogtrays.com/shipping/,https://hotdogtrays.com/shipping/,Shipping Info,Shipping Info,preserved,
https://hotdogtrays.com/shop/,https://hotdogtrays.com/privacy-policy/,https://hotdogtrays.com/privacy-policy/,Privacy Policy,Privacy Policy,preserved,
https://hotdogtrays.com/shop/,https://hotdogtrays.com/terms-conditions/,https://hotdogtrays.com/terms-conditions/,Terms & Conditions,Terms & Conditions,preserved,
https://hotdogtrays.com/shop/,https://hotdogtrays.com/product/red-and-white-hot-dog-trays/,https://hotdogtrays.com/product/red-and-white-hot-dog-trays/,Red & White Hot Dog Trays,Red & White Hot Dog Trays,preserved,
https://hotdogtrays.com/shop/,https://hotdogtrays.com/cdn-cgi/l/email-protection#026b6c646d426a6d76666d657670637b712c616d6f,,[emailprotected],,removed,"Not site content: WordPress admin, Cloudflare email obfuscation, add-to-cart parameter or an external tracking parameter"
https://hotdogtrays.com/shop/,https://hotdogtrays.com/,https://hotdogtrays.com/,HotDogTrays.com,HotDogTrays.com,preserved,
https://hotdogtrays.com/checkout/,https://hotdogtrays.com/,,🌭 HotDogTrays Premium Wholesale Trays,,removed,Cart/checkout page retired in the quotation model
https://hotdogtrays.com/checkout/,https://hotdogtrays.com/shop/,,All Products ▼,,removed,Cart/checkout page retired in the quotation model
https://hotdogtrays.com/checkout/,https://hotdogtrays.com/product/hot-dog-serving-tray/,,Hot Dog Serving Tray,,removed,Cart/checkout page retired in the quotation model
https://hotdogtrays.com/checkout/,https://hotdogtrays.com/product/hot-dog-food-tray/,,Hot Dog Food Tray,,removed,Cart/checkout page retired in the quotation model
https://hotdogtrays.com/checkout/,https://hotdogtrays.com/product/hot-dog-plates/,,Hot Dog Plates,,removed,Cart/checkout page retired in the quotation model
https://hotdogtrays.com/checkout/,https://hotdogtrays.com/product/paper-hot-dog-trays/,,Paper Hot Dog Trays,,removed,Cart/checkout page retired in the quotation model
https://hotdogtrays.com/checkout/,https://hotdogtrays.com/product/hot-dog-paper-holders/,,Hot Dog Paper Holders,,removed,Cart/checkout page retired in the quotation model
https://hotdogtrays.com/checkout/,https://hotdogtrays.com/product/disposable-hot-dog-trays/,,Disposable Hot Dog Trays,,removed,Cart/checkout page retired in the quotation model
https://hotdogtrays.com/checkout/,https://hotdogtrays.com/product/hot-dog-boats-paper/,,Hot Dog Boats Paper,,removed,Cart/checkout page retired in the quotation model
https://hotdogtrays.com/checkout/,https://hotdogtrays.com/product/plastic-hot-dog-trays/,,Plastic Hot Dog Trays,,removed,Cart/checkout page retired in the quotation model
https://hotdogtrays.com/checkout/,https://hotdogtrays.com/product/hot-dog-container-paper/,,Hot Dog Container Paper,,removed,Cart/checkout page retired in the quotation model
https://hotdogtrays.com/checkout/,https://hotdogtrays.com/product/cardboard-hot-dog-holders/,,Cardboard Hot Dog Holders,,removed,Cart/checkout page retired in the quotation model
https://hotdogtrays.com/checkout/,https://hotdogtrays.com/product/disposable-hot-dog-holders/,,Disposable Hot Dog Holders,,removed,Cart/checkout page retired in the quotation model
https://hotdogtrays.com/checkout/,https://hotdogtrays.com/product/cardboard-hot-dog-trays/,,Cardboard Hot Dog Trays,,removed,Cart/checkout page retired in the quotation model
https://hotdogtrays.com/checkout/,https://hotdogtrays.com/product/red-and-white-hot-dog-trays/,,Red and White Hot Dog Trays,,removed,Cart/checkout page retired in the quotation model
https://hotdogtrays.com/checkout/,https://hotdogtrays.com/product/kraft-hot-dog-tray/,,Kraft Hot Dog Tray,,removed,Cart/checkout page retired in the quotation model
https://hotdogtrays.com/checkout/,https://hotdogtrays.com/about/,,About Us,,removed,Cart/checkout page retired in the quotation model
https://hotdogtrays.com/checkout/,https://hotdogtrays.com/contact/,,Contact,,removed,Cart/checkout page retired in the quotation model
https://hotdogtrays.com/checkout/,https://hotdogtrays.com/cdn-cgi/l/email-protection#264f484049664e49524249415254475f550845494b,,✉️ Email Us,,removed,"Not site content: WordPress admin, Cloudflare email obfuscation, add-to-cart parameter or an external tracking parameter"
https://hotdogtrays.com/checkout/,https://hotdogtrays.com/get-quote/,,Get Free Quote,,removed,Cart/checkout page retired in the quotation model
https://hotdogtrays.com/checkout/,https://hotdogtrays.com/cdn-cgi/l/email-protection#2a43444c456a42455e4e454d5e584b535904494547,,✉️ [emailprotected],,removed,"Not site content: WordPress admin, Cloudflare email obfuscation, add-to-cart parameter or an external tracking parameter"
https://hotdogtrays.com/checkout/,https://hotdogtrays.com/cart/?add-to-cart=76,,Add to cart,,removed,"Not site content: WordPress admin, Cloudflare email obfuscation, add-to-cart parameter or an external tracking parameter"
https://hotdogtrays.com/checkout/,https://hotdogtrays.com/cart/?add-to-cart=75,,Add to cart,,removed,"Not site content: WordPress admin, Cloudflare email obfuscation, add-to-cart parameter or an external tracking parameter"
https://hotdogtrays.com/checkout/,https://hotdogtrays.com/cart/?add-to-cart=74,,Add to cart,,removed,"Not site content: WordPress admin, Cloudflare email obfuscation, add-to-cart parameter or an external tracking parameter"
https://hotdogtrays.com/checkout/,https://hotdogtrays.com/cart/?add-to-cart=73,,Add to cart,,removed,"Not site content: WordPress admin, Cloudflare email obfuscation, add-to-cart parameter or an external tracking parameter"
https://hotdogtrays.com/checkout/,https://hotdogtrays.com/,,Home,,removed,Cart/checkout page retired in the quotation model
https://hotdogtrays.com/checkout/,https://hotdogtrays.com/shop/,,All Products,,removed,Cart/checkout page retired in the quotation model
https://hotdogtrays.com/checkout/,https://hotdogtrays.com/blog/,,Blog,,removed,Cart/checkout page retired in the quotation model
https://hotdogtrays.com/checkout/,https://hotdogtrays.com/faq/,,FAQ,,removed,Cart/checkout page retired in the quotation model
https://hotdogtrays.com/checkout/,https://hotdogtrays.com/shipping/,,Shipping Info,,removed,Cart/checkout page retired in the quotation model
https://hotdogtrays.com/checkout/,https://hotdogtrays.com/privacy-policy/,,Privacy Policy,,removed,Cart/checkout page retired in the quotation model
https://hotdogtrays.com/checkout/,https://hotdogtrays.com/terms-conditions/,,Terms & Conditions,,removed,Cart/checkout page retired in the quotation model
https://hotdogtrays.com/checkout/,https://hotdogtrays.com/product/red-and-white-hot-dog-trays/,,Red & White Hot Dog Trays,,removed,Cart/checkout page retired in the quotation model
https://hotdogtrays.com/checkout/,https://hotdogtrays.com/cdn-cgi/l/email-protection#fb92959d94bb93948f9f949c8f899a8288d5989496,,[emailprotected],,removed,"Not site content: WordPress admin, Cloudflare email obfuscation, add-to-cart parameter or an external tracking parameter"
https://hotdogtrays.com/checkout/,https://hotdogtrays.com/,,HotDogTrays.com,,removed,Cart/checkout page retired in the quotation model
https://hotdogtrays.com/about/,https://hotdogtrays.com/,https://hotdogtrays.com/,🌭 HotDogTrays Premium Wholesale Trays,🌭 HotDogTrays Premium Wholesale Trays,preserved,
https://hotdogtrays.com/about/,https://hotdogtrays.com/shop/,https://hotdogtrays.com/shop/,All Products ▼,All Products ▼,preserved,
https://hotdogtrays.com/about/,https://hotdogtrays.com/product/hot-dog-serving-tray/,https://hotdogtrays.com/product/hot-dog-serving-tray/,Hot Dog Serving Tray,Hot Dog Serving Tray,preserved,
https://hotdogtrays.com/about/,https://hotdogtrays.com/product/hot-dog-food-tray/,https://hotdogtrays.com/product/hot-dog-food-tray/,Hot Dog Food Tray,Hot Dog Food Tray,preserved,
https://hotdogtrays.com/about/,https://hotdogtrays.com/product/hot-dog-plates/,https://hotdogtrays.com/product/hot-dog-plates/,Hot Dog Plates,Hot Dog Plates,preserved,
https://hotdogtrays.com/about/,https://hotdogtrays.com/product/paper-hot-dog-trays/,https://hotdogtrays.com/product/paper-hot-dog-trays/,Paper Hot Dog Trays,Paper Hot Dog Trays,preserved,
https://hotdogtrays.com/about/,https://hotdogtrays.com/product/hot-dog-paper-holders/,https://hotdogtrays.com/product/hot-dog-paper-holders/,Hot Dog Paper Holders,Hot Dog Paper Holders,preserved,
https://hotdogtrays.com/about/,https://hotdogtrays.com/product/disposable-hot-dog-trays/,https://hotdogtrays.com/product/disposable-hot-dog-trays/,Disposable Hot Dog Trays,Disposable Hot Dog Trays,preserved,
https://hotdogtrays.com/about/,https://hotdogtrays.com/product/hot-dog-boats-paper/,https://hotdogtrays.com/product/hot-dog-boats-paper/,Hot Dog Boats Paper,Hot Dog Boats Paper,preserved,
https://hotdogtrays.com/about/,https://hotdogtrays.com/product/plastic-hot-dog-trays/,https://hotdogtrays.com/product/plastic-hot-dog-trays/,Plastic Hot Dog Trays,Plastic Hot Dog Trays,preserved,
https://hotdogtrays.com/about/,https://hotdogtrays.com/product/hot-dog-container-paper/,https://hotdogtrays.com/product/hot-dog-container-paper/,Hot Dog Container Paper,Hot Dog Container Paper,preserved,
https://hotdogtrays.com/about/,https://hotdogtrays.com/product/cardboard-hot-dog-holders/,https://hotdogtrays.com/product/cardboard-hot-dog-holders/,Cardboard Hot Dog Holders,Cardboard Hot Dog Holders,preserved,
https://hotdogtrays.com/about/,https://hotdogtrays.com/product/disposable-hot-dog-holders/,https://hotdogtrays.com/product/disposable-hot-dog-holders/,Disposable Hot Dog Holders,Disposable Hot Dog Holders,preserved,
https://hotdogtrays.com/about/,https://hotdogtrays.com/product/cardboard-hot-dog-trays/,https://hotdogtrays.com/product/cardboard-hot-dog-trays/,Cardboard Hot Dog Trays,Cardboard Hot Dog Trays,preserved,
https://hotdogtrays.com/about/,https://hotdogtrays.com/product/red-and-white-hot-dog-trays/,https://hotdogtrays.com/product/red-and-white-hot-dog-trays/,Red and White Hot Dog Trays,Red and White Hot Dog Trays,preserved,
https://hotdogtrays.com/about/,https://hotdogtrays.com/product/kraft-hot-dog-tray/,https://hotdogtrays.com/product/kraft-hot-dog-tray/,Kraft Hot Dog Tray,Kraft Hot Dog Tray,preserved,
https://hotdogtrays.com/about/,https://hotdogtrays.com/about/,https://hotdogtrays.com/about/,About Us,About Us,preserved,
https://hotdogtrays.com/about/,https://hotdogtrays.com/contact/,https://hotdogtrays.com/contact/,Contact,Contact,preserved,
https://hotdogtrays.com/about/,https://hotdogtrays.com/cdn-cgi/l/email-protection#86efe8e0e9c6eee9f2e2e9e1f2f4e7fff5a8e5e9eb,,✉️ Email Us,,removed,"Not site content: WordPress admin, Cloudflare email obfuscation, add-to-cart parameter or an external tracking parameter"
https://hotdogtrays.com/about/,https://hotdogtrays.com/get-quote/,https://hotdogtrays.com/get-quote/,Get Free Quote,Get Free Quote,preserved,
https://hotdogtrays.com/about/,https://hotdogtrays.com/cdn-cgi/l/email-protection#1b72757d745b73746f7f747c6f697a626835787476,,✉️ [emailprotected],,removed,"Not site content: WordPress admin, Cloudflare email obfuscation, add-to-cart parameter or an external tracking parameter"
https://hotdogtrays.com/about/,https://hotdogtrays.com/contact/,https://hotdogtrays.com/contact/,Contact Us,Contact Us,preserved,
https://hotdogtrays.com/about/,https://hotdogtrays.com/privacy-policy/,https://hotdogtrays.com/privacy-policy/,Privacy Policy,Privacy Policy,preserved,
https://hotdogtrays.com/about/,https://hotdogtrays.com/cdn-cgi/l/email-protection#40292e262f00282f34242f2734322139336e232f2d,,[emailprotected],,removed,"Not site content: WordPress admin, Cloudflare email obfuscation, add-to-cart parameter or an external tracking parameter"
https://hotdogtrays.com/about/,https://hotdogtrays.com/,https://hotdogtrays.com/,Home,Home,preserved,
https://hotdogtrays.com/about/,https://hotdogtrays.com/shop/,https://hotdogtrays.com/shop/,All Products,All Products,preserved,
https://hotdogtrays.com/about/,https://hotdogtrays.com/blog/,,Blog,,removed,Link not present after rebuild — review
https://hotdogtrays.com/about/,https://hotdogtrays.com/faq/,https://hotdogtrays.com/faq/,FAQ,FAQ,preserved,
https://hotdogtrays.com/about/,https://hotdogtrays.com/shipping/,https://hotdogtrays.com/shipping/,Shipping Info,Shipping Info,preserved,
https://hotdogtrays.com/about/,https://hotdogtrays.com/terms-conditions/,https://hotdogtrays.com/terms-conditions/,Terms & Conditions,Terms & Conditions,preserved,
https://hotdogtrays.com/about/,https://hotdogtrays.com/product/red-and-white-hot-dog-trays/,https://hotdogtrays.com/product/red-and-white-hot-dog-trays/,Red & White Hot Dog Trays,Red & White Hot Dog Trays,preserved,
https://hotdogtrays.com/about/,https://hotdogtrays.com/cdn-cgi/l/email-protection#96fff8f0f9d6fef9e2f2f9f1e2e4f7efe5b8f5f9fb,,[emailprotected],,removed,"Not site content: WordPress admin, Cloudflare email obfuscation, add-to-cart parameter or an external tracking parameter"
https://hotdogtrays.com/about/,https://hotdogtrays.com/,https://hotdogtrays.com/,HotDogTrays.com,HotDogTrays.com,preserved,
https://hotdogtrays.com/privacy-policy/,https://hotdogtrays.com/,https://hotdogtrays.com/,🌭 HotDogTrays Premium Wholesale Trays,🌭 HotDogTrays Premium Wholesale Trays,preserved,
https://hotdogtrays.com/privacy-policy/,https://hotdogtrays.com/shop/,https://hotdogtrays.com/shop/,All Products ▼,All Products ▼,preserved,
https://hotdogtrays.com/privacy-policy/,https://hotdogtrays.com/product/hot-dog-serving-tray/,https://hotdogtrays.com/product/hot-dog-serving-tray/,Hot Dog Serving Tray,Hot Dog Serving Tray,preserved,
https://hotdogtrays.com/privacy-policy/,https://hotdogtrays.com/product/hot-dog-food-tray/,https://hotdogtrays.com/product/hot-dog-food-tray/,Hot Dog Food Tray,Hot Dog Food Tray,preserved,
https://hotdogtrays.com/privacy-policy/,https://hotdogtrays.com/product/hot-dog-plates/,https://hotdogtrays.com/product/hot-dog-plates/,Hot Dog Plates,Hot Dog Plates,preserved,
https://hotdogtrays.com/privacy-policy/,https://hotdogtrays.com/product/paper-hot-dog-trays/,https://hotdogtrays.com/product/paper-hot-dog-trays/,Paper Hot Dog Trays,Paper Hot Dog Trays,preserved,
https://hotdogtrays.com/privacy-policy/,https://hotdogtrays.com/product/hot-dog-paper-holders/,https://hotdogtrays.com/product/hot-dog-paper-holders/,Hot Dog Paper Holders,Hot Dog Paper Holders,preserved,
https://hotdogtrays.com/privacy-policy/,https://hotdogtrays.com/product/disposable-hot-dog-trays/,https://hotdogtrays.com/product/disposable-hot-dog-trays/,Disposable Hot Dog Trays,Disposable Hot Dog Trays,preserved,
https://hotdogtrays.com/privacy-policy/,https://hotdogtrays.com/product/hot-dog-boats-paper/,https://hotdogtrays.com/product/hot-dog-boats-paper/,Hot Dog Boats Paper,Hot Dog Boats Paper,preserved,
https://hotdogtrays.com/privacy-policy/,https://hotdogtrays.com/product/plastic-hot-dog-trays/,https://hotdogtrays.com/product/plastic-hot-dog-trays/,Plastic Hot Dog Trays,Plastic Hot Dog Trays,preserved,
https://hotdogtrays.com/privacy-policy/,https://hotdogtrays.com/product/hot-dog-container-paper/,https://hotdogtrays.com/product/hot-dog-container-paper/,Hot Dog Container Paper,Hot Dog Container Paper,preserved,
https://hotdogtrays.com/privacy-policy/,https://hotdogtrays.com/product/cardboard-hot-dog-holders/,https://hotdogtrays.com/product/cardboard-hot-dog-holders/,Cardboard Hot Dog Holders,Cardboard Hot Dog Holders,preserved,
https://hotdogtrays.com/privacy-policy/,https://hotdogtrays.com/product/disposable-hot-dog-holders/,https://hotdogtrays.com/product/disposable-hot-dog-holders/,Disposable Hot Dog Holders,Disposable Hot Dog Holders,preserved,
https://hotdogtrays.com/privacy-policy/,https://hotdogtrays.com/product/cardboard-hot-dog-trays/,https://hotdogtrays.com/product/cardboard-hot-dog-trays/,Cardboard Hot Dog Trays,Cardboard Hot Dog Trays,preserved,
https://hotdogtrays.com/privacy-policy/,https://hotdogtrays.com/product/red-and-white-hot-dog-trays/,https://hotdogtrays.com/product/red-and-white-hot-dog-trays/,Red and White Hot Dog Trays,Red and White Hot Dog Trays,preserved,
https://hotdogtrays.com/privacy-policy/,https://hotdogtrays.com/product/kraft-hot-dog-tray/,https://hotdogtrays.com/product/kraft-hot-dog-tray/,Kraft Hot Dog Tray,Kraft Hot Dog Tray,preserved,
https://hotdogtrays.com/privacy-policy/,https://hotdogtrays.com/about/,https://hotdogtrays.com/about/,About Us,About Us,preserved,
https://hotdogtrays.com/privacy-policy/,https://hotdogtrays.com/contact/,https://hotdogtrays.com/contact/,Contact,Contact,preserved,
https://hotdogtrays.com/privacy-policy/,https://hotdogtrays.com/cdn-cgi/l/email-protection#5d34333b321d35322939323a292f3c242e733e3230,,✉️ Email Us,,removed,"Not site content: WordPress admin, Cloudflare email obfuscation, add-to-cart parameter or an external tracking parameter"
https://hotdogtrays.com/privacy-policy/,https://hotdogtrays.com/get-quote/,https://hotdogtrays.com/get-quote/,Get Free Quote,Get Free Quote,preserved,
https://hotdogtrays.com/privacy-policy/,https://hotdogtrays.com/cdn-cgi/l/email-protection#a7cec9c1c8e7cfc8d3c3c8c0d3d5c6ded489c4c8ca,,✉️ [emailprotected],,removed,"Not site content: WordPress admin, Cloudflare email obfuscation, add-to-cart parameter or an external tracking parameter"
https://hotdogtrays.com/privacy-policy/,https://hotdogtrays.com/?utm_source=chatgpt.com,,https://hotdogtrays.com/,,removed,"Not site content: WordPress admin, Cloudflare email obfuscation, add-to-cart parameter or an external tracking parameter"
https://hotdogtrays.com/privacy-policy/,https://hotdogtrays.com/,https://hotdogtrays.com/,Home,Home,preserved,
https://hotdogtrays.com/privacy-policy/,https://hotdogtrays.com/shop/,https://hotdogtrays.com/shop/,All Products,All Products,preserved,
https://hotdogtrays.com/privacy-policy/,https://hotdogtrays.com/blog/,,Blog,,removed,Link not present after rebuild — review
https://hotdogtrays.com/privacy-policy/,https://hotdogtrays.com/faq/,https://hotdogtrays.com/faq/,FAQ,FAQ,preserved,
https://hotdogtrays.com/privacy-policy/,https://hotdogtrays.com/shipping/,https://hotdogtrays.com/shipping/,Shipping Info,Shipping Info,preserved,
https://hotdogtrays.com/privacy-policy/,https://hotdogtrays.com/privacy-policy/,https://hotdogtrays.com/privacy-policy/,Privacy Policy,Privacy Policy,preserved,
https://hotdogtrays.com/privacy-policy/,https://hotdogtrays.com/terms-conditions/,https://hotdogtrays.com/terms-conditions/,Terms & Conditions,Terms & Conditions,preserved,
https://hotdogtrays.com/privacy-policy/,https://hotdogtrays.com/product/red-and-white-hot-dog-trays/,https://hotdogtrays.com/product/red-and-white-hot-dog-trays/,Red & White Hot Dog Trays,Red & White Hot Dog Trays,preserved,
https://hotdogtrays.com/privacy-policy/,https://hotdogtrays.com/cdn-cgi/l/email-protection#81e8efe7eec1e9eef5e5eee6f5f3e0f8f2afe2eeec,,[emailprotected],,removed,"Not site content: WordPress admin, Cloudflare email obfuscation, add-to-cart parameter or an external tracking parameter"
https://hotdogtrays.com/privacy-policy/,https://hotdogtrays.com/,https://hotdogtrays.com/,HotDogTrays.com,HotDogTrays.com,preserved,
https://hotdogtrays.com/terms-conditions/,https://hotdogtrays.com/,https://hotdogtrays.com/,🌭 HotDogTrays Premium Wholesale Trays,🌭 HotDogTrays Premium Wholesale Trays,preserved,
https://hotdogtrays.com/terms-conditions/,https://hotdogtrays.com/shop/,https://hotdogtrays.com/shop/,All Products ▼,All Products ▼,preserved,
https://hotdogtrays.com/terms-conditions/,https://hotdogtrays.com/product/hot-dog-serving-tray/,https://hotdogtrays.com/product/hot-dog-serving-tray/,Hot Dog Serving Tray,Hot Dog Serving Tray,preserved,
https://hotdogtrays.com/terms-conditions/,https://hotdogtrays.com/product/hot-dog-food-tray/,https://hotdogtrays.com/product/hot-dog-food-tray/,Hot Dog Food Tray,Hot Dog Food Tray,preserved,
https://hotdogtrays.com/terms-conditions/,https://hotdogtrays.com/product/hot-dog-plates/,https://hotdogtrays.com/product/hot-dog-plates/,Hot Dog Plates,Hot Dog Plates,preserved,
https://hotdogtrays.com/terms-conditions/,https://hotdogtrays.com/product/paper-hot-dog-trays/,https://hotdogtrays.com/product/paper-hot-dog-trays/,Paper Hot Dog Trays,Paper Hot Dog Trays,preserved,
https://hotdogtrays.com/terms-conditions/,https://hotdogtrays.com/product/hot-dog-paper-holders/,https://hotdogtrays.com/product/hot-dog-paper-holders/,Hot Dog Paper Holders,Hot Dog Paper Holders,preserved,
https://hotdogtrays.com/terms-conditions/,https://hotdogtrays.com/product/disposable-hot-dog-trays/,https://hotdogtrays.com/product/disposable-hot-dog-trays/,Disposable Hot Dog Trays,Disposable Hot Dog Trays,preserved,
https://hotdogtrays.com/terms-conditions/,https://hotdogtrays.com/product/hot-dog-boats-paper/,https://hotdogtrays.com/product/hot-dog-boats-paper/,Hot Dog Boats Paper,Hot Dog Boats Paper,preserved,
https://hotdogtrays.com/terms-conditions/,https://hotdogtrays.com/product/plastic-hot-dog-trays/,https://hotdogtrays.com/product/plastic-hot-dog-trays/,Plastic Hot Dog Trays,Plastic Hot Dog Trays,preserved,
https://hotdogtrays.com/terms-conditions/,https://hotdogtrays.com/product/hot-dog-container-paper/,https://hotdogtrays.com/product/hot-dog-container-paper/,Hot Dog Container Paper,Hot Dog Container Paper,preserved,
https://hotdogtrays.com/terms-conditions/,https://hotdogtrays.com/product/cardboard-hot-dog-holders/,https://hotdogtrays.com/product/cardboard-hot-dog-holders/,Cardboard Hot Dog Holders,Cardboard Hot Dog Holders,preserved,
https://hotdogtrays.com/terms-conditions/,https://hotdogtrays.com/product/disposable-hot-dog-holders/,https://hotdogtrays.com/product/disposable-hot-dog-holders/,Disposable Hot Dog Holders,Disposable Hot Dog Holders,preserved,
https://hotdogtrays.com/terms-conditions/,https://hotdogtrays.com/product/cardboard-hot-dog-trays/,https://hotdogtrays.com/product/cardboard-hot-dog-trays/,Cardboard Hot Dog Trays,Cardboard Hot Dog Trays,preserved,
https://hotdogtrays.com/terms-conditions/,https://hotdogtrays.com/product/red-and-white-hot-dog-trays/,https://hotdogtrays.com/product/red-and-white-hot-dog-trays/,Red and White Hot Dog Trays,Red and White Hot Dog Trays,preserved,
https://hotdogtrays.com/terms-conditions/,https://hotdogtrays.com/product/kraft-hot-dog-tray/,https://hotdogtrays.com/product/kraft-hot-dog-tray/,Kraft Hot Dog Tray,Kraft Hot Dog Tray,preserved,
https://hotdogtrays.com/terms-conditions/,https://hotdogtrays.com/about/,https://hotdogtrays.com/about/,About Us,About Us,preserved,
https://hotdogtrays.com/terms-conditions/,https://hotdogtrays.com/contact/,https://hotdogtrays.com/contact/,Contact,Contact,preserved,
https://hotdogtrays.com/terms-conditions/,https://hotdogtrays.com/cdn-cgi/l/email-protection#deb7b0b8b19eb6b1aabab1b9aaacbfa7adf0bdb1b3,,✉️ Email Us,,removed,"Not site content: WordPress admin, Cloudflare email obfuscation, add-to-cart parameter or an external tracking parameter"
https://hotdogtrays.com/terms-conditions/,https://hotdogtrays.com/get-quote/,https://hotdogtrays.com/get-quote/,Get Free Quote,Get Free Quote,preserved,
https://hotdogtrays.com/terms-conditions/,https://hotdogtrays.com/cdn-cgi/l/email-protection#8ee7e0e8e1cee6e1faeae1e9fafceff7fda0ede1e3,,✉️ [emailprotected],,removed,"Not site content: WordPress admin, Cloudflare email obfuscation, add-to-cart parameter or an external tracking parameter"
https://hotdogtrays.com/terms-conditions/,https://hotdogtrays.com/?utm_source=chatgpt.com,,https://hotdogtrays.com/,,removed,"Not site content: WordPress admin, Cloudflare email obfuscation, add-to-cart parameter or an external tracking parameter"
https://hotdogtrays.com/terms-conditions/,https://hotdogtrays.com/,https://hotdogtrays.com/,Home,Home,preserved,
https://hotdogtrays.com/terms-conditions/,https://hotdogtrays.com/shop/,https://hotdogtrays.com/shop/,All Products,All Products,preserved,
https://hotdogtrays.com/terms-conditions/,https://hotdogtrays.com/blog/,,Blog,,removed,Link not present after rebuild — review
https://hotdogtrays.com/terms-conditions/,https://hotdogtrays.com/faq/,https://hotdogtrays.com/faq/,FAQ,FAQ,preserved,
https://hotdogtrays.com/terms-conditions/,https://hotdogtrays.com/shipping/,https://hotdogtrays.com/shipping/,Shipping Info,Shipping Info,preserved,
https://hotdogtrays.com/terms-conditions/,https://hotdogtrays.com/privacy-policy/,https://hotdogtrays.com/privacy-policy/,Privacy Policy,Privacy Policy,preserved,
https://hotdogtrays.com/terms-conditions/,https://hotdogtrays.com/terms-conditions/,https://hotdogtrays.com/terms-conditions/,Terms & Conditions,Terms & Conditions,preserved,
https://hotdogtrays.com/terms-conditions/,https://hotdogtrays.com/product/red-and-white-hot-dog-trays/,https://hotdogtrays.com/product/red-and-white-hot-dog-trays/,Red & White Hot Dog Trays,Red & White Hot Dog Trays,preserved,
https://hotdogtrays.com/terms-conditions/,https://hotdogtrays.com/cdn-cgi/l/email-protection#f1989f979eb1999e85959e968583908882df929e9c,,[emailprotected],,removed,"Not site content: WordPress admin, Cloudflare email obfuscation, add-to-cart parameter or an external tracking parameter"
https://hotdogtrays.com/terms-conditions/,https://hotdogtrays.com/,https://hotdogtrays.com/,HotDogTrays.com,HotDogTrays.com,preserved,
https://hotdogtrays.com/faq/,https://hotdogtrays.com/,https://hotdogtrays.com/,🌭 HotDogTrays Premium Wholesale Trays,🌭 HotDogTrays Premium Wholesale Trays,preserved,
https://hotdogtrays.com/faq/,https://hotdogtrays.com/shop/,https://hotdogtrays.com/shop/,All Products ▼,All Products ▼,preserved,
https://hotdogtrays.com/faq/,https://hotdogtrays.com/product/hot-dog-serving-tray/,https://hotdogtrays.com/product/hot-dog-serving-tray/,Hot Dog Serving Tray,Hot Dog Serving Tray,preserved,
https://hotdogtrays.com/faq/,https://hotdogtrays.com/product/hot-dog-food-tray/,https://hotdogtrays.com/product/hot-dog-food-tray/,Hot Dog Food Tray,Hot Dog Food Tray,preserved,
https://hotdogtrays.com/faq/,https://hotdogtrays.com/product/hot-dog-plates/,https://hotdogtrays.com/product/hot-dog-plates/,Hot Dog Plates,Hot Dog Plates,preserved,
https://hotdogtrays.com/faq/,https://hotdogtrays.com/product/paper-hot-dog-trays/,https://hotdogtrays.com/product/paper-hot-dog-trays/,Paper Hot Dog Trays,Paper Hot Dog Trays,preserved,
https://hotdogtrays.com/faq/,https://hotdogtrays.com/product/hot-dog-paper-holders/,https://hotdogtrays.com/product/hot-dog-paper-holders/,Hot Dog Paper Holders,Hot Dog Paper Holders,preserved,
https://hotdogtrays.com/faq/,https://hotdogtrays.com/product/disposable-hot-dog-trays/,https://hotdogtrays.com/product/disposable-hot-dog-trays/,Disposable Hot Dog Trays,Disposable Hot Dog Trays,preserved,
https://hotdogtrays.com/faq/,https://hotdogtrays.com/product/hot-dog-boats-paper/,https://hotdogtrays.com/product/hot-dog-boats-paper/,Hot Dog Boats Paper,Hot Dog Boats Paper,preserved,
https://hotdogtrays.com/faq/,https://hotdogtrays.com/product/plastic-hot-dog-trays/,https://hotdogtrays.com/product/plastic-hot-dog-trays/,Plastic Hot Dog Trays,Plastic Hot Dog Trays,preserved,
https://hotdogtrays.com/faq/,https://hotdogtrays.com/product/hot-dog-container-paper/,https://hotdogtrays.com/product/hot-dog-container-paper/,Hot Dog Container Paper,Hot Dog Container Paper,preserved,
https://hotdogtrays.com/faq/,https://hotdogtrays.com/product/cardboard-hot-dog-holders/,https://hotdogtrays.com/product/cardboard-hot-dog-holders/,Cardboard Hot Dog Holders,Cardboard Hot Dog Holders,preserved,
https://hotdogtrays.com/faq/,https://hotdogtrays.com/product/disposable-hot-dog-holders/,https://hotdogtrays.com/product/disposable-hot-dog-holders/,Disposable Hot Dog Holders,Disposable Hot Dog Holders,preserved,
https://hotdogtrays.com/faq/,https://hotdogtrays.com/product/cardboard-hot-dog-trays/,https://hotdogtrays.com/product/cardboard-hot-dog-trays/,Cardboard Hot Dog Trays,Cardboard Hot Dog Trays,preserved,
https://hotdogtrays.com/faq/,https://hotdogtrays.com/product/red-and-white-hot-dog-trays/,https://hotdogtrays.com/product/red-and-white-hot-dog-trays/,Red and White Hot Dog Trays,Red and White Hot Dog Trays,preserved,
https://hotdogtrays.com/faq/,https://hotdogtrays.com/product/kraft-hot-dog-tray/,https://hotdogtrays.com/product/kraft-hot-dog-tray/,Kraft Hot Dog Tray,Kraft Hot Dog Tray,preserved,
https://hotdogtrays.com/faq/,https://hotdogtrays.com/about/,https://hotdogtrays.com/about/,About Us,About Us,preserved,
https://hotdogtrays.com/faq/,https://hotdogtrays.com/contact/,https://hotdogtrays.com/contact/,Contact,Contact,preserved,
https://hotdogtrays.com/faq/,https://hotdogtrays.com/cdn-cgi/l/email-protection#e28b8c848da28a8d96868d859690839b91cc818d8f,,✉️ Email Us,,removed,"Not site content: WordPress admin, Cloudflare email obfuscation, add-to-cart parameter or an external tracking parameter"
https://hotdogtrays.com/faq/,https://hotdogtrays.com/get-quote/,https://hotdogtrays.com/get-quote/,Get Free Quote,Get Free Quote,preserved,
https://hotdogtrays.com/faq/,https://hotdogtrays.com/cdn-cgi/l/email-protection#92fbfcf4fdd2fafde6f6fdf5e6e0f3ebe1bcf1fdff,,✉️ [emailprotected],,removed,"Not site content: WordPress admin, Cloudflare email obfuscation, add-to-cart parameter or an external tracking parameter"
https://hotdogtrays.com/faq/,https://hotdogtrays.com/contact/,https://hotdogtrays.com/contact/,contact us,contact us,preserved,
https://hotdogtrays.com/faq/,https://hotdogtrays.com/get-quote/,https://hotdogtrays.com/get-quote/,quote form,quote form,preserved,
https://hotdogtrays.com/faq/,https://hotdogtrays.com/get-quote/,https://hotdogtrays.com/get-quote/,free quote,free quote,preserved,
https://hotdogtrays.com/faq/,https://hotdogtrays.com/returns-policy/,https://hotdogtrays.com/terms-conditions/,Returns & Refunds Policy,Returns & Refunds Policy,updated,Destination consolidated; link now points at the final canonical URL instead of through a redirect
https://hotdogtrays.com/faq/,https://hotdogtrays.com/contact/,https://hotdogtrays.com/contact/,Contact Support,Contact Support,preserved,
https://hotdogtrays.com/faq/,https://hotdogtrays.com/privacy-policy/,https://hotdogtrays.com/privacy-policy/,Privacy Policy,Privacy Policy,preserved,
https://hotdogtrays.com/faq/,https://hotdogtrays.com/cdn-cgi/l/email-protection#71181f171e31191e05151e1605031008025f121e1c,,[emailprotected],,removed,"Not site content: WordPress admin, Cloudflare email obfuscation, add-to-cart parameter or an external tracking parameter"
https://hotdogtrays.com/faq/,https://hotdogtrays.com/,https://hotdogtrays.com/,Home,Home,preserved,
https://hotdogtrays.com/faq/,https://hotdogtrays.com/shop/,https://hotdogtrays.com/shop/,All Products,All Products,preserved,
https://hotdogtrays.com/faq/,https://hotdogtrays.com/blog/,,Blog,,removed,Link not present after rebuild — review
https://hotdogtrays.com/faq/,https://hotdogtrays.com/faq/,https://hotdogtrays.com/faq/,FAQ,FAQ,preserved,
https://hotdogtrays.com/faq/,https://hotdogtrays.com/shipping/,https://hotdogtrays.com/shipping/,Shipping Info,Shipping Info,preserved,
https://hotdogtrays.com/faq/,https://hotdogtrays.com/terms-conditions/,https://hotdogtrays.com/terms-conditions/,Terms & Conditions,Terms & Conditions,preserved,
https://hotdogtrays.com/faq/,https://hotdogtrays.com/product/red-and-white-hot-dog-trays/,https://hotdogtrays.com/product/red-and-white-hot-dog-trays/,Red & White Hot Dog Trays,Red & White Hot Dog Trays,preserved,
https://hotdogtrays.com/faq/,https://hotdogtrays.com/cdn-cgi/l/email-protection#7e171018113e16110a1a11190a0c1f070d501d1113,,[emailprotected],,removed,"Not site content: WordPress admin, Cloudflare email obfuscation, add-to-cart parameter or an external tracking parameter"
https://hotdogtrays.com/faq/,https://hotdogtrays.com/,https://hotdogtrays.com/,HotDogTrays.com,HotDogTrays.com,preserved,
https://hotdogtrays.com/shipping/,https://hotdogtrays.com/,https://hotdogtrays.com/,🌭 HotDogTrays Premium Wholesale Trays,🌭 HotDogTrays Premium Wholesale Trays,preserved,
https://hotdogtrays.com/shipping/,https://hotdogtrays.com/shop/,https://hotdogtrays.com/shop/,All Products ▼,All Products ▼,preserved,
https://hotdogtrays.com/shipping/,https://hotdogtrays.com/product/hot-dog-serving-tray/,https://hotdogtrays.com/product/hot-dog-serving-tray/,Hot Dog Serving Tray,Hot Dog Serving Tray,preserved,
https://hotdogtrays.com/shipping/,https://hotdogtrays.com/product/hot-dog-food-tray/,https://hotdogtrays.com/product/hot-dog-food-tray/,Hot Dog Food Tray,Hot Dog Food Tray,preserved,
https://hotdogtrays.com/shipping/,https://hotdogtrays.com/product/hot-dog-plates/,https://hotdogtrays.com/product/hot-dog-plates/,Hot Dog Plates,Hot Dog Plates,preserved,
https://hotdogtrays.com/shipping/,https://hotdogtrays.com/product/paper-hot-dog-trays/,https://hotdogtrays.com/product/paper-hot-dog-trays/,Paper Hot Dog Trays,Paper Hot Dog Trays,preserved,
https://hotdogtrays.com/shipping/,https://hotdogtrays.com/product/hot-dog-paper-holders/,https://hotdogtrays.com/product/hot-dog-paper-holders/,Hot Dog Paper Holders,Hot Dog Paper Holders,preserved,
https://hotdogtrays.com/shipping/,https://hotdogtrays.com/product/disposable-hot-dog-trays/,https://hotdogtrays.com/product/disposable-hot-dog-trays/,Disposable Hot Dog Trays,Disposable Hot Dog Trays,preserved,
https://hotdogtrays.com/shipping/,https://hotdogtrays.com/product/hot-dog-boats-paper/,https://hotdogtrays.com/product/hot-dog-boats-paper/,Hot Dog Boats Paper,Hot Dog Boats Paper,preserved,
https://hotdogtrays.com/shipping/,https://hotdogtrays.com/product/plastic-hot-dog-trays/,https://hotdogtrays.com/product/plastic-hot-dog-trays/,Plastic Hot Dog Trays,Plastic Hot Dog Trays,preserved,
https://hotdogtrays.com/shipping/,https://hotdogtrays.com/product/hot-dog-container-paper/,https://hotdogtrays.com/product/hot-dog-container-paper/,Hot Dog Container Paper,Hot Dog Container Paper,preserved,
https://hotdogtrays.com/shipping/,https://hotdogtrays.com/product/cardboard-hot-dog-holders/,https://hotdogtrays.com/product/cardboard-hot-dog-holders/,Cardboard Hot Dog Holders,Cardboard Hot Dog Holders,preserved,
https://hotdogtrays.com/shipping/,https://hotdogtrays.com/product/disposable-hot-dog-holders/,https://hotdogtrays.com/product/disposable-hot-dog-holders/,Disposable Hot Dog Holders,Disposable Hot Dog Holders,preserved,
https://hotdogtrays.com/shipping/,https://hotdogtrays.com/product/cardboard-hot-dog-trays/,https://hotdogtrays.com/product/cardboard-hot-dog-trays/,Cardboard Hot Dog Trays,Cardboard Hot Dog Trays,preserved,
https://hotdogtrays.com/shipping/,https://hotdogtrays.com/product/red-and-white-hot-dog-trays/,https://hotdogtrays.com/product/red-and-white-hot-dog-trays/,Red and White Hot Dog Trays,Red and White Hot Dog Trays,preserved,
https://hotdogtrays.com/shipping/,https://hotdogtrays.com/product/kraft-hot-dog-tray/,https://hotdogtrays.com/product/kraft-hot-dog-tray/,Kraft Hot Dog Tray,Kraft Hot Dog Tray,preserved,
https://hotdogtrays.com/shipping/,https://hotdogtrays.com/about/,https://hotdogtrays.com/about/,About Us,About Us,preserved,
https://hotdogtrays.com/shipping/,https://hotdogtrays.com/contact/,https://hotdogtrays.com/contact/,Contact,Contact,preserved,
https://hotdogtrays.com/shipping/,https://hotdogtrays.com/cdn-cgi/l/email-protection#80e9eee6efc0e8eff4e4efe7f4f2e1f9f3aee3efed,,✉️ Email Us,,removed,"Not site content: WordPress admin, Cloudflare email obfuscation, add-to-cart parameter or an external tracking parameter"
https://hotdogtrays.com/shipping/,https://hotdogtrays.com/get-quote/,https://hotdogtrays.com/get-quote/,Get Free Quote,Get Free Quote,preserved,
https://hotdogtrays.com/shipping/,https://hotdogtrays.com/cdn-cgi/l/email-protection#442d2a222b042c2b30202b233036253d376a272b29,,✉️ [emailprotected],,removed,"Not site content: WordPress admin, Cloudflare email obfuscation, add-to-cart parameter or an external tracking parameter"
https://hotdogtrays.com/shipping/,https://hotdogtrays.com/cdn-cgi/l/email-protection#4c25222a230c24233828232b383e2d353f622f2321,,[emailprotected],,removed,"Not site content: WordPress admin, Cloudflare email obfuscation, add-to-cart parameter or an external tracking parameter"
https://hotdogtrays.com/shipping/,https://hotdogtrays.com/cdn-cgi/l/email-protection#b5dcdbd3daf5dddac1d1dad2c1c7d4ccc69bd6dad8,,[emailprotected],,removed,"Not site content: WordPress admin, Cloudflare email obfuscation, add-to-cart parameter or an external tracking parameter"
https://hotdogtrays.com/shipping/,https://hotdogtrays.com/,https://hotdogtrays.com/,Home,Home,preserved,
https://hotdogtrays.com/shipping/,https://hotdogtrays.com/shop/,https://hotdogtrays.com/shop/,All Products,All Products,preserved,
https://hotdogtrays.com/shipping/,https://hotdogtrays.com/blog/,,Blog,,removed,Link not present after rebuild — review
https://hotdogtrays.com/shipping/,https://hotdogtrays.com/faq/,https://hotdogtrays.com/faq/,FAQ,FAQ,preserved,
https://hotdogtrays.com/shipping/,https://hotdogtrays.com/shipping/,https://hotdogtrays.com/shipping/,Shipping Info,Shipping Info,preserved,
https://hotdogtrays.com/shipping/,https://hotdogtrays.com/privacy-policy/,https://hotdogtrays.com/privacy-policy/,Privacy Policy,Privacy Policy,preserved,
https://hotdogtrays.com/shipping/,https://hotdogtrays.com/terms-conditions/,https://hotdogtrays.com/terms-conditions/,Terms & Conditions,Terms & Conditions,preserved,
https://hotdogtrays.com/shipping/,https://hotdogtrays.com/product/red-and-white-hot-dog-trays/,https://hotdogtrays.com/product/red-and-white-hot-dog-trays/,Red & White Hot Dog Trays,Red & White Hot Dog Trays,preserved,
https://hotdogtrays.com/shipping/,https://hotdogtrays.com/cdn-cgi/l/email-protection#ef86818980af87809b8b80889b9d8e969cc18c8082,,[emailprotected],,removed,"Not site content: WordPress admin, Cloudflare email obfuscation, add-to-cart parameter or an external tracking parameter"
https://hotdogtrays.com/shipping/,https://hotdogtrays.com/,https://hotdogtrays.com/,HotDogTrays.com,HotDogTrays.com,preserved,
https://hotdogtrays.com/get-quote/,https://hotdogtrays.com/,https://hotdogtrays.com/,🌭 HotDogTrays Premium Wholesale Trays,🌭 HotDogTrays Premium Wholesale Trays,preserved,
https://hotdogtrays.com/get-quote/,https://hotdogtrays.com/shop/,https://hotdogtrays.com/shop/,All Products ▼,All Products ▼,preserved,
https://hotdogtrays.com/get-quote/,https://hotdogtrays.com/product/hot-dog-serving-tray/,https://hotdogtrays.com/product/hot-dog-serving-tray/,Hot Dog Serving Tray,Hot Dog Serving Tray,preserved,
https://hotdogtrays.com/get-quote/,https://hotdogtrays.com/product/hot-dog-food-tray/,https://hotdogtrays.com/product/hot-dog-food-tray/,Hot Dog Food Tray,Hot Dog Food Tray,preserved,
https://hotdogtrays.com/get-quote/,https://hotdogtrays.com/product/hot-dog-plates/,https://hotdogtrays.com/product/hot-dog-plates/,Hot Dog Plates,Hot Dog Plates,preserved,
https://hotdogtrays.com/get-quote/,https://hotdogtrays.com/product/paper-hot-dog-trays/,https://hotdogtrays.com/product/paper-hot-dog-trays/,Paper Hot Dog Trays,Paper Hot Dog Trays,preserved,
https://hotdogtrays.com/get-quote/,https://hotdogtrays.com/product/hot-dog-paper-holders/,https://hotdogtrays.com/product/hot-dog-paper-holders/,Hot Dog Paper Holders,Hot Dog Paper Holders,preserved,
https://hotdogtrays.com/get-quote/,https://hotdogtrays.com/product/disposable-hot-dog-trays/,https://hotdogtrays.com/product/disposable-hot-dog-trays/,Disposable Hot Dog Trays,Disposable Hot Dog Trays,preserved,
https://hotdogtrays.com/get-quote/,https://hotdogtrays.com/product/hot-dog-boats-paper/,https://hotdogtrays.com/product/hot-dog-boats-paper/,Hot Dog Boats Paper,Hot Dog Boats Paper,preserved,
https://hotdogtrays.com/get-quote/,https://hotdogtrays.com/product/plastic-hot-dog-trays/,https://hotdogtrays.com/product/plastic-hot-dog-trays/,Plastic Hot Dog Trays,Plastic Hot Dog Trays,preserved,
https://hotdogtrays.com/get-quote/,https://hotdogtrays.com/product/hot-dog-container-paper/,https://hotdogtrays.com/product/hot-dog-container-paper/,Hot Dog Container Paper,Hot Dog Container Paper,preserved,
https://hotdogtrays.com/get-quote/,https://hotdogtrays.com/product/cardboard-hot-dog-holders/,https://hotdogtrays.com/product/cardboard-hot-dog-holders/,Cardboard Hot Dog Holders,Cardboard Hot Dog Holders,preserved,
https://hotdogtrays.com/get-quote/,https://hotdogtrays.com/product/disposable-hot-dog-holders/,https://hotdogtrays.com/product/disposable-hot-dog-holders/,Disposable Hot Dog Holders,Disposable Hot Dog Holders,preserved,
https://hotdogtrays.com/get-quote/,https://hotdogtrays.com/product/cardboard-hot-dog-trays/,https://hotdogtrays.com/product/cardboard-hot-dog-trays/,Cardboard Hot Dog Trays,Cardboard Hot Dog Trays,preserved,
https://hotdogtrays.com/get-quote/,https://hotdogtrays.com/product/red-and-white-hot-dog-trays/,https://hotdogtrays.com/product/red-and-white-hot-dog-trays/,Red and White Hot Dog Trays,Red and White Hot Dog Trays,preserved,
https://hotdogtrays.com/get-quote/,https://hotdogtrays.com/product/kraft-hot-dog-tray/,https://hotdogtrays.com/product/kraft-hot-dog-tray/,Kraft Hot Dog Tray,Kraft Hot Dog Tray,preserved,
https://hotdogtrays.com/get-quote/,https://hotdogtrays.com/about/,https://hotdogtrays.com/about/,About Us,About Us,preserved,
https://hotdogtrays.com/get-quote/,https://hotdogtrays.com/contact/,https://hotdogtrays.com/contact/,Contact,Contact,preserved,
https://hotdogtrays.com/get-quote/,https://hotdogtrays.com/cdn-cgi/l/email-protection#b8d1d6ded7f8d0d7ccdcd7dfcccad9c1cb96dbd7d5,,✉️ Email Us,,removed,"Not site content: WordPress admin, Cloudflare email obfuscation, add-to-cart parameter or an external tracking parameter"
https://hotdogtrays.com/get-quote/,https://hotdogtrays.com/get-quote/,https://hotdogtrays.com/get-quote/,Get Free Quote,Get Free Quote,preserved,
https://hotdogtrays.com/get-quote/,https://hotdogtrays.com/cdn-cgi/l/email-protection#1a73747c755a72756e7e757d6e687b636934797577,,✉️ [emailprotected],,removed,"Not site content: WordPress admin, Cloudflare email obfuscation, add-to-cart parameter or an external tracking parameter"
https://hotdogtrays.com/get-quote/,https://hotdogtrays.com/cdn-cgi/l/email-protection,,[emailprotected],,removed,"Not site content: WordPress admin, Cloudflare email obfuscation, add-to-cart parameter or an external tracking parameter"
https://hotdogtrays.com/get-quote/,https://hotdogtrays.com/cdn-cgi/l/email-protection#70191e161f30181f04141f1704021109035e131f1d4f0305121a1513044d21051f04155022150105150304,,Email for Quote,,removed,"Not site content: WordPress admin, Cloudflare email obfuscation, add-to-cart parameter or an external tracking parameter"
https://hotdogtrays.com/get-quote/,https://hotdogtrays.com/cdn-cgi/l/email-protection#0e676068614e66617a6a61697a7c6f777d206d6163317d7b6c646b6d7a335f7b617a6b2e5c6b7f7b6b7d7a,,Email for Quote,,removed,"Not site content: WordPress admin, Cloudflare email obfuscation, add-to-cart parameter or an external tracking parameter"
https://hotdogtrays.com/get-quote/,https://hotdogtrays.com/privacy-policy/,https://hotdogtrays.com/privacy-policy/,Privacy Policy,Privacy Policy,preserved,
https://hotdogtrays.com/get-quote/,https://hotdogtrays.com/cdn-cgi/l/email-protection#3e575058517e56514a5a51594a4c5f474d105d5153,,[emailprotected],,removed,"Not site content: WordPress admin, Cloudflare email obfuscation, add-to-cart parameter or an external tracking parameter"
https://hotdogtrays.com/get-quote/,https://hotdogtrays.com/,https://hotdogtrays.com/,Home,Home,preserved,
https://hotdogtrays.com/get-quote/,https://hotdogtrays.com/shop/,https://hotdogtrays.com/shop/,All Products,All Products,preserved,
https://hotdogtrays.com/get-quote/,https://hotdogtrays.com/blog/,,Blog,,removed,Link not present after rebuild — review
https://hotdogtrays.com/get-quote/,https://hotdogtrays.com/faq/,https://hotdogtrays.com/faq/,FAQ,FAQ,preserved,
https://hotdogtrays.com/get-quote/,https://hotdogtrays.com/shipping/,https://hotdogtrays.com/shipping/,Shipping Info,Shipping Info,preserved,
https://hotdogtrays.com/get-quote/,https://hotdogtrays.com/terms-conditions/,https://hotdogtrays.com/terms-conditions/,Terms & Conditions,Terms & Conditions,preserved,
https://hotdogtrays.com/get-quote/,https://hotdogtrays.com/product/red-and-white-hot-dog-trays/,https://hotdogtrays.com/product/red-and-white-hot-dog-trays/,Red & White Hot Dog Trays,Red & White Hot Dog Trays,preserved,
https://hotdogtrays.com/get-quote/,https://hotdogtrays.com/cdn-cgi/l/email-protection#81e8efe7eec1e9eef5e5eee6f5f3e0f8f2afe2eeec,,[emailprotected],,removed,"Not site content: WordPress admin, Cloudflare email obfuscation, add-to-cart parameter or an external tracking parameter"
https://hotdogtrays.com/get-quote/,https://hotdogtrays.com/,https://hotdogtrays.com/,HotDogTrays.com,HotDogTrays.com,preserved,
https://hotdogtrays.com/cart/,https://hotdogtrays.com/,,🌭 HotDogTrays Premium Wholesale Trays,,removed,Cart/checkout page retired in the quotation model
https://hotdogtrays.com/cart/,https://hotdogtrays.com/shop/,,All Products ▼,,removed,Cart/checkout page retired in the quotation model
https://hotdogtrays.com/cart/,https://hotdogtrays.com/product/hot-dog-serving-tray/,,Hot Dog Serving Tray,,removed,Cart/checkout page retired in the quotation model
https://hotdogtrays.com/cart/,https://hotdogtrays.com/product/hot-dog-food-tray/,,Hot Dog Food Tray,,removed,Cart/checkout page retired in the quotation model
https://hotdogtrays.com/cart/,https://hotdogtrays.com/product/hot-dog-plates/,,Hot Dog Plates,,removed,Cart/checkout page retired in the quotation model
https://hotdogtrays.com/cart/,https://hotdogtrays.com/product/paper-hot-dog-trays/,,Paper Hot Dog Trays,,removed,Cart/checkout page retired in the quotation model
https://hotdogtrays.com/cart/,https://hotdogtrays.com/product/hot-dog-paper-holders/,,Hot Dog Paper Holders,,removed,Cart/checkout page retired in the quotation model
https://hotdogtrays.com/cart/,https://hotdogtrays.com/product/disposable-hot-dog-trays/,,Disposable Hot Dog Trays,,removed,Cart/checkout page retired in the quotation model
https://hotdogtrays.com/cart/,https://hotdogtrays.com/product/hot-dog-boats-paper/,,Hot Dog Boats Paper,,removed,Cart/checkout page retired in the quotation model
https://hotdogtrays.com/cart/,https://hotdogtrays.com/product/plastic-hot-dog-trays/,,Plastic Hot Dog Trays,,removed,Cart/checkout page retired in the quotation model
https://hotdogtrays.com/cart/,https://hotdogtrays.com/product/hot-dog-container-paper/,,Hot Dog Container Paper,,removed,Cart/checkout page retired in the quotation model
https://hotdogtrays.com/cart/,https://hotdogtrays.com/product/cardboard-hot-dog-holders/,,Cardboard Hot Dog Holders,,removed,Cart/checkout page retired in the quotation model
https://hotdogtrays.com/cart/,https://hotdogtrays.com/product/disposable-hot-dog-holders/,,Disposable Hot Dog Holders,,removed,Cart/checkout page retired in the quotation model
https://hotdogtrays.com/cart/,https://hotdogtrays.com/product/cardboard-hot-dog-trays/,,Cardboard Hot Dog Trays,,removed,Cart/checkout page retired in the quotation model
https://hotdogtrays.com/cart/,https://hotdogtrays.com/product/red-and-white-hot-dog-trays/,,Red and White Hot Dog Trays,,removed,Cart/checkout page retired in the quotation model
https://hotdogtrays.com/cart/,https://hotdogtrays.com/product/kraft-hot-dog-tray/,,Kraft Hot Dog Tray,,removed,Cart/checkout page retired in the quotation model
https://hotdogtrays.com/cart/,https://hotdogtrays.com/about/,,About Us,,removed,Cart/checkout page retired in the quotation model
https://hotdogtrays.com/cart/,https://hotdogtrays.com/contact/,,Contact,,removed,Cart/checkout page retired in the quotation model
https://hotdogtrays.com/cart/,https://hotdogtrays.com/cdn-cgi/l/email-protection#3f565159507f57504b5b50584b4d5e464c115c5052,,✉️ Email Us,,removed,"Not site content: WordPress admin, Cloudflare email obfuscation, add-to-cart parameter or an external tracking parameter"
https://hotdogtrays.com/cart/,https://hotdogtrays.com/get-quote/,,Get Free Quote,,removed,Cart/checkout page retired in the quotation model
https://hotdogtrays.com/cart/,https://hotdogtrays.com/cdn-cgi/l/email-protection#b0d9ded6dff0d8dfc4d4dfd7c4c2d1c9c39ed3dfdd,,✉️ [emailprotected],,removed,"Not site content: WordPress admin, Cloudflare email obfuscation, add-to-cart parameter or an external tracking parameter"
https://hotdogtrays.com/cart/,https://hotdogtrays.com/cart/?add-to-cart=76,,Add to cart,,removed,"Not site content: WordPress admin, Cloudflare email obfuscation, add-to-cart parameter or an external tracking parameter"
https://hotdogtrays.com/cart/,https://hotdogtrays.com/cart/?add-to-cart=75,,Add to cart,,removed,"Not site content: WordPress admin, Cloudflare email obfuscation, add-to-cart parameter or an external tracking parameter"
https://hotdogtrays.com/cart/,https://hotdogtrays.com/cart/?add-to-cart=74,,Add to cart,,removed,"Not site content: WordPress admin, Cloudflare email obfuscation, add-to-cart parameter or an external tracking parameter"
https://hotdogtrays.com/cart/,https://hotdogtrays.com/cart/?add-to-cart=73,,Add to cart,,removed,"Not site content: WordPress admin, Cloudflare email obfuscation, add-to-cart parameter or an external tracking parameter"
https://hotdogtrays.com/cart/,https://hotdogtrays.com/,,Home,,removed,Cart/checkout page retired in the quotation model
https://hotdogtrays.com/cart/,https://hotdogtrays.com/shop/,,All Products,,removed,Cart/checkout page retired in the quotation model
https://hotdogtrays.com/cart/,https://hotdogtrays.com/blog/,,Blog,,removed,Cart/checkout page retired in the quotation model
https://hotdogtrays.com/cart/,https://hotdogtrays.com/faq/,,FAQ,,removed,Cart/checkout page retired in the quotation model
https://hotdogtrays.com/cart/,https://hotdogtrays.com/shipping/,,Shipping Info,,removed,Cart/checkout page retired in the quotation model
https://hotdogtrays.com/cart/,https://hotdogtrays.com/privacy-policy/,,Privacy Policy,,removed,Cart/checkout page retired in the quotation model
https://hotdogtrays.com/cart/,https://hotdogtrays.com/terms-conditions/,,Terms & Conditions,,removed,Cart/checkout page retired in the quotation model
https://hotdogtrays.com/cart/,https://hotdogtrays.com/product/red-and-white-hot-dog-trays/,,Red & White Hot Dog Trays,,removed,Cart/checkout page retired in the quotation model
https://hotdogtrays.com/cart/,https://hotdogtrays.com/cdn-cgi/l/email-protection#dbb2b5bdb49bb3b4afbfb4bcafa9baa2a8f5b8b4b6,,[emailprotected],,removed,"Not site content: WordPress admin, Cloudflare email obfuscation, add-to-cart parameter or an external tracking parameter"
https://hotdogtrays.com/cart/,https://hotdogtrays.com/,,HotDogTrays.com,,removed,Cart/checkout page retired in the quotation model
https://hotdogtrays.com/product/hot-dog-serving-tray/,https://hotdogtrays.com/,https://hotdogtrays.com/,🌭 HotDogTrays Premium Wholesale Trays,🌭 HotDogTrays Premium Wholesale Trays,preserved,
https://hotdogtrays.com/product/hot-dog-serving-tray/,https://hotdogtrays.com/shop/,https://hotdogtrays.com/shop/,All Products ▼,All Products ▼,preserved,
https://hotdogtrays.com/product/hot-dog-serving-tray/,https://hotdogtrays.com/product/hot-dog-serving-tray/,https://hotdogtrays.com/product/hot-dog-serving-tray/,Hot Dog Serving Tray,Hot Dog Serving Tray,preserved,
https://hotdogtrays.com/product/hot-dog-serving-tray/,https://hotdogtrays.com/product/hot-dog-food-tray/,https://hotdogtrays.com/product/hot-dog-food-tray/,Hot Dog Food Tray,Hot Dog Food Tray,preserved,
https://hotdogtrays.com/product/hot-dog-serving-tray/,https://hotdogtrays.com/product/hot-dog-plates/,https://hotdogtrays.com/product/hot-dog-plates/,Hot Dog Plates,Hot Dog Plates,preserved,
https://hotdogtrays.com/product/hot-dog-serving-tray/,https://hotdogtrays.com/product/paper-hot-dog-trays/,https://hotdogtrays.com/product/paper-hot-dog-trays/,Paper Hot Dog Trays,Paper Hot Dog Trays,preserved,
https://hotdogtrays.com/product/hot-dog-serving-tray/,https://hotdogtrays.com/product/hot-dog-paper-holders/,https://hotdogtrays.com/product/hot-dog-paper-holders/,Hot Dog Paper Holders,Hot Dog Paper Holders,preserved,
https://hotdogtrays.com/product/hot-dog-serving-tray/,https://hotdogtrays.com/product/disposable-hot-dog-trays/,https://hotdogtrays.com/product/disposable-hot-dog-trays/,Disposable Hot Dog Trays,Disposable Hot Dog Trays,preserved,
https://hotdogtrays.com/product/hot-dog-serving-tray/,https://hotdogtrays.com/product/hot-dog-boats-paper/,https://hotdogtrays.com/product/hot-dog-boats-paper/,Hot Dog Boats Paper,Hot Dog Boats Paper,preserved,
https://hotdogtrays.com/product/hot-dog-serving-tray/,https://hotdogtrays.com/product/plastic-hot-dog-trays/,https://hotdogtrays.com/product/plastic-hot-dog-trays/,Plastic Hot Dog Trays,Plastic Hot Dog Trays,preserved,
https://hotdogtrays.com/product/hot-dog-serving-tray/,https://hotdogtrays.com/product/hot-dog-container-paper/,https://hotdogtrays.com/product/hot-dog-container-paper/,Hot Dog Container Paper,Hot Dog Container Paper,preserved,
https://hotdogtrays.com/product/hot-dog-serving-tray/,https://hotdogtrays.com/product/cardboard-hot-dog-holders/,https://hotdogtrays.com/product/cardboard-hot-dog-holders/,Cardboard Hot Dog Holders,Cardboard Hot Dog Holders,preserved,
https://hotdogtrays.com/product/hot-dog-serving-tray/,https://hotdogtrays.com/product/disposable-hot-dog-holders/,https://hotdogtrays.com/product/disposable-hot-dog-holders/,Disposable Hot Dog Holders,Disposable Hot Dog Holders,preserved,
https://hotdogtrays.com/product/hot-dog-serving-tray/,https://hotdogtrays.com/product/cardboard-hot-dog-trays/,https://hotdogtrays.com/product/cardboard-hot-dog-trays/,Cardboard Hot Dog Trays,Cardboard Hot Dog Trays,preserved,
https://hotdogtrays.com/product/hot-dog-serving-tray/,https://hotdogtrays.com/product/red-and-white-hot-dog-trays/,https://hotdogtrays.com/product/red-and-white-hot-dog-trays/,Red and White Hot Dog Trays,Red and White Hot Dog Trays,preserved,
https://hotdogtrays.com/product/hot-dog-serving-tray/,https://hotdogtrays.com/product/kraft-hot-dog-tray/,https://hotdogtrays.com/product/kraft-hot-dog-tray/,Kraft Hot Dog Tray,Kraft Hot Dog Tray,preserved,
https://hotdogtrays.com/product/hot-dog-serving-tray/,https://hotdogtrays.com/about/,https://hotdogtrays.com/about/,About Us,About Us,preserved,
https://hotdogtrays.com/product/hot-dog-serving-tray/,https://hotdogtrays.com/contact/,https://hotdogtrays.com/contact/,Contact,Contact,preserved,
https://hotdogtrays.com/product/hot-dog-serving-tray/,https://hotdogtrays.com/cdn-cgi/l/email-protection#5c35323a331c34332838333b282e3d252f723f3331,,✉️ Email Us,,removed,"Not site content: WordPress admin, Cloudflare email obfuscation, add-to-cart parameter or an external tracking parameter"
https://hotdogtrays.com/product/hot-dog-serving-tray/,https://hotdogtrays.com/get-quote/,https://hotdogtrays.com/get-quote/,Get Free Quote,Get Free Quote,preserved,
https://hotdogtrays.com/product/hot-dog-serving-tray/,https://hotdogtrays.com/cdn-cgi/l/email-protection#dbb2b5bdb49bb3b4afbfb4bcafa9baa2a8f5b8b4b6,,✉️ [emailprotected],,removed,"Not site content: WordPress admin, Cloudflare email obfuscation, add-to-cart parameter or an external tracking parameter"
https://hotdogtrays.com/product/hot-dog-serving-tray/,https://hotdogtrays.com/?add-to-cart=63&,,Add To Cart,,removed,"Not site content: WordPress admin, Cloudflare email obfuscation, add-to-cart parameter or an external tracking parameter"
https://hotdogtrays.com/product/hot-dog-serving-tray/,https://hotdogtrays.com/product-category/products,https://hotdogtrays.com/shop/,Hot Dog Tray Range,Hot Dog Tray Range,updated,Destination consolidated; link now points at the final canonical URL instead of through a redirect
https://hotdogtrays.com/product/hot-dog-serving-tray/,https://hotdogtrays.com/product/paper-hot-dog-trays/,https://hotdogtrays.com/product/paper-hot-dog-trays/,paper serving trays,paper serving trays,preserved,
https://hotdogtrays.com/product/hot-dog-serving-tray/,https://hotdogtrays.com/product/plastic-hot-dog-trays/,https://hotdogtrays.com/product/plastic-hot-dog-trays/,Sturdy Plastic Trays,Sturdy Plastic Trays,preserved,
https://hotdogtrays.com/product/hot-dog-serving-tray/,https://hotdogtrays.com/product/kraft-hot-dog-tray/,https://hotdogtrays.com/product/kraft-hot-dog-tray/,Kraft Serving Trays,Kraft Serving Trays,preserved,
https://hotdogtrays.com/product/hot-dog-serving-tray/,https://hotdogtrays.com/get-quote/,https://hotdogtrays.com/get-quote/,Get Free Design Quote →,Get Free Design Quote →,preserved,
https://hotdogtrays.com/product/hot-dog-serving-tray/,https://hotdogtrays.com/get-quote/,https://hotdogtrays.com/get-quote/,Get Industry Quote,Get Industry Quote,preserved,
https://hotdogtrays.com/product/hot-dog-serving-tray/,https://hotdogtrays.com/contact/,https://hotdogtrays.com/contact/,contact us,contact us,preserved,
https://hotdogtrays.com/product/hot-dog-serving-tray/,https://hotdogtrays.com/cdn-cgi/l/email-protection#4b22252d240b23243f2f242c3f392a323865282426,,[emailprotected],,removed,"Not site content: WordPress admin, Cloudflare email obfuscation, add-to-cart parameter or an external tracking parameter"
https://hotdogtrays.com/product/hot-dog-serving-tray/,https://hotdogtrays.com/returns-policy/,https://hotdogtrays.com/terms-conditions/,Returns & Refunds Policy,Returns & Refunds Policy,updated,Destination consolidated; link now points at the final canonical URL instead of through a redirect
https://hotdogtrays.com/product/hot-dog-serving-tray/,https://hotdogtrays.com/get-quote/,https://hotdogtrays.com/get-quote/,Request a quote,Request a quote,preserved,
https://hotdogtrays.com/product/hot-dog-serving-tray/,https://hotdogtrays.com/contact/,https://hotdogtrays.com/contact/,Contact Support,Contact Support,preserved,
https://hotdogtrays.com/product/hot-dog-serving-tray/,https://hotdogtrays.com/get-quote/,https://hotdogtrays.com/get-quote/,Order Risk-Free Today,Order Risk-Free Today,preserved,
https://hotdogtrays.com/product/hot-dog-serving-tray/,https://hotdogtrays.com/privacy-policy/,https://hotdogtrays.com/privacy-policy/,Privacy Policy,Privacy Policy,preserved,
https://hotdogtrays.com/product/hot-dog-serving-tray/,https://hotdogtrays.com/cdn-cgi/l/email-protection#7a13141c153a12150e1e151d0e081b030954191517,,[emailprotected],,removed,"Not site content: WordPress admin, Cloudflare email obfuscation, add-to-cart parameter or an external tracking parameter"
https://hotdogtrays.com/product/hot-dog-serving-tray/,https://hotdogtrays.com/,https://hotdogtrays.com/,Home,Home,preserved,
https://hotdogtrays.com/product/hot-dog-serving-tray/,https://hotdogtrays.com/shop/,https://hotdogtrays.com/shop/,All Products,All Products,preserved,
https://hotdogtrays.com/product/hot-dog-serving-tray/,https://hotdogtrays.com/blog/,,Blog,,removed,Link not present after rebuild — review
https://hotdogtrays.com/product/hot-dog-serving-tray/,https://hotdogtrays.com/faq/,https://hotdogtrays.com/faq/,FAQ,FAQ,preserved,
https://hotdogtrays.com/product/hot-dog-serving-tray/,https://hotdogtrays.com/shipping/,https://hotdogtrays.com/shipping/,Shipping Info,Shipping Info,preserved,
https://hotdogtrays.com/product/hot-dog-serving-tray/,https://hotdogtrays.com/terms-conditions/,https://hotdogtrays.com/terms-conditions/,Terms & Conditions,Terms & Conditions,preserved,
https://hotdogtrays.com/product/hot-dog-serving-tray/,https://hotdogtrays.com/product/red-and-white-hot-dog-trays/,https://hotdogtrays.com/product/red-and-white-hot-dog-trays/,Red & White Hot Dog Trays,Red & White Hot Dog Trays,preserved,
https://hotdogtrays.com/product/hot-dog-serving-tray/,https://hotdogtrays.com/cdn-cgi/l/email-protection#036a6d656c436b6c77676c647771627a702d606c6e,,[emailprotected],,removed,"Not site content: WordPress admin, Cloudflare email obfuscation, add-to-cart parameter or an external tracking parameter"
https://hotdogtrays.com/product/hot-dog-serving-tray/,https://hotdogtrays.com/,https://hotdogtrays.com/,HotDogTrays.com,HotDogTrays.com,preserved,
https://hotdogtrays.com/product/hot-dog-food-tray/,https://hotdogtrays.com/,https://hotdogtrays.com/,🌭 HotDogTrays Premium Wholesale Trays,🌭 HotDogTrays Premium Wholesale Trays,preserved,
https://hotdogtrays.com/product/hot-dog-food-tray/,https://hotdogtrays.com/shop/,https://hotdogtrays.com/shop/,All Products ▼,All Products ▼,preserved,
https://hotdogtrays.com/product/hot-dog-food-tray/,https://hotdogtrays.com/product/hot-dog-serving-tray/,https://hotdogtrays.com/product/hot-dog-serving-tray/,Hot Dog Serving Tray,Hot Dog Serving Tray,preserved,
https://hotdogtrays.com/product/hot-dog-food-tray/,https://hotdogtrays.com/product/hot-dog-food-tray/,https://hotdogtrays.com/product/hot-dog-food-tray/,Hot Dog Food Tray,Hot Dog Food Tray,preserved,
https://hotdogtrays.com/product/hot-dog-food-tray/,https://hotdogtrays.com/product/hot-dog-plates/,https://hotdogtrays.com/product/hot-dog-plates/,Hot Dog Plates,Hot Dog Plates,preserved,
https://hotdogtrays.com/product/hot-dog-food-tray/,https://hotdogtrays.com/product/paper-hot-dog-trays/,https://hotdogtrays.com/product/paper-hot-dog-trays/,Paper Hot Dog Trays,Paper Hot Dog Trays,preserved,
https://hotdogtrays.com/product/hot-dog-food-tray/,https://hotdogtrays.com/product/hot-dog-paper-holders/,https://hotdogtrays.com/product/hot-dog-paper-holders/,Hot Dog Paper Holders,Hot Dog Paper Holders,preserved,
https://hotdogtrays.com/product/hot-dog-food-tray/,https://hotdogtrays.com/product/disposable-hot-dog-trays/,https://hotdogtrays.com/product/disposable-hot-dog-trays/,Disposable Hot Dog Trays,Disposable Hot Dog Trays,preserved,
https://hotdogtrays.com/product/hot-dog-food-tray/,https://hotdogtrays.com/product/hot-dog-boats-paper/,https://hotdogtrays.com/product/hot-dog-boats-paper/,Hot Dog Boats Paper,Hot Dog Boats Paper,preserved,
https://hotdogtrays.com/product/hot-dog-food-tray/,https://hotdogtrays.com/product/plastic-hot-dog-trays/,https://hotdogtrays.com/product/plastic-hot-dog-trays/,Plastic Hot Dog Trays,Plastic Hot Dog Trays,preserved,
https://hotdogtrays.com/product/hot-dog-food-tray/,https://hotdogtrays.com/product/hot-dog-container-paper/,https://hotdogtrays.com/product/hot-dog-container-paper/,Hot Dog Container Paper,Hot Dog Container Paper,preserved,
https://hotdogtrays.com/product/hot-dog-food-tray/,https://hotdogtrays.com/product/cardboard-hot-dog-holders/,https://hotdogtrays.com/product/cardboard-hot-dog-holders/,Cardboard Hot Dog Holders,Cardboard Hot Dog Holders,preserved,
https://hotdogtrays.com/product/hot-dog-food-tray/,https://hotdogtrays.com/product/disposable-hot-dog-holders/,https://hotdogtrays.com/product/disposable-hot-dog-holders/,Disposable Hot Dog Holders,Disposable Hot Dog Holders,preserved,
https://hotdogtrays.com/product/hot-dog-food-tray/,https://hotdogtrays.com/product/cardboard-hot-dog-trays/,https://hotdogtrays.com/product/cardboard-hot-dog-trays/,Cardboard Hot Dog Trays,Cardboard Hot Dog Trays,preserved,
https://hotdogtrays.com/product/hot-dog-food-tray/,https://hotdogtrays.com/product/red-and-white-hot-dog-trays/,https://hotdogtrays.com/product/red-and-white-hot-dog-trays/,Red and White Hot Dog Trays,Red and White Hot Dog Trays,preserved,
https://hotdogtrays.com/product/hot-dog-food-tray/,https://hotdogtrays.com/product/kraft-hot-dog-tray/,https://hotdogtrays.com/product/kraft-hot-dog-tray/,Kraft Hot Dog Tray,Kraft Hot Dog Tray,preserved,
https://hotdogtrays.com/product/hot-dog-food-tray/,https://hotdogtrays.com/about/,https://hotdogtrays.com/about/,About Us,About Us,preserved,
https://hotdogtrays.com/product/hot-dog-food-tray/,https://hotdogtrays.com/contact/,https://hotdogtrays.com/contact/,Contact,Contact,preserved,
https://hotdogtrays.com/product/hot-dog-food-tray/,https://hotdogtrays.com/cdn-cgi/l/email-protection#ee87808881ae86819a8a81899a9c8f979dc08d8183,,✉️ Email Us,,removed,"Not site content: WordPress admin, Cloudflare email obfuscation, add-to-cart parameter or an external tracking parameter"
https://hotdogtrays.com/product/hot-dog-food-tray/,https://hotdogtrays.com/get-quote/,https://hotdogtrays.com/get-quote/,Get Free Quote,Get Free Quote,preserved,
https://hotdogtrays.com/product/hot-dog-food-tray/,https://hotdogtrays.com/cdn-cgi/l/email-protection#1d74737b725d75726979727a696f7c646e337e7270,,✉️ [emailprotected],,removed,"Not site content: WordPress admin, Cloudflare email obfuscation, add-to-cart parameter or an external tracking parameter"
https://hotdogtrays.com/product/hot-dog-food-tray/,https://hotdogtrays.com/?add-to-cart=64&,,Add To Cart,,removed,"Not site content: WordPress admin, Cloudflare email obfuscation, add-to-cart parameter or an external tracking parameter"
https://hotdogtrays.com/product/hot-dog-food-tray/,https://hotdogtrays.com/product-category/products,https://hotdogtrays.com/shop/,food tray lineup,food tray lineup,updated,Destination consolidated; link now points at the final canonical URL instead of through a redirect
https://hotdogtrays.com/product/hot-dog-food-tray/,https://hotdogtrays.com/product/cardboard-hot-dog-trays/,https://hotdogtrays.com/product/cardboard-hot-dog-trays/,rigid cardboard trays,rigid cardboard trays,preserved,
https://hotdogtrays.com/product/hot-dog-food-tray/,https://hotdogtrays.com/product/disposable-hot-dog-trays/,https://hotdogtrays.com/product/disposable-hot-dog-trays/,single use trays,single use trays,preserved,
https://hotdogtrays.com/product/hot-dog-food-tray/,https://hotdogtrays.com/product/red-and-white-hot-dog-trays/,https://hotdogtrays.com/product/red-and-white-hot-dog-trays/,classic paper trays,classic paper trays,preserved,
https://hotdogtrays.com/product/hot-dog-food-tray/,https://hotdogtrays.com/get-quote/,https://hotdogtrays.com/get-quote/,Get Free Design Quote →,Get Free Design Quote →,preserved,
https://hotdogtrays.com/product/hot-dog-food-tray/,https://hotdogtrays.com/get-quote/,https://hotdogtrays.com/get-quote/,Get Industry Quote,Get Industry Quote,preserved,
https://hotdogtrays.com/product/hot-dog-food-tray/,https://hotdogtrays.com/contact/,https://hotdogtrays.com/contact/,contact us,contact us,preserved,
https://hotdogtrays.com/product/hot-dog-food-tray/,https://hotdogtrays.com/cdn-cgi/l/email-protection#3950575f567951564d5d565e4d4b58404a175a5654,,[emailprotected],,removed,"Not site content: WordPress admin, Cloudflare email obfuscation, add-to-cart parameter or an external tracking parameter"
https://hotdogtrays.com/product/hot-dog-food-tray/,https://hotdogtrays.com/returns-policy/,https://hotdogtrays.com/terms-conditions/,Returns & Refunds Policy,Returns & Refunds Policy,updated,Destination consolidated; link now points at the final canonical URL instead of through a redirect
https://hotdogtrays.com/product/hot-dog-food-tray/,https://hotdogtrays.com/get-quote/,https://hotdogtrays.com/get-quote/,Request a quote,Request a quote,preserved,
https://hotdogtrays.com/product/hot-dog-food-tray/,https://hotdogtrays.com/contact/,https://hotdogtrays.com/contact/,Contact Support,Contact Support,preserved,
https://hotdogtrays.com/product/hot-dog-food-tray/,https://hotdogtrays.com/get-quote/,https://hotdogtrays.com/get-quote/,Order Risk-Free Today,Order Risk-Free Today,preserved,
https://hotdogtrays.com/product/hot-dog-food-tray/,https://hotdogtrays.com/privacy-policy/,https://hotdogtrays.com/privacy-policy/,Privacy Policy,Privacy Policy,preserved,
https://hotdogtrays.com/product/hot-dog-food-tray/,https://hotdogtrays.com/cdn-cgi/l/email-protection#620b0c040d220a0d16060d051610031b114c010d0f,,[emailprotected],,removed,"Not site content: WordPress admin, Cloudflare email obfuscation, add-to-cart parameter or an external tracking parameter"
https://hotdogtrays.com/product/hot-dog-food-tray/,https://hotdogtrays.com/,https://hotdogtrays.com/,Home,Home,preserved,
https://hotdogtrays.com/product/hot-dog-food-tray/,https://hotdogtrays.com/shop/,https://hotdogtrays.com/shop/,All Products,All Products,preserved,
https://hotdogtrays.com/product/hot-dog-food-tray/,https://hotdogtrays.com/blog/,,Blog,,removed,Link not present after rebuild — review
https://hotdogtrays.com/product/hot-dog-food-tray/,https://hotdogtrays.com/faq/,https://hotdogtrays.com/faq/,FAQ,FAQ,preserved,
https://hotdogtrays.com/product/hot-dog-food-tray/,https://hotdogtrays.com/shipping/,https://hotdogtrays.com/shipping/,Shipping Info,Shipping Info,preserved,
https://hotdogtrays.com/product/hot-dog-food-tray/,https://hotdogtrays.com/terms-conditions/,https://hotdogtrays.com/terms-conditions/,Terms & Conditions,Terms & Conditions,preserved,
https://hotdogtrays.com/product/hot-dog-food-tray/,https://hotdogtrays.com/product/red-and-white-hot-dog-trays/,https://hotdogtrays.com/product/red-and-white-hot-dog-trays/,Red & White Hot Dog Trays,Red & White Hot Dog Trays,preserved,
https://hotdogtrays.com/product/hot-dog-food-tray/,https://hotdogtrays.com/cdn-cgi/l/email-protection#bed7d0d8d1fed6d1cadad1d9caccdfc7cd90ddd1d3,,[emailprotected],,removed,"Not site content: WordPress admin, Cloudflare email obfuscation, add-to-cart parameter or an external tracking parameter"
https://hotdogtrays.com/product/hot-dog-food-tray/,https://hotdogtrays.com/,https://hotdogtrays.com/,HotDogTrays.com,HotDogTrays.com,preserved,
https://hotdogtrays.com/product/disposable-hot-dog-trays/,https://hotdogtrays.com/,https://hotdogtrays.com/,🌭 HotDogTrays Premium Wholesale Trays,🌭 HotDogTrays Premium Wholesale Trays,preserved,
https://hotdogtrays.com/product/disposable-hot-dog-trays/,https://hotdogtrays.com/shop/,https://hotdogtrays.com/shop/,All Products ▼,All Products ▼,preserved,
https://hotdogtrays.com/product/disposable-hot-dog-trays/,https://hotdogtrays.com/product/hot-dog-serving-tray/,https://hotdogtrays.com/product/hot-dog-serving-tray/,Hot Dog Serving Tray,Hot Dog Serving Tray,preserved,
https://hotdogtrays.com/product/disposable-hot-dog-trays/,https://hotdogtrays.com/product/hot-dog-food-tray/,https://hotdogtrays.com/product/hot-dog-food-tray/,Hot Dog Food Tray,Hot Dog Food Tray,preserved,
https://hotdogtrays.com/product/disposable-hot-dog-trays/,https://hotdogtrays.com/product/hot-dog-plates/,https://hotdogtrays.com/product/hot-dog-plates/,Hot Dog Plates,Hot Dog Plates,preserved,
https://hotdogtrays.com/product/disposable-hot-dog-trays/,https://hotdogtrays.com/product/paper-hot-dog-trays/,https://hotdogtrays.com/product/paper-hot-dog-trays/,Paper Hot Dog Trays,Paper Hot Dog Trays,preserved,
https://hotdogtrays.com/product/disposable-hot-dog-trays/,https://hotdogtrays.com/product/hot-dog-paper-holders/,https://hotdogtrays.com/product/hot-dog-paper-holders/,Hot Dog Paper Holders,Hot Dog Paper Holders,preserved,
https://hotdogtrays.com/product/disposable-hot-dog-trays/,https://hotdogtrays.com/product/disposable-hot-dog-trays/,https://hotdogtrays.com/product/disposable-hot-dog-trays/,Disposable Hot Dog Trays,Disposable Hot Dog Trays,preserved,
https://hotdogtrays.com/product/disposable-hot-dog-trays/,https://hotdogtrays.com/product/hot-dog-boats-paper/,https://hotdogtrays.com/product/hot-dog-boats-paper/,Hot Dog Boats Paper,Hot Dog Boats Paper,preserved,
https://hotdogtrays.com/product/disposable-hot-dog-trays/,https://hotdogtrays.com/product/plastic-hot-dog-trays/,https://hotdogtrays.com/product/plastic-hot-dog-trays/,Plastic Hot Dog Trays,Plastic Hot Dog Trays,preserved,
https://hotdogtrays.com/product/disposable-hot-dog-trays/,https://hotdogtrays.com/product/hot-dog-container-paper/,https://hotdogtrays.com/product/hot-dog-container-paper/,Hot Dog Container Paper,Hot Dog Container Paper,preserved,
https://hotdogtrays.com/product/disposable-hot-dog-trays/,https://hotdogtrays.com/product/cardboard-hot-dog-holders/,https://hotdogtrays.com/product/cardboard-hot-dog-holders/,Cardboard Hot Dog Holders,Cardboard Hot Dog Holders,preserved,
https://hotdogtrays.com/product/disposable-hot-dog-trays/,https://hotdogtrays.com/product/disposable-hot-dog-holders/,https://hotdogtrays.com/product/disposable-hot-dog-holders/,Disposable Hot Dog Holders,Disposable Hot Dog Holders,preserved,
https://hotdogtrays.com/product/disposable-hot-dog-trays/,https://hotdogtrays.com/product/cardboard-hot-dog-trays/,https://hotdogtrays.com/product/cardboard-hot-dog-trays/,Cardboard Hot Dog Trays,Cardboard Hot Dog Trays,preserved,
https://hotdogtrays.com/product/disposable-hot-dog-trays/,https://hotdogtrays.com/product/red-and-white-hot-dog-trays/,https://hotdogtrays.com/product/red-and-white-hot-dog-trays/,Red and White Hot Dog Trays,Red and White Hot Dog Trays,preserved,
https://hotdogtrays.com/product/disposable-hot-dog-trays/,https://hotdogtrays.com/product/kraft-hot-dog-tray/,https://hotdogtrays.com/product/kraft-hot-dog-tray/,Kraft Hot Dog Tray,Kraft Hot Dog Tray,preserved,
https://hotdogtrays.com/product/disposable-hot-dog-trays/,https://hotdogtrays.com/about/,https://hotdogtrays.com/about/,About Us,About Us,preserved,
https://hotdogtrays.com/product/disposable-hot-dog-trays/,https://hotdogtrays.com/contact/,https://hotdogtrays.com/contact/,Contact,Contact,preserved,
https://hotdogtrays.com/product/disposable-hot-dog-trays/,https://hotdogtrays.com/cdn-cgi/l/email-protection#b3daddd5dcf3dbdcc7d7dcd4c7c1d2cac09dd0dcde,,✉️ Email Us,,removed,"Not site content: WordPress admin, Cloudflare email obfuscation, add-to-cart parameter or an external tracking parameter"
https://hotdogtrays.com/product/disposable-hot-dog-trays/,https://hotdogtrays.com/get-quote/,https://hotdogtrays.com/get-quote/,Get Free Quote,Get Free Quote,preserved,
https://hotdogtrays.com/product/disposable-hot-dog-trays/,https://hotdogtrays.com/cdn-cgi/l/email-protection#8de4e3ebe2cde5e2f9e9e2eaf9ffecf4fea3eee2e0,,✉️ [emailprotected],,removed,"Not site content: WordPress admin, Cloudflare email obfuscation, add-to-cart parameter or an external tracking parameter"
https://hotdogtrays.com/product/disposable-hot-dog-trays/,https://hotdogtrays.com/?add-to-cart=68&,,Add To Cart,,removed,"Not site content: WordPress admin, Cloudflare email obfuscation, add-to-cart parameter or an external tracking parameter"
https://hotdogtrays.com/product/disposable-hot-dog-trays/,https://hotdogtrays.com/product-category/products,https://hotdogtrays.com/shop/,disposable serving range,disposable serving range,updated,Destination consolidated; link now points at the final canonical URL instead of through a redirect
https://hotdogtrays.com/product/disposable-hot-dog-trays/,https://hotdogtrays.com/product/paper-hot-dog-trays/,https://hotdogtrays.com/product/paper-hot-dog-trays/,paper tray styles,paper tray styles,preserved,
https://hotdogtrays.com/product/disposable-hot-dog-trays/,https://hotdogtrays.com/product/cardboard-hot-dog-trays/,https://hotdogtrays.com/product/cardboard-hot-dog-trays/,firm cardboard trays,firm cardboard trays,preserved,
https://hotdogtrays.com/product/disposable-hot-dog-trays/,https://hotdogtrays.com/product/hot-dog-food-tray/,https://hotdogtrays.com/product/hot-dog-food-tray/,food tray format,food tray format,preserved,
https://hotdogtrays.com/product/disposable-hot-dog-trays/,https://hotdogtrays.com/get-quote/,https://hotdogtrays.com/get-quote/,Get Free Design Quote →,Get Free Design Quote →,preserved,
https://hotdogtrays.com/product/disposable-hot-dog-trays/,https://hotdogtrays.com/get-quote/,https://hotdogtrays.com/get-quote/,Get Industry Quote,Get Industry Quote,preserved,
https://hotdogtrays.com/product/disposable-hot-dog-trays/,https://hotdogtrays.com/contact/,https://hotdogtrays.com/contact/,contact us,contact us,preserved,
https://hotdogtrays.com/product/disposable-hot-dog-trays/,https://hotdogtrays.com/cdn-cgi/l/email-protection#b9d0d7dfd6f9d1d6cdddd6decdcbd8c0ca97dad6d4,,[emailprotected],,removed,"Not site content: WordPress admin, Cloudflare email obfuscation, add-to-cart parameter or an external tracking parameter"
https://hotdogtrays.com/product/disposable-hot-dog-trays/,https://hotdogtrays.com/returns-policy/,https://hotdogtrays.com/terms-conditions/,Returns & Refunds Policy,Returns & Refunds Policy,updated,Destination consolidated; link now points at the final canonical URL instead of through a redirect
https://hotdogtrays.com/product/disposable-hot-dog-trays/,https://hotdogtrays.com/get-quote/,https://hotdogtrays.com/get-quote/,Request a quote,Request a quote,preserved,
https://hotdogtrays.com/product/disposable-hot-dog-trays/,https://hotdogtrays.com/contact/,https://hotdogtrays.com/contact/,Contact Support,Contact Support,preserved,
https://hotdogtrays.com/product/disposable-hot-dog-trays/,https://hotdogtrays.com/get-quote/,https://hotdogtrays.com/get-quote/,Order Risk-Free Today,Order Risk-Free Today,preserved,
https://hotdogtrays.com/product/disposable-hot-dog-trays/,https://hotdogtrays.com/privacy-policy/,https://hotdogtrays.com/privacy-policy/,Privacy Policy,Privacy Policy,preserved,
https://hotdogtrays.com/product/disposable-hot-dog-trays/,https://hotdogtrays.com/cdn-cgi/l/email-protection#41282f272e01292e35252e2635332038326f222e2c,,[emailprotected],,removed,"Not site content: WordPress admin, Cloudflare email obfuscation, add-to-cart parameter or an external tracking parameter"
https://hotdogtrays.com/product/disposable-hot-dog-trays/,https://hotdogtrays.com/,https://hotdogtrays.com/,Home,Home,preserved,
https://hotdogtrays.com/product/disposable-hot-dog-trays/,https://hotdogtrays.com/shop/,https://hotdogtrays.com/shop/,All Products,All Products,preserved,
https://hotdogtrays.com/product/disposable-hot-dog-trays/,https://hotdogtrays.com/blog/,,Blog,,removed,Link not present after rebuild — review
https://hotdogtrays.com/product/disposable-hot-dog-trays/,https://hotdogtrays.com/faq/,https://hotdogtrays.com/faq/,FAQ,FAQ,preserved,
https://hotdogtrays.com/product/disposable-hot-dog-trays/,https://hotdogtrays.com/shipping/,https://hotdogtrays.com/shipping/,Shipping Info,Shipping Info,preserved,
https://hotdogtrays.com/product/disposable-hot-dog-trays/,https://hotdogtrays.com/terms-conditions/,https://hotdogtrays.com/terms-conditions/,Terms & Conditions,Terms & Conditions,preserved,
https://hotdogtrays.com/product/disposable-hot-dog-trays/,https://hotdogtrays.com/product/red-and-white-hot-dog-trays/,https://hotdogtrays.com/product/red-and-white-hot-dog-trays/,Red & White Hot Dog Trays,Red & White Hot Dog Trays,preserved,
https://hotdogtrays.com/product/disposable-hot-dog-trays/,https://hotdogtrays.com/cdn-cgi/l/email-protection#167f787079567e79627279716264776f653875797b,,[emailprotected],,removed,"Not site content: WordPress admin, Cloudflare email obfuscation, add-to-cart parameter or an external tracking parameter"
https://hotdogtrays.com/product/disposable-hot-dog-trays/,https://hotdogtrays.com/,https://hotdogtrays.com/,HotDogTrays.com,HotDogTrays.com,preserved,
https://hotdogtrays.com/product/hot-dog-container-paper/,https://hotdogtrays.com/,https://hotdogtrays.com/,🌭 HotDogTrays Premium Wholesale Trays,🌭 HotDogTrays Premium Wholesale Trays,preserved,
https://hotdogtrays.com/product/hot-dog-container-paper/,https://hotdogtrays.com/shop/,https://hotdogtrays.com/shop/,All Products ▼,All Products ▼,preserved,
https://hotdogtrays.com/product/hot-dog-container-paper/,https://hotdogtrays.com/product/hot-dog-serving-tray/,https://hotdogtrays.com/product/hot-dog-serving-tray/,Hot Dog Serving Tray,Hot Dog Serving Tray,preserved,
https://hotdogtrays.com/product/hot-dog-container-paper/,https://hotdogtrays.com/product/hot-dog-food-tray/,https://hotdogtrays.com/product/hot-dog-food-tray/,Hot Dog Food Tray,Hot Dog Food Tray,preserved,
https://hotdogtrays.com/product/hot-dog-container-paper/,https://hotdogtrays.com/product/hot-dog-plates/,https://hotdogtrays.com/product/hot-dog-plates/,Hot Dog Plates,Hot Dog Plates,preserved,
https://hotdogtrays.com/product/hot-dog-container-paper/,https://hotdogtrays.com/product/paper-hot-dog-trays/,https://hotdogtrays.com/product/paper-hot-dog-trays/,Paper Hot Dog Trays,Paper Hot Dog Trays,preserved,
https://hotdogtrays.com/product/hot-dog-container-paper/,https://hotdogtrays.com/product/hot-dog-paper-holders/,https://hotdogtrays.com/product/hot-dog-paper-holders/,Hot Dog Paper Holders,Hot Dog Paper Holders,preserved,
https://hotdogtrays.com/product/hot-dog-container-paper/,https://hotdogtrays.com/product/disposable-hot-dog-trays/,https://hotdogtrays.com/product/disposable-hot-dog-trays/,Disposable Hot Dog Trays,Disposable Hot Dog Trays,preserved,
https://hotdogtrays.com/product/hot-dog-container-paper/,https://hotdogtrays.com/product/hot-dog-boats-paper/,https://hotdogtrays.com/product/hot-dog-boats-paper/,Hot Dog Boats Paper,Hot Dog Boats Paper,preserved,
https://hotdogtrays.com/product/hot-dog-container-paper/,https://hotdogtrays.com/product/plastic-hot-dog-trays/,https://hotdogtrays.com/product/plastic-hot-dog-trays/,Plastic Hot Dog Trays,Plastic Hot Dog Trays,preserved,
https://hotdogtrays.com/product/hot-dog-container-paper/,https://hotdogtrays.com/product/hot-dog-container-paper/,https://hotdogtrays.com/product/hot-dog-container-paper/,Hot Dog Container Paper,Hot Dog Container Paper,preserved,
https://hotdogtrays.com/product/hot-dog-container-paper/,https://hotdogtrays.com/product/cardboard-hot-dog-holders/,https://hotdogtrays.com/product/cardboard-hot-dog-holders/,Cardboard Hot Dog Holders,Cardboard Hot Dog Holders,preserved,
https://hotdogtrays.com/product/hot-dog-container-paper/,https://hotdogtrays.com/product/disposable-hot-dog-holders/,https://hotdogtrays.com/product/disposable-hot-dog-holders/,Disposable Hot Dog Holders,Disposable Hot Dog Holders,preserved,
https://hotdogtrays.com/product/hot-dog-container-paper/,https://hotdogtrays.com/product/cardboard-hot-dog-trays/,https://hotdogtrays.com/product/cardboard-hot-dog-trays/,Cardboard Hot Dog Trays,Cardboard Hot Dog Trays,preserved,
https://hotdogtrays.com/product/hot-dog-container-paper/,https://hotdogtrays.com/product/red-and-white-hot-dog-trays/,https://hotdogtrays.com/product/red-and-white-hot-dog-trays/,Red and White Hot Dog Trays,Red and White Hot Dog Trays,preserved,
https://hotdogtrays.com/product/hot-dog-container-paper/,https://hotdogtrays.com/product/kraft-hot-dog-tray/,https://hotdogtrays.com/product/kraft-hot-dog-tray/,Kraft Hot Dog Tray,Kraft Hot Dog Tray,preserved,
https://hotdogtrays.com/product/hot-dog-container-paper/,https://hotdogtrays.com/about/,https://hotdogtrays.com/about/,About Us,About Us,preserved,
https://hotdogtrays.com/product/hot-dog-container-paper/,https://hotdogtrays.com/contact/,https://hotdogtrays.com/contact/,Contact,Contact,preserved,
https://hotdogtrays.com/product/hot-dog-container-paper/,https://hotdogtrays.com/cdn-cgi/l/email-protection#0a63646c654a62657e6e656d7e786b737924696567,,✉️ Email Us,,removed,"Not site content: WordPress admin, Cloudflare email obfuscation, add-to-cart parameter or an external tracking parameter"
https://hotdogtrays.com/product/hot-dog-container-paper/,https://hotdogtrays.com/get-quote/,https://hotdogtrays.com/get-quote/,Get Free Quote,Get Free Quote,preserved,
https://hotdogtrays.com/product/hot-dog-container-paper/,https://hotdogtrays.com/cdn-cgi/l/email-protection#bdd4d3dbd2fdd5d2c9d9d2dac9cfdcc4ce93ded2d0,,✉️ [emailprotected],,removed,"Not site content: WordPress admin, Cloudflare email obfuscation, add-to-cart parameter or an external tracking parameter"
https://hotdogtrays.com/product/hot-dog-container-paper/,https://hotdogtrays.com/?add-to-cart=71&,,Add To Cart,,removed,"Not site content: WordPress admin, Cloudflare email obfuscation, add-to-cart parameter or an external tracking parameter"
https://hotdogtrays.com/product/hot-dog-container-paper/,https://hotdogtrays.com/product-category/products,https://hotdogtrays.com/shop/,Paper container range,Paper container range,updated,Destination consolidated; link now points at the final canonical URL instead of through a redirect
https://hotdogtrays.com/product/hot-dog-container-paper/,https://hotdogtrays.com/product/hot-dog-boats-paper/,https://hotdogtrays.com/product/hot-dog-boats-paper/,paper boats,paper boats,preserved,
https://hotdogtrays.com/product/hot-dog-container-paper/,https://hotdogtrays.com/product/hot-dog-paper-holders/,https://hotdogtrays.com/product/hot-dog-paper-holders/,paper holders,paper holders,preserved,
https://hotdogtrays.com/product/hot-dog-container-paper/,https://hotdogtrays.com/product/paper-hot-dog-trays/,https://hotdogtrays.com/product/paper-hot-dog-trays/,paper tray options,paper tray options,preserved,
https://hotdogtrays.com/product/hot-dog-container-paper/,https://hotdogtrays.com/get-quote/,https://hotdogtrays.com/get-quote/,Get Free Design Quote →,Get Free Design Quote →,preserved,
https://hotdogtrays.com/product/hot-dog-container-paper/,https://hotdogtrays.com/get-quote/,https://hotdogtrays.com/get-quote/,Get Industry Quote,Get Industry Quote,preserved,
https://hotdogtrays.com/product/hot-dog-container-paper/,https://hotdogtrays.com/contact/,https://hotdogtrays.com/contact/,contact us,contact us,preserved,
https://hotdogtrays.com/product/hot-dog-container-paper/,https://hotdogtrays.com/cdn-cgi/l/email-protection#a1c8cfc7cee1c9ced5c5cec6d5d3c0d8d28fc2cecc,,[emailprotected],,removed,"Not site content: WordPress admin, Cloudflare email obfuscation, add-to-cart parameter or an external tracking parameter"
https://hotdogtrays.com/product/hot-dog-container-paper/,https://hotdogtrays.com/returns-policy/,https://hotdogtrays.com/terms-conditions/,Returns & Refunds Policy,Returns & Refunds Policy,updated,Destination consolidated; link now points at the final canonical URL instead of through a redirect
https://hotdogtrays.com/product/hot-dog-container-paper/,https://hotdogtrays.com/get-quote/,https://hotdogtrays.com/get-quote/,Request a quote,Request a quote,preserved,
https://hotdogtrays.com/product/hot-dog-container-paper/,https://hotdogtrays.com/contact/,https://hotdogtrays.com/contact/,Contact Support,Contact Support,preserved,
https://hotdogtrays.com/product/hot-dog-container-paper/,https://hotdogtrays.com/get-quote/,https://hotdogtrays.com/get-quote/,Order Risk-Free Today,Order Risk-Free Today,preserved,
https://hotdogtrays.com/product/hot-dog-container-paper/,https://hotdogtrays.com/privacy-policy/,https://hotdogtrays.com/privacy-policy/,Privacy Policy,Privacy Policy,preserved,
https://hotdogtrays.com/product/hot-dog-container-paper/,https://hotdogtrays.com/cdn-cgi/l/email-protection#0a63646c654a62657e6e656d7e786b737924696567,,[emailprotected],,removed,"Not site content: WordPress admin, Cloudflare email obfuscation, add-to-cart parameter or an external tracking parameter"
https://hotdogtrays.com/product/hot-dog-container-paper/,https://hotdogtrays.com/,https://hotdogtrays.com/,Home,Home,preserved,
https://hotdogtrays.com/product/hot-dog-container-paper/,https://hotdogtrays.com/shop/,https://hotdogtrays.com/shop/,All Products,All Products,preserved,
https://hotdogtrays.com/product/hot-dog-container-paper/,https://hotdogtrays.com/blog/,,Blog,,removed,Link not present after rebuild — review
https://hotdogtrays.com/product/hot-dog-container-paper/,https://hotdogtrays.com/faq/,https://hotdogtrays.com/faq/,FAQ,FAQ,preserved,
https://hotdogtrays.com/product/hot-dog-container-paper/,https://hotdogtrays.com/shipping/,https://hotdogtrays.com/shipping/,Shipping Info,Shipping Info,preserved,
https://hotdogtrays.com/product/hot-dog-container-paper/,https://hotdogtrays.com/terms-conditions/,https://hotdogtrays.com/terms-conditions/,Terms & Conditions,Terms & Conditions,preserved,
https://hotdogtrays.com/product/hot-dog-container-paper/,https://hotdogtrays.com/product/red-and-white-hot-dog-trays/,https://hotdogtrays.com/product/red-and-white-hot-dog-trays/,Red & White Hot Dog Trays,Red & White Hot Dog Trays,preserved,
https://hotdogtrays.com/product/hot-dog-container-paper/,https://hotdogtrays.com/cdn-cgi/l/email-protection#4b22252d240b23243f2f242c3f392a323865282426,,[emailprotected],,removed,"Not site content: WordPress admin, Cloudflare email obfuscation, add-to-cart parameter or an external tracking parameter"
https://hotdogtrays.com/product/hot-dog-container-paper/,https://hotdogtrays.com/,https://hotdogtrays.com/,HotDogTrays.com,HotDogTrays.com,preserved,
https://hotdogtrays.com/product/cardboard-hot-dog-holders/,https://hotdogtrays.com/,https://hotdogtrays.com/,🌭 HotDogTrays Premium Wholesale Trays,🌭 HotDogTrays Premium Wholesale Trays,preserved,
https://hotdogtrays.com/product/cardboard-hot-dog-holders/,https://hotdogtrays.com/shop/,https://hotdogtrays.com/shop/,All Products ▼,All Products ▼,preserved,
https://hotdogtrays.com/product/cardboard-hot-dog-holders/,https://hotdogtrays.com/product/hot-dog-serving-tray/,https://hotdogtrays.com/product/hot-dog-serving-tray/,Hot Dog Serving Tray,Hot Dog Serving Tray,preserved,
https://hotdogtrays.com/product/cardboard-hot-dog-holders/,https://hotdogtrays.com/product/hot-dog-food-tray/,https://hotdogtrays.com/product/hot-dog-food-tray/,Hot Dog Food Tray,Hot Dog Food Tray,preserved,
https://hotdogtrays.com/product/cardboard-hot-dog-holders/,https://hotdogtrays.com/product/hot-dog-plates/,https://hotdogtrays.com/product/hot-dog-plates/,Hot Dog Plates,Hot Dog Plates,preserved,
https://hotdogtrays.com/product/cardboard-hot-dog-holders/,https://hotdogtrays.com/product/paper-hot-dog-trays/,https://hotdogtrays.com/product/paper-hot-dog-trays/,Paper Hot Dog Trays,Paper Hot Dog Trays,preserved,
https://hotdogtrays.com/product/cardboard-hot-dog-holders/,https://hotdogtrays.com/product/hot-dog-paper-holders/,https://hotdogtrays.com/product/hot-dog-paper-holders/,Hot Dog Paper Holders,Hot Dog Paper Holders,preserved,
https://hotdogtrays.com/product/cardboard-hot-dog-holders/,https://hotdogtrays.com/product/disposable-hot-dog-trays/,https://hotdogtrays.com/product/disposable-hot-dog-trays/,Disposable Hot Dog Trays,Disposable Hot Dog Trays,preserved,
https://hotdogtrays.com/product/cardboard-hot-dog-holders/,https://hotdogtrays.com/product/hot-dog-boats-paper/,https://hotdogtrays.com/product/hot-dog-boats-paper/,Hot Dog Boats Paper,Hot Dog Boats Paper,preserved,
https://hotdogtrays.com/product/cardboard-hot-dog-holders/,https://hotdogtrays.com/product/plastic-hot-dog-trays/,https://hotdogtrays.com/product/plastic-hot-dog-trays/,Plastic Hot Dog Trays,Plastic Hot Dog Trays,preserved,
https://hotdogtrays.com/product/cardboard-hot-dog-holders/,https://hotdogtrays.com/product/hot-dog-container-paper/,https://hotdogtrays.com/product/hot-dog-container-paper/,Hot Dog Container Paper,Hot Dog Container Paper,preserved,
https://hotdogtrays.com/product/cardboard-hot-dog-holders/,https://hotdogtrays.com/product/cardboard-hot-dog-holders/,https://hotdogtrays.com/product/cardboard-hot-dog-holders/,Cardboard Hot Dog Holders,Cardboard Hot Dog Holders,preserved,
https://hotdogtrays.com/product/cardboard-hot-dog-holders/,https://hotdogtrays.com/product/disposable-hot-dog-holders/,https://hotdogtrays.com/product/disposable-hot-dog-holders/,Disposable Hot Dog Holders,Disposable Hot Dog Holders,preserved,
https://hotdogtrays.com/product/cardboard-hot-dog-holders/,https://hotdogtrays.com/product/cardboard-hot-dog-trays/,https://hotdogtrays.com/product/cardboard-hot-dog-trays/,Cardboard Hot Dog Trays,Cardboard Hot Dog Trays,preserved,
https://hotdogtrays.com/product/cardboard-hot-dog-holders/,https://hotdogtrays.com/product/red-and-white-hot-dog-trays/,https://hotdogtrays.com/product/red-and-white-hot-dog-trays/,Red and White Hot Dog Trays,Red and White Hot Dog Trays,preserved,
https://hotdogtrays.com/product/cardboard-hot-dog-holders/,https://hotdogtrays.com/product/kraft-hot-dog-tray/,https://hotdogtrays.com/product/kraft-hot-dog-tray/,Kraft Hot Dog Tray,Kraft Hot Dog Tray,preserved,
https://hotdogtrays.com/product/cardboard-hot-dog-holders/,https://hotdogtrays.com/about/,https://hotdogtrays.com/about/,About Us,About Us,preserved,
https://hotdogtrays.com/product/cardboard-hot-dog-holders/,https://hotdogtrays.com/contact/,https://hotdogtrays.com/contact/,Contact,Contact,preserved,
https://hotdogtrays.com/product/cardboard-hot-dog-holders/,https://hotdogtrays.com/cdn-cgi/l/email-protection#f1989f979eb1999e85959e968583908882df929e9c,,✉️ Email Us,,removed,"Not site content: WordPress admin, Cloudflare email obfuscation, add-to-cart parameter or an external tracking parameter"
https://hotdogtrays.com/product/cardboard-hot-dog-holders/,https://hotdogtrays.com/get-quote/,https://hotdogtrays.com/get-quote/,Get Free Quote,Get Free Quote,preserved,
https://hotdogtrays.com/product/cardboard-hot-dog-holders/,https://hotdogtrays.com/cdn-cgi/l/email-protection#751c1b131a351d1a01111a120107140c065b161a18,,✉️ [emailprotected],,removed,"Not site content: WordPress admin, Cloudflare email obfuscation, add-to-cart parameter or an external tracking parameter"
https://hotdogtrays.com/product/cardboard-hot-dog-holders/,https://hotdogtrays.com/?add-to-cart=72&,,Add To Cart,,removed,"Not site content: WordPress admin, Cloudflare email obfuscation, add-to-cart parameter or an external tracking parameter"
https://hotdogtrays.com/product/cardboard-hot-dog-holders/,https://hotdogtrays.com/product-category/products/,https://hotdogtrays.com/shop/,cardboard holder range,cardboard holder range,updated,Destination consolidated; link now points at the final canonical URL instead of through a redirect
https://hotdogtrays.com/product/cardboard-hot-dog-holders/,https://hotdogtrays.com/product/disposable-hot-dog-holders/,https://hotdogtrays.com/product/disposable-hot-dog-holders/,disposable holders,disposable holders,preserved,
https://hotdogtrays.com/product/cardboard-hot-dog-holders/,https://hotdogtrays.com/product/hot-dog-paper-holders/,https://hotdogtrays.com/product/hot-dog-paper-holders/,paper holder styles,paper holder styles,preserved,
https://hotdogtrays.com/product/cardboard-hot-dog-holders/,https://hotdogtrays.com/product/cardboard-hot-dog-trays/,https://hotdogtrays.com/product/cardboard-hot-dog-trays/,cardboard trays,cardboard trays,preserved,
https://hotdogtrays.com/product/cardboard-hot-dog-holders/,https://hotdogtrays.com/get-quote/,https://hotdogtrays.com/get-quote/,Get Free Design Quote →,Get Free Design Quote →,preserved,
https://hotdogtrays.com/product/cardboard-hot-dog-holders/,https://hotdogtrays.com/get-quote/,https://hotdogtrays.com/get-quote/,Get Industry Quote,Get Industry Quote,preserved,
https://hotdogtrays.com/product/cardboard-hot-dog-holders/,https://hotdogtrays.com/contact/,https://hotdogtrays.com/contact/,contact us,contact us,preserved,
https://hotdogtrays.com/product/cardboard-hot-dog-holders/,https://hotdogtrays.com/cdn-cgi/l/email-protection#d0b9beb6bf90b8bfa4b4bfb7a4a2b1a9a3feb3bfbd,,[emailprotected],,removed,"Not site content: WordPress admin, Cloudflare email obfuscation, add-to-cart parameter or an external tracking parameter"
https://hotdogtrays.com/product/cardboard-hot-dog-holders/,https://hotdogtrays.com/returns-policy/,https://hotdogtrays.com/terms-conditions/,Returns & Refunds Policy,Returns & Refunds Policy,updated,Destination consolidated; link now points at the final canonical URL instead of through a redirect
https://hotdogtrays.com/product/cardboard-hot-dog-holders/,https://hotdogtrays.com/get-quote/,https://hotdogtrays.com/get-quote/,Request a quote,Request a quote,preserved,
https://hotdogtrays.com/product/cardboard-hot-dog-holders/,https://hotdogtrays.com/contact/,https://hotdogtrays.com/contact/,Contact Support,Contact Support,preserved,
https://hotdogtrays.com/product/cardboard-hot-dog-holders/,https://hotdogtrays.com/get-quote/,https://hotdogtrays.com/get-quote/,Order Risk-Free Today,Order Risk-Free Today,preserved,
https://hotdogtrays.com/product/cardboard-hot-dog-holders/,https://hotdogtrays.com/privacy-policy/,https://hotdogtrays.com/privacy-policy/,Privacy Policy,Privacy Policy,preserved,
https://hotdogtrays.com/product/cardboard-hot-dog-holders/,https://hotdogtrays.com/cdn-cgi/l/email-protection#ee87808881ae86819a8a81899a9c8f979dc08d8183,,[emailprotected],,removed,"Not site content: WordPress admin, Cloudflare email obfuscation, add-to-cart parameter or an external tracking parameter"
https://hotdogtrays.com/product/cardboard-hot-dog-holders/,https://hotdogtrays.com/,https://hotdogtrays.com/,Home,Home,preserved,
https://hotdogtrays.com/product/cardboard-hot-dog-holders/,https://hotdogtrays.com/shop/,https://hotdogtrays.com/shop/,All Products,All Products,preserved,
https://hotdogtrays.com/product/cardboard-hot-dog-holders/,https://hotdogtrays.com/blog/,,Blog,,removed,Link not present after rebuild — review
https://hotdogtrays.com/product/cardboard-hot-dog-holders/,https://hotdogtrays.com/faq/,https://hotdogtrays.com/faq/,FAQ,FAQ,preserved,
https://hotdogtrays.com/product/cardboard-hot-dog-holders/,https://hotdogtrays.com/shipping/,https://hotdogtrays.com/shipping/,Shipping Info,Shipping Info,preserved,
https://hotdogtrays.com/product/cardboard-hot-dog-holders/,https://hotdogtrays.com/terms-conditions/,https://hotdogtrays.com/terms-conditions/,Terms & Conditions,Terms & Conditions,preserved,
https://hotdogtrays.com/product/cardboard-hot-dog-holders/,https://hotdogtrays.com/product/red-and-white-hot-dog-trays/,https://hotdogtrays.com/product/red-and-white-hot-dog-trays/,Red & White Hot Dog Trays,Red & White Hot Dog Trays,preserved,
https://hotdogtrays.com/product/cardboard-hot-dog-holders/,https://hotdogtrays.com/cdn-cgi/l/email-protection#7811161e173810170c1c171f0c0a19010b561b1715,,[emailprotected],,removed,"Not site content: WordPress admin, Cloudflare email obfuscation, add-to-cart parameter or an external tracking parameter"
https://hotdogtrays.com/product/cardboard-hot-dog-holders/,https://hotdogtrays.com/,https://hotdogtrays.com/,HotDogTrays.com,HotDogTrays.com,preserved,
https://hotdogtrays.com/product/disposable-hot-dog-holders/,https://hotdogtrays.com/,https://hotdogtrays.com/,🌭 HotDogTrays Premium Wholesale Trays,🌭 HotDogTrays Premium Wholesale Trays,preserved,
https://hotdogtrays.com/product/disposable-hot-dog-holders/,https://hotdogtrays.com/shop/,https://hotdogtrays.com/shop/,All Products ▼,All Products ▼,preserved,
https://hotdogtrays.com/product/disposable-hot-dog-holders/,https://hotdogtrays.com/product/hot-dog-serving-tray/,https://hotdogtrays.com/product/hot-dog-serving-tray/,Hot Dog Serving Tray,Hot Dog Serving Tray,preserved,
https://hotdogtrays.com/product/disposable-hot-dog-holders/,https://hotdogtrays.com/product/hot-dog-food-tray/,https://hotdogtrays.com/product/hot-dog-food-tray/,Hot Dog Food Tray,Hot Dog Food Tray,preserved,
https://hotdogtrays.com/product/disposable-hot-dog-holders/,https://hotdogtrays.com/product/hot-dog-plates/,https://hotdogtrays.com/product/hot-dog-plates/,Hot Dog Plates,Hot Dog Plates,preserved,
https://hotdogtrays.com/product/disposable-hot-dog-holders/,https://hotdogtrays.com/product/paper-hot-dog-trays/,https://hotdogtrays.com/product/paper-hot-dog-trays/,Paper Hot Dog Trays,Paper Hot Dog Trays,preserved,
https://hotdogtrays.com/product/disposable-hot-dog-holders/,https://hotdogtrays.com/product/hot-dog-paper-holders/,https://hotdogtrays.com/product/hot-dog-paper-holders/,Hot Dog Paper Holders,Hot Dog Paper Holders,preserved,
https://hotdogtrays.com/product/disposable-hot-dog-holders/,https://hotdogtrays.com/product/disposable-hot-dog-trays/,https://hotdogtrays.com/product/disposable-hot-dog-trays/,Disposable Hot Dog Trays,Disposable Hot Dog Trays,preserved,
https://hotdogtrays.com/product/disposable-hot-dog-holders/,https://hotdogtrays.com/product/hot-dog-boats-paper/,https://hotdogtrays.com/product/hot-dog-boats-paper/,Hot Dog Boats Paper,Hot Dog Boats Paper,preserved,
https://hotdogtrays.com/product/disposable-hot-dog-holders/,https://hotdogtrays.com/product/plastic-hot-dog-trays/,https://hotdogtrays.com/product/plastic-hot-dog-trays/,Plastic Hot Dog Trays,Plastic Hot Dog Trays,preserved,
https://hotdogtrays.com/product/disposable-hot-dog-holders/,https://hotdogtrays.com/product/hot-dog-container-paper/,https://hotdogtrays.com/product/hot-dog-container-paper/,Hot Dog Container Paper,Hot Dog Container Paper,preserved,
https://hotdogtrays.com/product/disposable-hot-dog-holders/,https://hotdogtrays.com/product/cardboard-hot-dog-holders/,https://hotdogtrays.com/product/cardboard-hot-dog-holders/,Cardboard Hot Dog Holders,Cardboard Hot Dog Holders,preserved,
https://hotdogtrays.com/product/disposable-hot-dog-holders/,https://hotdogtrays.com/product/disposable-hot-dog-holders/,https://hotdogtrays.com/product/disposable-hot-dog-holders/,Disposable Hot Dog Holders,Disposable Hot Dog Holders,preserved,
https://hotdogtrays.com/product/disposable-hot-dog-holders/,https://hotdogtrays.com/product/cardboard-hot-dog-trays/,https://hotdogtrays.com/product/cardboard-hot-dog-trays/,Cardboard Hot Dog Trays,Cardboard Hot Dog Trays,preserved,
https://hotdogtrays.com/product/disposable-hot-dog-holders/,https://hotdogtrays.com/product/red-and-white-hot-dog-trays/,https://hotdogtrays.com/product/red-and-white-hot-dog-trays/,Red and White Hot Dog Trays,Red and White Hot Dog Trays,preserved,
https://hotdogtrays.com/product/disposable-hot-dog-holders/,https://hotdogtrays.com/product/kraft-hot-dog-tray/,https://hotdogtrays.com/product/kraft-hot-dog-tray/,Kraft Hot Dog Tray,Kraft Hot Dog Tray,preserved,
https://hotdogtrays.com/product/disposable-hot-dog-holders/,https://hotdogtrays.com/about/,https://hotdogtrays.com/about/,About Us,About Us,preserved,
https://hotdogtrays.com/product/disposable-hot-dog-holders/,https://hotdogtrays.com/contact/,https://hotdogtrays.com/contact/,Contact,Contact,preserved,
https://hotdogtrays.com/product/disposable-hot-dog-holders/,https://hotdogtrays.com/cdn-cgi/l/email-protection#92fbfcf4fdd2fafde6f6fdf5e6e0f3ebe1bcf1fdff,,✉️ Email Us,,removed,"Not site content: WordPress admin, Cloudflare email obfuscation, add-to-cart parameter or an external tracking parameter"
https://hotdogtrays.com/product/disposable-hot-dog-holders/,https://hotdogtrays.com/get-quote/,https://hotdogtrays.com/get-quote/,Get Free Quote,Get Free Quote,preserved,
https://hotdogtrays.com/product/disposable-hot-dog-holders/,https://hotdogtrays.com/cdn-cgi/l/email-protection#771e191118371f18031318100305160e045914181a,,✉️ [emailprotected],,removed,"Not site content: WordPress admin, Cloudflare email obfuscation, add-to-cart parameter or an external tracking parameter"
https://hotdogtrays.com/product/disposable-hot-dog-holders/,https://hotdogtrays.com/?add-to-cart=73&,,Add To Cart,,removed,"Not site content: WordPress admin, Cloudflare email obfuscation, add-to-cart parameter or an external tracking parameter"
https://hotdogtrays.com/product/disposable-hot-dog-holders/,https://hotdogtrays.com/product-category/products/,https://hotdogtrays.com/shop/,disposable holder lineup,disposable holder lineup,updated,Destination consolidated; link now points at the final canonical URL instead of through a redirect
https://hotdogtrays.com/product/disposable-hot-dog-holders/,https://hotdogtrays.com/product/cardboard-hot-dog-holders/,https://hotdogtrays.com/product/cardboard-hot-dog-holders/,cardboard holders,cardboard holders,preserved,
https://hotdogtrays.com/product/disposable-hot-dog-holders/,https://hotdogtrays.com/product/hot-dog-paper-holders/,https://hotdogtrays.com/product/hot-dog-paper-holders/,paper holders,paper holders,preserved,
https://hotdogtrays.com/product/disposable-hot-dog-holders/,https://hotdogtrays.com/product/disposable-hot-dog-trays/,https://hotdogtrays.com/product/disposable-hot-dog-trays/,disposable trays,disposable trays,preserved,
https://hotdogtrays.com/product/disposable-hot-dog-holders/,https://hotdogtrays.com/get-quote/,https://hotdogtrays.com/get-quote/,Get Free Design Quote →,Get Free Design Quote →,preserved,
https://hotdogtrays.com/product/disposable-hot-dog-holders/,https://hotdogtrays.com/get-quote/,https://hotdogtrays.com/get-quote/,Get Industry Quote,Get Industry Quote,preserved,
https://hotdogtrays.com/product/disposable-hot-dog-holders/,https://hotdogtrays.com/contact/,https://hotdogtrays.com/contact/,contact us,contact us,preserved,
https://hotdogtrays.com/product/disposable-hot-dog-holders/,https://hotdogtrays.com/cdn-cgi/l/email-protection#f1989f979eb1999e85959e968583908882df929e9c,,[emailprotected],,removed,"Not site content: WordPress admin, Cloudflare email obfuscation, add-to-cart parameter or an external tracking parameter"
https://hotdogtrays.com/product/disposable-hot-dog-holders/,https://hotdogtrays.com/returns-policy/,https://hotdogtrays.com/terms-conditions/,Returns & Refunds Policy,Returns & Refunds Policy,updated,Destination consolidated; link now points at the final canonical URL instead of through a redirect
https://hotdogtrays.com/product/disposable-hot-dog-holders/,https://hotdogtrays.com/get-quote/,https://hotdogtrays.com/get-quote/,Request a quote,Request a quote,preserved,
https://hotdogtrays.com/product/disposable-hot-dog-holders/,https://hotdogtrays.com/contact/,https://hotdogtrays.com/contact/,Contact Support,Contact Support,preserved,
https://hotdogtrays.com/product/disposable-hot-dog-holders/,https://hotdogtrays.com/get-quote/,https://hotdogtrays.com/get-quote/,Order Risk-Free Today,Order Risk-Free Today,preserved,
https://hotdogtrays.com/product/disposable-hot-dog-holders/,https://hotdogtrays.com/privacy-policy/,https://hotdogtrays.com/privacy-policy/,Privacy Policy,Privacy Policy,preserved,
https://hotdogtrays.com/product/disposable-hot-dog-holders/,https://hotdogtrays.com/cdn-cgi/l/email-protection#a5cccbc3cae5cdcad1c1cac2d1d7c4dcd68bc6cac8,,[emailprotected],,removed,"Not site content: WordPress admin, Cloudflare email obfuscation, add-to-cart parameter or an external tracking parameter"
https://hotdogtrays.com/product/disposable-hot-dog-holders/,https://hotdogtrays.com/,https://hotdogtrays.com/,Home,Home,preserved,
https://hotdogtrays.com/product/disposable-hot-dog-holders/,https://hotdogtrays.com/shop/,https://hotdogtrays.com/shop/,All Products,All Products,preserved,
https://hotdogtrays.com/product/disposable-hot-dog-holders/,https://hotdogtrays.com/blog/,,Blog,,removed,Link not present after rebuild — review
https://hotdogtrays.com/product/disposable-hot-dog-holders/,https://hotdogtrays.com/faq/,https://hotdogtrays.com/faq/,FAQ,FAQ,preserved,
https://hotdogtrays.com/product/disposable-hot-dog-holders/,https://hotdogtrays.com/shipping/,https://hotdogtrays.com/shipping/,Shipping Info,Shipping Info,preserved,
https://hotdogtrays.com/product/disposable-hot-dog-holders/,https://hotdogtrays.com/terms-conditions/,https://hotdogtrays.com/terms-conditions/,Terms & Conditions,Terms & Conditions,preserved,
https://hotdogtrays.com/product/disposable-hot-dog-holders/,https://hotdogtrays.com/product/red-and-white-hot-dog-trays/,https://hotdogtrays.com/product/red-and-white-hot-dog-trays/,Red & White Hot Dog Trays,Red & White Hot Dog Trays,preserved,
https://hotdogtrays.com/product/disposable-hot-dog-holders/,https://hotdogtrays.com/cdn-cgi/l/email-protection#167f787079567e79627279716264776f653875797b,,[emailprotected],,removed,"Not site content: WordPress admin, Cloudflare email obfuscation, add-to-cart parameter or an external tracking parameter"
https://hotdogtrays.com/product/disposable-hot-dog-holders/,https://hotdogtrays.com/,https://hotdogtrays.com/,HotDogTrays.com,HotDogTrays.com,preserved,
https://hotdogtrays.com/product/cardboard-hot-dog-trays/,https://hotdogtrays.com/,https://hotdogtrays.com/,🌭 HotDogTrays Premium Wholesale Trays,🌭 HotDogTrays Premium Wholesale Trays,preserved,
https://hotdogtrays.com/product/cardboard-hot-dog-trays/,https://hotdogtrays.com/shop/,https://hotdogtrays.com/shop/,All Products ▼,All Products ▼,preserved,
https://hotdogtrays.com/product/cardboard-hot-dog-trays/,https://hotdogtrays.com/product/hot-dog-serving-tray/,https://hotdogtrays.com/product/hot-dog-serving-tray/,Hot Dog Serving Tray,Hot Dog Serving Tray,preserved,
https://hotdogtrays.com/product/cardboard-hot-dog-trays/,https://hotdogtrays.com/product/hot-dog-food-tray/,https://hotdogtrays.com/product/hot-dog-food-tray/,Hot Dog Food Tray,Hot Dog Food Tray,preserved,
https://hotdogtrays.com/product/cardboard-hot-dog-trays/,https://hotdogtrays.com/product/hot-dog-plates/,https://hotdogtrays.com/product/hot-dog-plates/,Hot Dog Plates,Hot Dog Plates,preserved,
https://hotdogtrays.com/product/cardboard-hot-dog-trays/,https://hotdogtrays.com/product/paper-hot-dog-trays/,https://hotdogtrays.com/product/paper-hot-dog-trays/,Paper Hot Dog Trays,Paper Hot Dog Trays,preserved,
https://hotdogtrays.com/product/cardboard-hot-dog-trays/,https://hotdogtrays.com/product/hot-dog-paper-holders/,https://hotdogtrays.com/product/hot-dog-paper-holders/,Hot Dog Paper Holders,Hot Dog Paper Holders,preserved,
https://hotdogtrays.com/product/cardboard-hot-dog-trays/,https://hotdogtrays.com/product/disposable-hot-dog-trays/,https://hotdogtrays.com/product/disposable-hot-dog-trays/,Disposable Hot Dog Trays,Disposable Hot Dog Trays,preserved,
https://hotdogtrays.com/product/cardboard-hot-dog-trays/,https://hotdogtrays.com/product/hot-dog-boats-paper/,https://hotdogtrays.com/product/hot-dog-boats-paper/,Hot Dog Boats Paper,Hot Dog Boats Paper,preserved,
https://hotdogtrays.com/product/cardboard-hot-dog-trays/,https://hotdogtrays.com/product/plastic-hot-dog-trays/,https://hotdogtrays.com/product/plastic-hot-dog-trays/,Plastic Hot Dog Trays,Plastic Hot Dog Trays,preserved,
https://hotdogtrays.com/product/cardboard-hot-dog-trays/,https://hotdogtrays.com/product/hot-dog-container-paper/,https://hotdogtrays.com/product/hot-dog-container-paper/,Hot Dog Container Paper,Hot Dog Container Paper,preserved,
https://hotdogtrays.com/product/cardboard-hot-dog-trays/,https://hotdogtrays.com/product/cardboard-hot-dog-holders/,https://hotdogtrays.com/product/cardboard-hot-dog-holders/,Cardboard Hot Dog Holders,Cardboard Hot Dog Holders,preserved,
https://hotdogtrays.com/product/cardboard-hot-dog-trays/,https://hotdogtrays.com/product/disposable-hot-dog-holders/,https://hotdogtrays.com/product/disposable-hot-dog-holders/,Disposable Hot Dog Holders,Disposable Hot Dog Holders,preserved,
https://hotdogtrays.com/product/cardboard-hot-dog-trays/,https://hotdogtrays.com/product/cardboard-hot-dog-trays/,https://hotdogtrays.com/product/cardboard-hot-dog-trays/,Cardboard Hot Dog Trays,Cardboard Hot Dog Trays,preserved,
https://hotdogtrays.com/product/cardboard-hot-dog-trays/,https://hotdogtrays.com/product/red-and-white-hot-dog-trays/,https://hotdogtrays.com/product/red-and-white-hot-dog-trays/,Red and White Hot Dog Trays,Red and White Hot Dog Trays,preserved,
https://hotdogtrays.com/product/cardboard-hot-dog-trays/,https://hotdogtrays.com/product/kraft-hot-dog-tray/,https://hotdogtrays.com/product/kraft-hot-dog-tray/,Kraft Hot Dog Tray,Kraft Hot Dog Tray,preserved,
https://hotdogtrays.com/product/cardboard-hot-dog-trays/,https://hotdogtrays.com/about/,https://hotdogtrays.com/about/,About Us,About Us,preserved,
https://hotdogtrays.com/product/cardboard-hot-dog-trays/,https://hotdogtrays.com/contact/,https://hotdogtrays.com/contact/,Contact,Contact,preserved,
https://hotdogtrays.com/product/cardboard-hot-dog-trays/,https://hotdogtrays.com/cdn-cgi/l/email-protection#157c7b737a557d7a61717a726167746c663b767a78,,✉️ Email Us,,removed,"Not site content: WordPress admin, Cloudflare email obfuscation, add-to-cart parameter or an external tracking parameter"
https://hotdogtrays.com/product/cardboard-hot-dog-trays/,https://hotdogtrays.com/get-quote/,https://hotdogtrays.com/get-quote/,Get Free Quote,Get Free Quote,preserved,
https://hotdogtrays.com/product/cardboard-hot-dog-trays/,https://hotdogtrays.com/cdn-cgi/l/email-protection#41282f272e01292e35252e2635332038326f222e2c,,✉️ [emailprotected],,removed,"Not site content: WordPress admin, Cloudflare email obfuscation, add-to-cart parameter or an external tracking parameter"
https://hotdogtrays.com/product/cardboard-hot-dog-trays/,https://hotdogtrays.com/?add-to-cart=74&,,Add To Cart,,removed,"Not site content: WordPress admin, Cloudflare email obfuscation, add-to-cart parameter or an external tracking parameter"
https://hotdogtrays.com/product/cardboard-hot-dog-trays/,https://hotdogtrays.com/product-category/products/,https://hotdogtrays.com/shop/,cardboard tray range,cardboard tray range,updated,Destination consolidated; link now points at the final canonical URL instead of through a redirect
https://hotdogtrays.com/product/cardboard-hot-dog-trays/,https://hotdogtrays.com/product/kraft-hot-dog-tray/,https://hotdogtrays.com/product/kraft-hot-dog-tray/,kraft tray option,kraft tray option,preserved,
https://hotdogtrays.com/product/cardboard-hot-dog-trays/,https://hotdogtrays.com/product/red-and-white-hot-dog-trays/,https://hotdogtrays.com/product/red-and-white-hot-dog-trays/,classic printed trays,classic printed trays,preserved,
https://hotdogtrays.com/product/cardboard-hot-dog-trays/,https://hotdogtrays.com/product/hot-dog-serving-tray/,https://hotdogtrays.com/product/hot-dog-serving-tray/,serving tray format,serving tray format,preserved,
https://hotdogtrays.com/product/cardboard-hot-dog-trays/,https://hotdogtrays.com/get-quote/,https://hotdogtrays.com/get-quote/,Get Free Design Quote →,Get Free Design Quote →,preserved,
https://hotdogtrays.com/product/cardboard-hot-dog-trays/,https://hotdogtrays.com/get-quote/,https://hotdogtrays.com/get-quote/,Get Industry Quote,Get Industry Quote,preserved,
https://hotdogtrays.com/product/cardboard-hot-dog-trays/,https://hotdogtrays.com/contact/,https://hotdogtrays.com/contact/,contact us,contact us,preserved,
https://hotdogtrays.com/product/cardboard-hot-dog-trays/,https://hotdogtrays.com/cdn-cgi/l/email-protection#41282f272e01292e35252e2635332038326f222e2c,,[emailprotected],,removed,"Not site content: WordPress admin, Cloudflare email obfuscation, add-to-cart parameter or an external tracking parameter"
https://hotdogtrays.com/product/cardboard-hot-dog-trays/,https://hotdogtrays.com/returns-policy/,https://hotdogtrays.com/terms-conditions/,Returns & Refunds Policy,Returns & Refunds Policy,updated,Destination consolidated; link now points at the final canonical URL instead of through a redirect
https://hotdogtrays.com/product/cardboard-hot-dog-trays/,https://hotdogtrays.com/get-quote/,https://hotdogtrays.com/get-quote/,Request a quote,Request a quote,preserved,
https://hotdogtrays.com/product/cardboard-hot-dog-trays/,https://hotdogtrays.com/contact/,https://hotdogtrays.com/contact/,Contact Support,Contact Support,preserved,
https://hotdogtrays.com/product/cardboard-hot-dog-trays/,https://hotdogtrays.com/get-quote/,https://hotdogtrays.com/get-quote/,Order Risk-Free Today,Order Risk-Free Today,preserved,
https://hotdogtrays.com/product/cardboard-hot-dog-trays/,https://hotdogtrays.com/privacy-policy/,https://hotdogtrays.com/privacy-policy/,Privacy Policy,Privacy Policy,preserved,
https://hotdogtrays.com/product/cardboard-hot-dog-trays/,https://hotdogtrays.com/cdn-cgi/l/email-protection#bfd6d1d9d0ffd7d0cbdbd0d8cbcddec6cc91dcd0d2,,[emailprotected],,removed,"Not site content: WordPress admin, Cloudflare email obfuscation, add-to-cart parameter or an external tracking parameter"
https://hotdogtrays.com/product/cardboard-hot-dog-trays/,https://hotdogtrays.com/,https://hotdogtrays.com/,Home,Home,preserved,
https://hotdogtrays.com/product/cardboard-hot-dog-trays/,https://hotdogtrays.com/shop/,https://hotdogtrays.com/shop/,All Products,All Products,preserved,
https://hotdogtrays.com/product/cardboard-hot-dog-trays/,https://hotdogtrays.com/blog/,,Blog,,removed,Link not present after rebuild — review
https://hotdogtrays.com/product/cardboard-hot-dog-trays/,https://hotdogtrays.com/faq/,https://hotdogtrays.com/faq/,FAQ,FAQ,preserved,
https://hotdogtrays.com/product/cardboard-hot-dog-trays/,https://hotdogtrays.com/shipping/,https://hotdogtrays.com/shipping/,Shipping Info,Shipping Info,preserved,
https://hotdogtrays.com/product/cardboard-hot-dog-trays/,https://hotdogtrays.com/terms-conditions/,https://hotdogtrays.com/terms-conditions/,Terms & Conditions,Terms & Conditions,preserved,
https://hotdogtrays.com/product/cardboard-hot-dog-trays/,https://hotdogtrays.com/product/red-and-white-hot-dog-trays/,https://hotdogtrays.com/product/red-and-white-hot-dog-trays/,Red & White Hot Dog Trays,Red & White Hot Dog Trays,preserved,
https://hotdogtrays.com/product/cardboard-hot-dog-trays/,https://hotdogtrays.com/cdn-cgi/l/email-protection#573e393138173f38233338302325362e247934383a,,[emailprotected],,removed,"Not site content: WordPress admin, Cloudflare email obfuscation, add-to-cart parameter or an external tracking parameter"
https://hotdogtrays.com/product/cardboard-hot-dog-trays/,https://hotdogtrays.com/,https://hotdogtrays.com/,HotDogTrays.com,HotDogTrays.com,preserved,
https://hotdogtrays.com/product/red-and-white-hot-dog-trays/,https://hotdogtrays.com/,https://hotdogtrays.com/,🌭 HotDogTrays Premium Wholesale Trays,🌭 HotDogTrays Premium Wholesale Trays,preserved,
https://hotdogtrays.com/product/red-and-white-hot-dog-trays/,https://hotdogtrays.com/shop/,https://hotdogtrays.com/shop/,All Products ▼,All Products ▼,preserved,
https://hotdogtrays.com/product/red-and-white-hot-dog-trays/,https://hotdogtrays.com/product/hot-dog-serving-tray/,https://hotdogtrays.com/product/hot-dog-serving-tray/,Hot Dog Serving Tray,Hot Dog Serving Tray,preserved,
https://hotdogtrays.com/product/red-and-white-hot-dog-trays/,https://hotdogtrays.com/product/hot-dog-food-tray/,https://hotdogtrays.com/product/hot-dog-food-tray/,Hot Dog Food Tray,Hot Dog Food Tray,preserved,
https://hotdogtrays.com/product/red-and-white-hot-dog-trays/,https://hotdogtrays.com/product/hot-dog-plates/,https://hotdogtrays.com/product/hot-dog-plates/,Hot Dog Plates,Hot Dog Plates,preserved,
https://hotdogtrays.com/product/red-and-white-hot-dog-trays/,https://hotdogtrays.com/product/paper-hot-dog-trays/,https://hotdogtrays.com/product/paper-hot-dog-trays/,Paper Hot Dog Trays,Paper Hot Dog Trays,preserved,
https://hotdogtrays.com/product/red-and-white-hot-dog-trays/,https://hotdogtrays.com/product/hot-dog-paper-holders/,https://hotdogtrays.com/product/hot-dog-paper-holders/,Hot Dog Paper Holders,Hot Dog Paper Holders,preserved,
https://hotdogtrays.com/product/red-and-white-hot-dog-trays/,https://hotdogtrays.com/product/disposable-hot-dog-trays/,https://hotdogtrays.com/product/disposable-hot-dog-trays/,Disposable Hot Dog Trays,Disposable Hot Dog Trays,preserved,
https://hotdogtrays.com/product/red-and-white-hot-dog-trays/,https://hotdogtrays.com/product/hot-dog-boats-paper/,https://hotdogtrays.com/product/hot-dog-boats-paper/,Hot Dog Boats Paper,Hot Dog Boats Paper,preserved,
https://hotdogtrays.com/product/red-and-white-hot-dog-trays/,https://hotdogtrays.com/product/plastic-hot-dog-trays/,https://hotdogtrays.com/product/plastic-hot-dog-trays/,Plastic Hot Dog Trays,Plastic Hot Dog Trays,preserved,
https://hotdogtrays.com/product/red-and-white-hot-dog-trays/,https://hotdogtrays.com/product/hot-dog-container-paper/,https://hotdogtrays.com/product/hot-dog-container-paper/,Hot Dog Container Paper,Hot Dog Container Paper,preserved,
https://hotdogtrays.com/product/red-and-white-hot-dog-trays/,https://hotdogtrays.com/product/cardboard-hot-dog-holders/,https://hotdogtrays.com/product/cardboard-hot-dog-holders/,Cardboard Hot Dog Holders,Cardboard Hot Dog Holders,preserved,
https://hotdogtrays.com/product/red-and-white-hot-dog-trays/,https://hotdogtrays.com/product/disposable-hot-dog-holders/,https://hotdogtrays.com/product/disposable-hot-dog-holders/,Disposable Hot Dog Holders,Disposable Hot Dog Holders,preserved,
https://hotdogtrays.com/product/red-and-white-hot-dog-trays/,https://hotdogtrays.com/product/cardboard-hot-dog-trays/,https://hotdogtrays.com/product/cardboard-hot-dog-trays/,Cardboard Hot Dog Trays,Cardboard Hot Dog Trays,preserved,
https://hotdogtrays.com/product/red-and-white-hot-dog-trays/,https://hotdogtrays.com/product/red-and-white-hot-dog-trays/,https://hotdogtrays.com/product/red-and-white-hot-dog-trays/,Red and White Hot Dog Trays,Red and White Hot Dog Trays,preserved,
https://hotdogtrays.com/product/red-and-white-hot-dog-trays/,https://hotdogtrays.com/product/kraft-hot-dog-tray/,https://hotdogtrays.com/product/kraft-hot-dog-tray/,Kraft Hot Dog Tray,Kraft Hot Dog Tray,preserved,
https://hotdogtrays.com/product/red-and-white-hot-dog-trays/,https://hotdogtrays.com/about/,https://hotdogtrays.com/about/,About Us,About Us,preserved,
https://hotdogtrays.com/product/red-and-white-hot-dog-trays/,https://hotdogtrays.com/contact/,https://hotdogtrays.com/contact/,Contact,Contact,preserved,
https://hotdogtrays.com/product/red-and-white-hot-dog-trays/,https://hotdogtrays.com/cdn-cgi/l/email-protection#c8a1a6aea788a0a7bcaca7afbcbaa9b1bbe6aba7a5,,✉️ Email Us,,removed,"Not site content: WordPress admin, Cloudflare email obfuscation, add-to-cart parameter or an external tracking parameter"
https://hotdogtrays.com/product/red-and-white-hot-dog-trays/,https://hotdogtrays.com/get-quote/,https://hotdogtrays.com/get-quote/,Get Free Quote,Get Free Quote,preserved,
https://hotdogtrays.com/product/red-and-white-hot-dog-trays/,https://hotdogtrays.com/cdn-cgi/l/email-protection#51383f373e11393e25353e3625233028227f323e3c,,✉️ [emailprotected],,removed,"Not site content: WordPress admin, Cloudflare email obfuscation, add-to-cart parameter or an external tracking parameter"
https://hotdogtrays.com/product/red-and-white-hot-dog-trays/,https://hotdogtrays.com/?add-to-cart=75&,,Add To Cart,,removed,"Not site content: WordPress admin, Cloudflare email obfuscation, add-to-cart parameter or an external tracking parameter"
https://hotdogtrays.com/product/red-and-white-hot-dog-trays/,https://hotdogtrays.com/product-category/products/,https://hotdogtrays.com/shop/,classic tray styles,classic tray styles,updated,Destination consolidated; link now points at the final canonical URL instead of through a redirect
https://hotdogtrays.com/product/red-and-white-hot-dog-trays/,https://hotdogtrays.com/product/paper-hot-dog-trays/,https://hotdogtrays.com/product/paper-hot-dog-trays/,paper tray formats,paper tray formats,preserved,
https://hotdogtrays.com/product/red-and-white-hot-dog-trays/,https://hotdogtrays.com/product/disposable-hot-dog-trays/,https://hotdogtrays.com/product/disposable-hot-dog-trays/,single use trays,single use trays,preserved,
https://hotdogtrays.com/product/red-and-white-hot-dog-trays/,https://hotdogtrays.com/product/cardboard-hot-dog-trays/,https://hotdogtrays.com/product/cardboard-hot-dog-trays/,sturdy tray styles,sturdy tray styles,preserved,
https://hotdogtrays.com/product/red-and-white-hot-dog-trays/,https://hotdogtrays.com/get-quote/,https://hotdogtrays.com/get-quote/,Get Free Design Quote →,Get Free Design Quote →,preserved,
https://hotdogtrays.com/product/red-and-white-hot-dog-trays/,https://hotdogtrays.com/get-quote/,https://hotdogtrays.com/get-quote/,Get Industry Quote,Get Industry Quote,preserved,
https://hotdogtrays.com/product/red-and-white-hot-dog-trays/,https://hotdogtrays.com/contact/,https://hotdogtrays.com/contact/,contact us,contact us,preserved,
https://hotdogtrays.com/product/red-and-white-hot-dog-trays/,https://hotdogtrays.com/cdn-cgi/l/email-protection#f891969e97b890978c9c979f8c8a99818bd69b9795,,[emailprotected],,removed,"Not site content: WordPress admin, Cloudflare email obfuscation, add-to-cart parameter or an external tracking parameter"
https://hotdogtrays.com/product/red-and-white-hot-dog-trays/,https://hotdogtrays.com/returns-policy/,https://hotdogtrays.com/terms-conditions/,Returns & Refunds Policy,Returns & Refunds Policy,updated,Destination consolidated; link now points at the final canonical URL instead of through a redirect
https://hotdogtrays.com/product/red-and-white-hot-dog-trays/,https://hotdogtrays.com/get-quote/,https://hotdogtrays.com/get-quote/,Request a quote,Request a quote,preserved,
https://hotdogtrays.com/product/red-and-white-hot-dog-trays/,https://hotdogtrays.com/contact/,https://hotdogtrays.com/contact/,Contact Support,Contact Support,preserved,
https://hotdogtrays.com/product/red-and-white-hot-dog-trays/,https://hotdogtrays.com/get-quote/,https://hotdogtrays.com/get-quote/,Order Risk-Free Today,Order Risk-Free Today,preserved,
https://hotdogtrays.com/product/red-and-white-hot-dog-trays/,https://hotdogtrays.com/privacy-policy/,https://hotdogtrays.com/privacy-policy/,Privacy Policy,Privacy Policy,preserved,
https://hotdogtrays.com/product/red-and-white-hot-dog-trays/,https://hotdogtrays.com/cdn-cgi/l/email-protection#ea83848c85aa82859e8e858d9e988b9399c4898587,,[emailprotected],,removed,"Not site content: WordPress admin, Cloudflare email obfuscation, add-to-cart parameter or an external tracking parameter"
https://hotdogtrays.com/product/red-and-white-hot-dog-trays/,https://hotdogtrays.com/,https://hotdogtrays.com/,Home,Home,preserved,
https://hotdogtrays.com/product/red-and-white-hot-dog-trays/,https://hotdogtrays.com/shop/,https://hotdogtrays.com/shop/,All Products,All Products,preserved,
https://hotdogtrays.com/product/red-and-white-hot-dog-trays/,https://hotdogtrays.com/blog/,,Blog,,removed,Link not present after rebuild — review
https://hotdogtrays.com/product/red-and-white-hot-dog-trays/,https://hotdogtrays.com/faq/,https://hotdogtrays.com/faq/,FAQ,FAQ,preserved,
https://hotdogtrays.com/product/red-and-white-hot-dog-trays/,https://hotdogtrays.com/shipping/,https://hotdogtrays.com/shipping/,Shipping Info,Shipping Info,preserved,
https://hotdogtrays.com/product/red-and-white-hot-dog-trays/,https://hotdogtrays.com/terms-conditions/,https://hotdogtrays.com/terms-conditions/,Terms & Conditions,Terms & Conditions,preserved,
https://hotdogtrays.com/product/red-and-white-hot-dog-trays/,https://hotdogtrays.com/product/red-and-white-hot-dog-trays/,https://hotdogtrays.com/product/red-and-white-hot-dog-trays/,Red & White Hot Dog Trays,Red & White Hot Dog Trays,preserved,
https://hotdogtrays.com/product/red-and-white-hot-dog-trays/,https://hotdogtrays.com/cdn-cgi/l/email-protection#0861666e674860677c6c676f7c7a69717b266b6765,,[emailprotected],,removed,"Not site content: WordPress admin, Cloudflare email obfuscation, add-to-cart parameter or an external tracking parameter"
https://hotdogtrays.com/product/red-and-white-hot-dog-trays/,https://hotdogtrays.com/,https://hotdogtrays.com/,HotDogTrays.com,HotDogTrays.com,preserved,
https://hotdogtrays.com/product/kraft-hot-dog-tray/,https://hotdogtrays.com/,https://hotdogtrays.com/,🌭 HotDogTrays Premium Wholesale Trays,🌭 HotDogTrays Premium Wholesale Trays,preserved,
https://hotdogtrays.com/product/kraft-hot-dog-tray/,https://hotdogtrays.com/shop/,https://hotdogtrays.com/shop/,All Products ▼,All Products ▼,preserved,
https://hotdogtrays.com/product/kraft-hot-dog-tray/,https://hotdogtrays.com/product/hot-dog-serving-tray/,https://hotdogtrays.com/product/hot-dog-serving-tray/,Hot Dog Serving Tray,Hot Dog Serving Tray,preserved,
https://hotdogtrays.com/product/kraft-hot-dog-tray/,https://hotdogtrays.com/product/hot-dog-food-tray/,https://hotdogtrays.com/product/hot-dog-food-tray/,Hot Dog Food Tray,Hot Dog Food Tray,preserved,
https://hotdogtrays.com/product/kraft-hot-dog-tray/,https://hotdogtrays.com/product/hot-dog-plates/,https://hotdogtrays.com/product/hot-dog-plates/,Hot Dog Plates,Hot Dog Plates,preserved,
https://hotdogtrays.com/product/kraft-hot-dog-tray/,https://hotdogtrays.com/product/paper-hot-dog-trays/,https://hotdogtrays.com/product/paper-hot-dog-trays/,Paper Hot Dog Trays,Paper Hot Dog Trays,preserved,
https://hotdogtrays.com/product/kraft-hot-dog-tray/,https://hotdogtrays.com/product/hot-dog-paper-holders/,https://hotdogtrays.com/product/hot-dog-paper-holders/,Hot Dog Paper Holders,Hot Dog Paper Holders,preserved,
https://hotdogtrays.com/product/kraft-hot-dog-tray/,https://hotdogtrays.com/product/disposable-hot-dog-trays/,https://hotdogtrays.com/product/disposable-hot-dog-trays/,Disposable Hot Dog Trays,Disposable Hot Dog Trays,preserved,
https://hotdogtrays.com/product/kraft-hot-dog-tray/,https://hotdogtrays.com/product/hot-dog-boats-paper/,https://hotdogtrays.com/product/hot-dog-boats-paper/,Hot Dog Boats Paper,Hot Dog Boats Paper,preserved,
https://hotdogtrays.com/product/kraft-hot-dog-tray/,https://hotdogtrays.com/product/plastic-hot-dog-trays/,https://hotdogtrays.com/product/plastic-hot-dog-trays/,Plastic Hot Dog Trays,Plastic Hot Dog Trays,preserved,
https://hotdogtrays.com/product/kraft-hot-dog-tray/,https://hotdogtrays.com/product/hot-dog-container-paper/,https://hotdogtrays.com/product/hot-dog-container-paper/,Hot Dog Container Paper,Hot Dog Container Paper,preserved,
https://hotdogtrays.com/product/kraft-hot-dog-tray/,https://hotdogtrays.com/product/cardboard-hot-dog-holders/,https://hotdogtrays.com/product/cardboard-hot-dog-holders/,Cardboard Hot Dog Holders,Cardboard Hot Dog Holders,preserved,
https://hotdogtrays.com/product/kraft-hot-dog-tray/,https://hotdogtrays.com/product/disposable-hot-dog-holders/,https://hotdogtrays.com/product/disposable-hot-dog-holders/,Disposable Hot Dog Holders,Disposable Hot Dog Holders,preserved,
https://hotdogtrays.com/product/kraft-hot-dog-tray/,https://hotdogtrays.com/product/cardboard-hot-dog-trays/,https://hotdogtrays.com/product/cardboard-hot-dog-trays/,Cardboard Hot Dog Trays,Cardboard Hot Dog Trays,preserved,
https://hotdogtrays.com/product/kraft-hot-dog-tray/,https://hotdogtrays.com/product/red-and-white-hot-dog-trays/,https://hotdogtrays.com/product/red-and-white-hot-dog-trays/,Red and White Hot Dog Trays,Red and White Hot Dog Trays,preserved,
https://hotdogtrays.com/product/kraft-hot-dog-tray/,https://hotdogtrays.com/product/kraft-hot-dog-tray/,https://hotdogtrays.com/product/kraft-hot-dog-tray/,Kraft Hot Dog Tray,Kraft Hot Dog Tray,preserved,
https://hotdogtrays.com/product/kraft-hot-dog-tray/,https://hotdogtrays.com/about/,https://hotdogtrays.com/about/,About Us,About Us,preserved,
https://hotdogtrays.com/product/kraft-hot-dog-tray/,https://hotdogtrays.com/contact/,https://hotdogtrays.com/contact/,Contact,Contact,preserved,
https://hotdogtrays.com/product/kraft-hot-dog-tray/,https://hotdogtrays.com/cdn-cgi/l/email-protection#cca5a2aaa38ca4a3b8a8a3abb8beadb5bfe2afa3a1,,✉️ Email Us,,removed,"Not site content: WordPress admin, Cloudflare email obfuscation, add-to-cart parameter or an external tracking parameter"
https://hotdogtrays.com/product/kraft-hot-dog-tray/,https://hotdogtrays.com/get-quote/,https://hotdogtrays.com/get-quote/,Get Free Quote,Get Free Quote,preserved,
https://hotdogtrays.com/product/kraft-hot-dog-tray/,https://hotdogtrays.com/cdn-cgi/l/email-protection#7811161e173810170c1c171f0c0a19010b561b1715,,✉️ [emailprotected],,removed,"Not site content: WordPress admin, Cloudflare email obfuscation, add-to-cart parameter or an external tracking parameter"
https://hotdogtrays.com/product/kraft-hot-dog-tray/,https://hotdogtrays.com/?add-to-cart=76&,,Add To Cart,,removed,"Not site content: WordPress admin, Cloudflare email obfuscation, add-to-cart parameter or an external tracking parameter"
https://hotdogtrays.com/product/kraft-hot-dog-tray/,https://hotdogtrays.com/product-category/products/,https://hotdogtrays.com/shop/,Kraft tray range,Kraft tray range,updated,Destination consolidated; link now points at the final canonical URL instead of through a redirect
https://hotdogtrays.com/product/kraft-hot-dog-tray/,https://hotdogtrays.com/product/paper-hot-dog-trays/,https://hotdogtrays.com/product/paper-hot-dog-trays/,paper tray options,paper tray options,preserved,
https://hotdogtrays.com/product/kraft-hot-dog-tray/,https://hotdogtrays.com/product/hot-dog-boats-paper/,https://hotdogtrays.com/product/hot-dog-boats-paper/,boat trays,boat trays,preserved,
https://hotdogtrays.com/product/kraft-hot-dog-tray/,https://hotdogtrays.com/product/cardboard-hot-dog-trays/,https://hotdogtrays.com/product/cardboard-hot-dog-trays/,cardboard tray formats,cardboard tray formats,preserved,
https://hotdogtrays.com/product/kraft-hot-dog-tray/,https://hotdogtrays.com/get-quote/,https://hotdogtrays.com/get-quote/,Get Free Design Quote →,Get Free Design Quote →,preserved,
https://hotdogtrays.com/product/kraft-hot-dog-tray/,https://hotdogtrays.com/get-quote/,https://hotdogtrays.com/get-quote/,Get Industry Quote,Get Industry Quote,preserved,
https://hotdogtrays.com/product/kraft-hot-dog-tray/,https://hotdogtrays.com/contact/,https://hotdogtrays.com/contact/,contact us,contact us,preserved,
https://hotdogtrays.com/product/kraft-hot-dog-tray/,https://hotdogtrays.com/cdn-cgi/l/email-protection#0e676068614e66617a6a61697a7c6f777d206d6163,,[emailprotected],,removed,"Not site content: WordPress admin, Cloudflare email obfuscation, add-to-cart parameter or an external tracking parameter"
https://hotdogtrays.com/product/kraft-hot-dog-tray/,https://hotdogtrays.com/returns-policy/,https://hotdogtrays.com/terms-conditions/,Returns & Refunds Policy,Returns & Refunds Policy,updated,Destination consolidated; link now points at the final canonical URL instead of through a redirect
https://hotdogtrays.com/product/kraft-hot-dog-tray/,https://hotdogtrays.com/get-quote/,https://hotdogtrays.com/get-quote/,Request a quote,Request a quote,preserved,
https://hotdogtrays.com/product/kraft-hot-dog-tray/,https://hotdogtrays.com/contact/,https://hotdogtrays.com/contact/,Contact Support,Contact Support,preserved,
https://hotdogtrays.com/product/kraft-hot-dog-tray/,https://hotdogtrays.com/get-quote/,https://hotdogtrays.com/get-quote/,Order Risk-Free Today,Order Risk-Free Today,preserved,
https://hotdogtrays.com/product/kraft-hot-dog-tray/,https://hotdogtrays.com/privacy-policy/,https://hotdogtrays.com/privacy-policy/,Privacy Policy,Privacy Policy,preserved,
https://hotdogtrays.com/product/kraft-hot-dog-tray/,https://hotdogtrays.com/cdn-cgi/l/email-protection#85ecebe3eac5edeaf1e1eae2f1f7e4fcf6abe6eae8,,[emailprotected],,removed,"Not site content: WordPress admin, Cloudflare email obfuscation, add-to-cart parameter or an external tracking parameter"
https://hotdogtrays.com/product/kraft-hot-dog-tray/,https://hotdogtrays.com/,https://hotdogtrays.com/,Home,Home,preserved,
https://hotdogtrays.com/product/kraft-hot-dog-tray/,https://hotdogtrays.com/shop/,https://hotdogtrays.com/shop/,All Products,All Products,preserved,
https://hotdogtrays.com/product/kraft-hot-dog-tray/,https://hotdogtrays.com/blog/,,Blog,,removed,Link not present after rebuild — review
https://hotdogtrays.com/product/kraft-hot-dog-tray/,https://hotdogtrays.com/faq/,https://hotdogtrays.com/faq/,FAQ,FAQ,preserved,
https://hotdogtrays.com/product/kraft-hot-dog-tray/,https://hotdogtrays.com/shipping/,https://hotdogtrays.com/shipping/,Shipping Info,Shipping Info,preserved,
https://hotdogtrays.com/product/kraft-hot-dog-tray/,https://hotdogtrays.com/terms-conditions/,https://hotdogtrays.com/terms-conditions/,Terms & Conditions,Terms & Conditions,preserved,
https://hotdogtrays.com/product/kraft-hot-dog-tray/,https://hotdogtrays.com/product/red-and-white-hot-dog-trays/,https://hotdogtrays.com/product/red-and-white-hot-dog-trays/,Red & White Hot Dog Trays,Red & White Hot Dog Trays,preserved,
https://hotdogtrays.com/product/kraft-hot-dog-tray/,https://hotdogtrays.com/cdn-cgi/l/email-protection#1c75727a735c74736878737b686e7d656f327f7371,,[emailprotected],,removed,"Not site content: WordPress admin, Cloudflare email obfuscation, add-to-cart parameter or an external tracking parameter"
https://hotdogtrays.com/product/kraft-hot-dog-tray/,https://hotdogtrays.com/,https://hotdogtrays.com/,HotDogTrays.com,HotDogTrays.com,preserved,
https://hotdogtrays.com/product/hot-dog-plates/,https://hotdogtrays.com/,https://hotdogtrays.com/,🌭 HotDogTrays Premium Wholesale Trays,🌭 HotDogTrays Premium Wholesale Trays,preserved,
https://hotdogtrays.com/product/hot-dog-plates/,https://hotdogtrays.com/shop/,https://hotdogtrays.com/shop/,All Products ▼,All Products ▼,preserved,
https://hotdogtrays.com/product/hot-dog-plates/,https://hotdogtrays.com/product/hot-dog-serving-tray/,https://hotdogtrays.com/product/hot-dog-serving-tray/,Hot Dog Serving Tray,Hot Dog Serving Tray,preserved,
https://hotdogtrays.com/product/hot-dog-plates/,https://hotdogtrays.com/product/hot-dog-food-tray/,https://hotdogtrays.com/product/hot-dog-food-tray/,Hot Dog Food Tray,Hot Dog Food Tray,preserved,
https://hotdogtrays.com/product/hot-dog-plates/,https://hotdogtrays.com/product/hot-dog-plates/,https://hotdogtrays.com/product/hot-dog-plates/,Hot Dog Plates,Hot Dog Plates,preserved,
https://hotdogtrays.com/product/hot-dog-plates/,https://hotdogtrays.com/product/paper-hot-dog-trays/,https://hotdogtrays.com/product/paper-hot-dog-trays/,Paper Hot Dog Trays,Paper Hot Dog Trays,preserved,
https://hotdogtrays.com/product/hot-dog-plates/,https://hotdogtrays.com/product/hot-dog-paper-holders/,https://hotdogtrays.com/product/hot-dog-paper-holders/,Hot Dog Paper Holders,Hot Dog Paper Holders,preserved,
https://hotdogtrays.com/product/hot-dog-plates/,https://hotdogtrays.com/product/disposable-hot-dog-trays/,https://hotdogtrays.com/product/disposable-hot-dog-trays/,Disposable Hot Dog Trays,Disposable Hot Dog Trays,preserved,
https://hotdogtrays.com/product/hot-dog-plates/,https://hotdogtrays.com/product/hot-dog-boats-paper/,https://hotdogtrays.com/product/hot-dog-boats-paper/,Hot Dog Boats Paper,Hot Dog Boats Paper,preserved,
https://hotdogtrays.com/product/hot-dog-plates/,https://hotdogtrays.com/product/plastic-hot-dog-trays/,https://hotdogtrays.com/product/plastic-hot-dog-trays/,Plastic Hot Dog Trays,Plastic Hot Dog Trays,preserved,
https://hotdogtrays.com/product/hot-dog-plates/,https://hotdogtrays.com/product/hot-dog-container-paper/,https://hotdogtrays.com/product/hot-dog-container-paper/,Hot Dog Container Paper,Hot Dog Container Paper,preserved,
https://hotdogtrays.com/product/hot-dog-plates/,https://hotdogtrays.com/product/cardboard-hot-dog-holders/,https://hotdogtrays.com/product/cardboard-hot-dog-holders/,Cardboard Hot Dog Holders,Cardboard Hot Dog Holders,preserved,
https://hotdogtrays.com/product/hot-dog-plates/,https://hotdogtrays.com/product/disposable-hot-dog-holders/,https://hotdogtrays.com/product/disposable-hot-dog-holders/,Disposable Hot Dog Holders,Disposable Hot Dog Holders,preserved,
https://hotdogtrays.com/product/hot-dog-plates/,https://hotdogtrays.com/product/cardboard-hot-dog-trays/,https://hotdogtrays.com/product/cardboard-hot-dog-trays/,Cardboard Hot Dog Trays,Cardboard Hot Dog Trays,preserved,
https://hotdogtrays.com/product/hot-dog-plates/,https://hotdogtrays.com/product/red-and-white-hot-dog-trays/,https://hotdogtrays.com/product/red-and-white-hot-dog-trays/,Red and White Hot Dog Trays,Red and White Hot Dog Trays,preserved,
https://hotdogtrays.com/product/hot-dog-plates/,https://hotdogtrays.com/product/kraft-hot-dog-tray/,https://hotdogtrays.com/product/kraft-hot-dog-tray/,Kraft Hot Dog Tray,Kraft Hot Dog Tray,preserved,
https://hotdogtrays.com/product/hot-dog-plates/,https://hotdogtrays.com/about/,https://hotdogtrays.com/about/,About Us,About Us,preserved,
https://hotdogtrays.com/product/hot-dog-plates/,https://hotdogtrays.com/contact/,https://hotdogtrays.com/contact/,Contact,Contact,preserved,
https://hotdogtrays.com/product/hot-dog-plates/,https://hotdogtrays.com/cdn-cgi/l/email-protection#5d34333b321d35322939323a292f3c242e733e3230,,✉️ Email Us,,removed,"Not site content: WordPress admin, Cloudflare email obfuscation, add-to-cart parameter or an external tracking parameter"
https://hotdogtrays.com/product/hot-dog-plates/,https://hotdogtrays.com/get-quote/,https://hotdogtrays.com/get-quote/,Get Free Quote,Get Free Quote,preserved,
https://hotdogtrays.com/product/hot-dog-plates/,https://hotdogtrays.com/cdn-cgi/l/email-protection#c3aaada5ac83abacb7a7aca4b7b1a2bab0eda0acae,,✉️ [emailprotected],,removed,"Not site content: WordPress admin, Cloudflare email obfuscation, add-to-cart parameter or an external tracking parameter"
https://hotdogtrays.com/product/hot-dog-plates/,https://hotdogtrays.com/?add-to-cart=65&,,Add To Cart,,removed,"Not site content: WordPress admin, Cloudflare email obfuscation, add-to-cart parameter or an external tracking parameter"
https://hotdogtrays.com/product/hot-dog-plates/,https://hotdogtrays.com/product-category/products,https://hotdogtrays.com/shop/,serving products collection,serving products collection,updated,Destination consolidated; link now points at the final canonical URL instead of through a redirect
https://hotdogtrays.com/product/hot-dog-plates/,https://hotdogtrays.com/product/hot-dog-serving-tray/,https://hotdogtrays.com/product/hot-dog-serving-tray/,serving tray format,serving tray format,preserved,
https://hotdogtrays.com/product/hot-dog-plates/,https://hotdogtrays.com/product/plastic-hot-dog-trays/,https://hotdogtrays.com/product/plastic-hot-dog-trays/,easy clean tray option,easy clean tray option,preserved,
https://hotdogtrays.com/product/hot-dog-plates/,https://hotdogtrays.com/product/paper-hot-dog-trays/,https://hotdogtrays.com/product/paper-hot-dog-trays/,lightweight paper trays,lightweight paper trays,preserved,
https://hotdogtrays.com/product/hot-dog-plates/,https://hotdogtrays.com/get-quote/,https://hotdogtrays.com/get-quote/,Get Free Design Quote →,Get Free Design Quote →,preserved,
https://hotdogtrays.com/product/hot-dog-plates/,https://hotdogtrays.com/get-quote/,https://hotdogtrays.com/get-quote/,Get Industry Quote,Get Industry Quote,preserved,
https://hotdogtrays.com/product/hot-dog-plates/,https://hotdogtrays.com/contact/,https://hotdogtrays.com/contact/,contact us,contact us,preserved,
https://hotdogtrays.com/product/hot-dog-plates/,https://hotdogtrays.com/cdn-cgi/l/email-protection#9ef7f0f8f1def6f1eafaf1f9eaecffe7edb0fdf1f3,,[emailprotected],,removed,"Not site content: WordPress admin, Cloudflare email obfuscation, add-to-cart parameter or an external tracking parameter"
https://hotdogtrays.com/product/hot-dog-plates/,https://hotdogtrays.com/returns-policy/,https://hotdogtrays.com/terms-conditions/,Returns & Refunds Policy,Returns & Refunds Policy,updated,Destination consolidated; link now points at the final canonical URL instead of through a redirect
https://hotdogtrays.com/product/hot-dog-plates/,https://hotdogtrays.com/get-quote/,https://hotdogtrays.com/get-quote/,Request a quote,Request a quote,preserved,
https://hotdogtrays.com/product/hot-dog-plates/,https://hotdogtrays.com/contact/,https://hotdogtrays.com/contact/,Contact Support,Contact Support,preserved,
https://hotdogtrays.com/product/hot-dog-plates/,https://hotdogtrays.com/get-quote/,https://hotdogtrays.com/get-quote/,Order Risk-Free Today,Order Risk-Free Today,preserved,
https://hotdogtrays.com/product/hot-dog-plates/,https://hotdogtrays.com/privacy-policy/,https://hotdogtrays.com/privacy-policy/,Privacy Policy,Privacy Policy,preserved,
https://hotdogtrays.com/product/hot-dog-plates/,https://hotdogtrays.com/cdn-cgi/l/email-protection#a4cdcac2cbe4cccbd0c0cbc3d0d6c5ddd78ac7cbc9,,[emailprotected],,removed,"Not site content: WordPress admin, Cloudflare email obfuscation, add-to-cart parameter or an external tracking parameter"
https://hotdogtrays.com/product/hot-dog-plates/,https://hotdogtrays.com/,https://hotdogtrays.com/,Home,Home,preserved,
https://hotdogtrays.com/product/hot-dog-plates/,https://hotdogtrays.com/shop/,https://hotdogtrays.com/shop/,All Products,All Products,preserved,
https://hotdogtrays.com/product/hot-dog-plates/,https://hotdogtrays.com/blog/,,Blog,,removed,Link not present after rebuild — review
https://hotdogtrays.com/product/hot-dog-plates/,https://hotdogtrays.com/faq/,https://hotdogtrays.com/faq/,FAQ,FAQ,preserved,
https://hotdogtrays.com/product/hot-dog-plates/,https://hotdogtrays.com/shipping/,https://hotdogtrays.com/shipping/,Shipping Info,Shipping Info,preserved,
https://hotdogtrays.com/product/hot-dog-plates/,https://hotdogtrays.com/terms-conditions/,https://hotdogtrays.com/terms-conditions/,Terms & Conditions,Terms & Conditions,preserved,
https://hotdogtrays.com/product/hot-dog-plates/,https://hotdogtrays.com/product/red-and-white-hot-dog-trays/,https://hotdogtrays.com/product/red-and-white-hot-dog-trays/,Red & White Hot Dog Trays,Red & White Hot Dog Trays,preserved,
https://hotdogtrays.com/product/hot-dog-plates/,https://hotdogtrays.com/cdn-cgi/l/email-protection#3f565159507f57504b5b50584b4d5e464c115c5052,,[emailprotected],,removed,"Not site content: WordPress admin, Cloudflare email obfuscation, add-to-cart parameter or an external tracking parameter"
https://hotdogtrays.com/product/hot-dog-plates/,https://hotdogtrays.com/,https://hotdogtrays.com/,HotDogTrays.com,HotDogTrays.com,preserved,
https://hotdogtrays.com/product/paper-hot-dog-trays/,https://hotdogtrays.com/,https://hotdogtrays.com/,🌭 HotDogTrays Premium Wholesale Trays,🌭 HotDogTrays Premium Wholesale Trays,preserved,
https://hotdogtrays.com/product/paper-hot-dog-trays/,https://hotdogtrays.com/shop/,https://hotdogtrays.com/shop/,All Products ▼,All Products ▼,preserved,
https://hotdogtrays.com/product/paper-hot-dog-trays/,https://hotdogtrays.com/product/hot-dog-serving-tray/,https://hotdogtrays.com/product/hot-dog-serving-tray/,Hot Dog Serving Tray,Hot Dog Serving Tray,preserved,
https://hotdogtrays.com/product/paper-hot-dog-trays/,https://hotdogtrays.com/product/hot-dog-food-tray/,https://hotdogtrays.com/product/hot-dog-food-tray/,Hot Dog Food Tray,Hot Dog Food Tray,preserved,
https://hotdogtrays.com/product/paper-hot-dog-trays/,https://hotdogtrays.com/product/hot-dog-plates/,https://hotdogtrays.com/product/hot-dog-plates/,Hot Dog Plates,Hot Dog Plates,preserved,
https://hotdogtrays.com/product/paper-hot-dog-trays/,https://hotdogtrays.com/product/paper-hot-dog-trays/,https://hotdogtrays.com/product/paper-hot-dog-trays/,Paper Hot Dog Trays,Paper Hot Dog Trays,preserved,
https://hotdogtrays.com/product/paper-hot-dog-trays/,https://hotdogtrays.com/product/hot-dog-paper-holders/,https://hotdogtrays.com/product/hot-dog-paper-holders/,Hot Dog Paper Holders,Hot Dog Paper Holders,preserved,
https://hotdogtrays.com/product/paper-hot-dog-trays/,https://hotdogtrays.com/product/disposable-hot-dog-trays/,https://hotdogtrays.com/product/disposable-hot-dog-trays/,Disposable Hot Dog Trays,Disposable Hot Dog Trays,preserved,
https://hotdogtrays.com/product/paper-hot-dog-trays/,https://hotdogtrays.com/product/hot-dog-boats-paper/,https://hotdogtrays.com/product/hot-dog-boats-paper/,Hot Dog Boats Paper,Hot Dog Boats Paper,preserved,
https://hotdogtrays.com/product/paper-hot-dog-trays/,https://hotdogtrays.com/product/plastic-hot-dog-trays/,https://hotdogtrays.com/product/plastic-hot-dog-trays/,Plastic Hot Dog Trays,Plastic Hot Dog Trays,preserved,
https://hotdogtrays.com/product/paper-hot-dog-trays/,https://hotdogtrays.com/product/hot-dog-container-paper/,https://hotdogtrays.com/product/hot-dog-container-paper/,Hot Dog Container Paper,Hot Dog Container Paper,preserved,
https://hotdogtrays.com/product/paper-hot-dog-trays/,https://hotdogtrays.com/product/cardboard-hot-dog-holders/,https://hotdogtrays.com/product/cardboard-hot-dog-holders/,Cardboard Hot Dog Holders,Cardboard Hot Dog Holders,preserved,
https://hotdogtrays.com/product/paper-hot-dog-trays/,https://hotdogtrays.com/product/disposable-hot-dog-holders/,https://hotdogtrays.com/product/disposable-hot-dog-holders/,Disposable Hot Dog Holders,Disposable Hot Dog Holders,preserved,
https://hotdogtrays.com/product/paper-hot-dog-trays/,https://hotdogtrays.com/product/cardboard-hot-dog-trays/,https://hotdogtrays.com/product/cardboard-hot-dog-trays/,Cardboard Hot Dog Trays,Cardboard Hot Dog Trays,preserved,
https://hotdogtrays.com/product/paper-hot-dog-trays/,https://hotdogtrays.com/product/red-and-white-hot-dog-trays/,https://hotdogtrays.com/product/red-and-white-hot-dog-trays/,Red and White Hot Dog Trays,Red and White Hot Dog Trays,preserved,
https://hotdogtrays.com/product/paper-hot-dog-trays/,https://hotdogtrays.com/product/kraft-hot-dog-tray/,https://hotdogtrays.com/product/kraft-hot-dog-tray/,Kraft Hot Dog Tray,Kraft Hot Dog Tray,preserved,
https://hotdogtrays.com/product/paper-hot-dog-trays/,https://hotdogtrays.com/about/,https://hotdogtrays.com/about/,About Us,About Us,preserved,
https://hotdogtrays.com/product/paper-hot-dog-trays/,https://hotdogtrays.com/contact/,https://hotdogtrays.com/contact/,Contact,Contact,preserved,
https://hotdogtrays.com/product/paper-hot-dog-trays/,https://hotdogtrays.com/cdn-cgi/l/email-protection#e48d8a828ba48c8b90808b839096859d97ca878b89,,✉️ Email Us,,removed,"Not site content: WordPress admin, Cloudflare email obfuscation, add-to-cart parameter or an external tracking parameter"
https://hotdogtrays.com/product/paper-hot-dog-trays/,https://hotdogtrays.com/get-quote/,https://hotdogtrays.com/get-quote/,Get Free Quote,Get Free Quote,preserved,
https://hotdogtrays.com/product/paper-hot-dog-trays/,https://hotdogtrays.com/cdn-cgi/l/email-protection#630a0d050c230b0c17070c041711021a104d000c0e,,✉️ [emailprotected],,removed,"Not site content: WordPress admin, Cloudflare email obfuscation, add-to-cart parameter or an external tracking parameter"
https://hotdogtrays.com/product/paper-hot-dog-trays/,https://hotdogtrays.com/?add-to-cart=66&,,Add To Cart,,removed,"Not site content: WordPress admin, Cloudflare email obfuscation, add-to-cart parameter or an external tracking parameter"
https://hotdogtrays.com/product/paper-hot-dog-trays/,https://hotdogtrays.com/product-category/products,https://hotdogtrays.com/shop/,paper tray options,paper tray options,updated,Destination consolidated; link now points at the final canonical URL instead of through a redirect
https://hotdogtrays.com/product/paper-hot-dog-trays/,https://hotdogtrays.com/product/hot-dog-boats-paper/,https://hotdogtrays.com/product/hot-dog-boats-paper/,paper boat trays,paper boat trays,preserved,
https://hotdogtrays.com/product/paper-hot-dog-trays/,https://hotdogtrays.com/product/hot-dog-container-paper/,https://hotdogtrays.com/product/hot-dog-container-paper/,paper food containers,paper food containers,preserved,
https://hotdogtrays.com/product/paper-hot-dog-trays/,https://hotdogtrays.com/product/kraft-hot-dog-tray/,https://hotdogtrays.com/product/kraft-hot-dog-tray/,kraft paper trays,kraft paper trays,preserved,
https://hotdogtrays.com/product/paper-hot-dog-trays/,https://hotdogtrays.com/get-quote/,https://hotdogtrays.com/get-quote/,Get Free Design Quote →,Get Free Design Quote →,preserved,
https://hotdogtrays.com/product/paper-hot-dog-trays/,https://hotdogtrays.com/get-quote/,https://hotdogtrays.com/get-quote/,Get Industry Quote,Get Industry Quote,preserved,
https://hotdogtrays.com/product/paper-hot-dog-trays/,https://hotdogtrays.com/contact/,https://hotdogtrays.com/contact/,contact us,contact us,preserved,
https://hotdogtrays.com/product/paper-hot-dog-trays/,https://hotdogtrays.com/cdn-cgi/l/email-protection#d5bcbbb3ba95bdbaa1b1bab2a1a7b4aca6fbb6bab8,,[emailprotected],,removed,"Not site content: WordPress admin, Cloudflare email obfuscation, add-to-cart parameter or an external tracking parameter"
https://hotdogtrays.com/product/paper-hot-dog-trays/,https://hotdogtrays.com/returns-policy/,https://hotdogtrays.com/terms-conditions/,Returns & Refunds Policy,Returns & Refunds Policy,updated,Destination consolidated; link now points at the final canonical URL instead of through a redirect
https://hotdogtrays.com/product/paper-hot-dog-trays/,https://hotdogtrays.com/get-quote/,https://hotdogtrays.com/get-quote/,Request a quote,Request a quote,preserved,
https://hotdogtrays.com/product/paper-hot-dog-trays/,https://hotdogtrays.com/contact/,https://hotdogtrays.com/contact/,Contact Support,Contact Support,preserved,
https://hotdogtrays.com/product/paper-hot-dog-trays/,https://hotdogtrays.com/get-quote/,https://hotdogtrays.com/get-quote/,Order Risk-Free Today,Order Risk-Free Today,preserved,
https://hotdogtrays.com/product/paper-hot-dog-trays/,https://hotdogtrays.com/privacy-policy/,https://hotdogtrays.com/privacy-policy/,Privacy Policy,Privacy Policy,preserved,
https://hotdogtrays.com/product/paper-hot-dog-trays/,https://hotdogtrays.com/cdn-cgi/l/email-protection#f29b9c949db29a9d86969d958680938b81dc919d9f,,[emailprotected],,removed,"Not site content: WordPress admin, Cloudflare email obfuscation, add-to-cart parameter or an external tracking parameter"
https://hotdogtrays.com/product/paper-hot-dog-trays/,https://hotdogtrays.com/,https://hotdogtrays.com/,Home,Home,preserved,
https://hotdogtrays.com/product/paper-hot-dog-trays/,https://hotdogtrays.com/shop/,https://hotdogtrays.com/shop/,All Products,All Products,preserved,
https://hotdogtrays.com/product/paper-hot-dog-trays/,https://hotdogtrays.com/blog/,,Blog,,removed,Link not present after rebuild — review
https://hotdogtrays.com/product/paper-hot-dog-trays/,https://hotdogtrays.com/faq/,https://hotdogtrays.com/faq/,FAQ,FAQ,preserved,
https://hotdogtrays.com/product/paper-hot-dog-trays/,https://hotdogtrays.com/shipping/,https://hotdogtrays.com/shipping/,Shipping Info,Shipping Info,preserved,
https://hotdogtrays.com/product/paper-hot-dog-trays/,https://hotdogtrays.com/terms-conditions/,https://hotdogtrays.com/terms-conditions/,Terms & Conditions,Terms & Conditions,preserved,
https://hotdogtrays.com/product/paper-hot-dog-trays/,https://hotdogtrays.com/product/red-and-white-hot-dog-trays/,https://hotdogtrays.com/product/red-and-white-hot-dog-trays/,Red & White Hot Dog Trays,Red & White Hot Dog Trays,preserved,
https://hotdogtrays.com/product/paper-hot-dog-trays/,https://hotdogtrays.com/cdn-cgi/l/email-protection#640d0a020b240c0b10000b031016051d174a070b09,,[emailprotected],,removed,"Not site content: WordPress admin, Cloudflare email obfuscation, add-to-cart parameter or an external tracking parameter"
https://hotdogtrays.com/product/paper-hot-dog-trays/,https://hotdogtrays.com/,https://hotdogtrays.com/,HotDogTrays.com,HotDogTrays.com,preserved,
https://hotdogtrays.com/product/hot-dog-boats-paper/,https://hotdogtrays.com/,https://hotdogtrays.com/,🌭 HotDogTrays Premium Wholesale Trays,🌭 HotDogTrays Premium Wholesale Trays,preserved,
https://hotdogtrays.com/product/hot-dog-boats-paper/,https://hotdogtrays.com/shop/,https://hotdogtrays.com/shop/,All Products ▼,All Products ▼,preserved,
https://hotdogtrays.com/product/hot-dog-boats-paper/,https://hotdogtrays.com/product/hot-dog-serving-tray/,https://hotdogtrays.com/product/hot-dog-serving-tray/,Hot Dog Serving Tray,Hot Dog Serving Tray,preserved,
https://hotdogtrays.com/product/hot-dog-boats-paper/,https://hotdogtrays.com/product/hot-dog-food-tray/,https://hotdogtrays.com/product/hot-dog-food-tray/,Hot Dog Food Tray,Hot Dog Food Tray,preserved,
https://hotdogtrays.com/product/hot-dog-boats-paper/,https://hotdogtrays.com/product/hot-dog-plates/,https://hotdogtrays.com/product/hot-dog-plates/,Hot Dog Plates,Hot Dog Plates,preserved,
https://hotdogtrays.com/product/hot-dog-boats-paper/,https://hotdogtrays.com/product/paper-hot-dog-trays/,https://hotdogtrays.com/product/paper-hot-dog-trays/,Paper Hot Dog Trays,Paper Hot Dog Trays,preserved,
https://hotdogtrays.com/product/hot-dog-boats-paper/,https://hotdogtrays.com/product/hot-dog-paper-holders/,https://hotdogtrays.com/product/hot-dog-paper-holders/,Hot Dog Paper Holders,Hot Dog Paper Holders,preserved,
https://hotdogtrays.com/product/hot-dog-boats-paper/,https://hotdogtrays.com/product/disposable-hot-dog-trays/,https://hotdogtrays.com/product/disposable-hot-dog-trays/,Disposable Hot Dog Trays,Disposable Hot Dog Trays,preserved,
https://hotdogtrays.com/product/hot-dog-boats-paper/,https://hotdogtrays.com/product/hot-dog-boats-paper/,https://hotdogtrays.com/product/hot-dog-boats-paper/,Hot Dog Boats Paper,Hot Dog Boats Paper,preserved,
https://hotdogtrays.com/product/hot-dog-boats-paper/,https://hotdogtrays.com/product/plastic-hot-dog-trays/,https://hotdogtrays.com/product/plastic-hot-dog-trays/,Plastic Hot Dog Trays,Plastic Hot Dog Trays,preserved,
https://hotdogtrays.com/product/hot-dog-boats-paper/,https://hotdogtrays.com/product/hot-dog-container-paper/,https://hotdogtrays.com/product/hot-dog-container-paper/,Hot Dog Container Paper,Hot Dog Container Paper,preserved,
https://hotdogtrays.com/product/hot-dog-boats-paper/,https://hotdogtrays.com/product/cardboard-hot-dog-holders/,https://hotdogtrays.com/product/cardboard-hot-dog-holders/,Cardboard Hot Dog Holders,Cardboard Hot Dog Holders,preserved,
https://hotdogtrays.com/product/hot-dog-boats-paper/,https://hotdogtrays.com/product/disposable-hot-dog-holders/,https://hotdogtrays.com/product/disposable-hot-dog-holders/,Disposable Hot Dog Holders,Disposable Hot Dog Holders,preserved,
https://hotdogtrays.com/product/hot-dog-boats-paper/,https://hotdogtrays.com/product/cardboard-hot-dog-trays/,https://hotdogtrays.com/product/cardboard-hot-dog-trays/,Cardboard Hot Dog Trays,Cardboard Hot Dog Trays,preserved,
https://hotdogtrays.com/product/hot-dog-boats-paper/,https://hotdogtrays.com/product/red-and-white-hot-dog-trays/,https://hotdogtrays.com/product/red-and-white-hot-dog-trays/,Red and White Hot Dog Trays,Red and White Hot Dog Trays,preserved,
https://hotdogtrays.com/product/hot-dog-boats-paper/,https://hotdogtrays.com/product/kraft-hot-dog-tray/,https://hotdogtrays.com/product/kraft-hot-dog-tray/,Kraft Hot Dog Tray,Kraft Hot Dog Tray,preserved,
https://hotdogtrays.com/product/hot-dog-boats-paper/,https://hotdogtrays.com/about/,https://hotdogtrays.com/about/,About Us,About Us,preserved,
https://hotdogtrays.com/product/hot-dog-boats-paper/,https://hotdogtrays.com/contact/,https://hotdogtrays.com/contact/,Contact,Contact,preserved,
https://hotdogtrays.com/product/hot-dog-boats-paper/,https://hotdogtrays.com/cdn-cgi/l/email-protection#a4cdcac2cbe4cccbd0c0cbc3d0d6c5ddd78ac7cbc9,,✉️ Email Us,,removed,"Not site content: WordPress admin, Cloudflare email obfuscation, add-to-cart parameter or an external tracking parameter"
https://hotdogtrays.com/product/hot-dog-boats-paper/,https://hotdogtrays.com/get-quote/,https://hotdogtrays.com/get-quote/,Get Free Quote,Get Free Quote,preserved,
https://hotdogtrays.com/product/hot-dog-boats-paper/,https://hotdogtrays.com/cdn-cgi/l/email-protection#9cf5f2faf3dcf4f3e8f8f3fbe8eefde5efb2fff3f1,,✉️ [emailprotected],,removed,"Not site content: WordPress admin, Cloudflare email obfuscation, add-to-cart parameter or an external tracking parameter"
https://hotdogtrays.com/product/hot-dog-boats-paper/,https://hotdogtrays.com/?add-to-cart=69&,,Add To Cart,,removed,"Not site content: WordPress admin, Cloudflare email obfuscation, add-to-cart parameter or an external tracking parameter"
https://hotdogtrays.com/product/hot-dog-boats-paper/,https://hotdogtrays.com/product-category/products,https://hotdogtrays.com/shop/,boat tray collection,boat tray collection,updated,Destination consolidated; link now points at the final canonical URL instead of through a redirect
https://hotdogtrays.com/product/hot-dog-boats-paper/,https://hotdogtrays.com/product/paper-hot-dog-trays/,https://hotdogtrays.com/product/paper-hot-dog-trays/,paper tray formats,paper tray formats,preserved,
https://hotdogtrays.com/product/hot-dog-boats-paper/,https://hotdogtrays.com/product/kraft-hot-dog-tray/,https://hotdogtrays.com/product/kraft-hot-dog-tray/,kraft tray option,kraft tray option,preserved,
https://hotdogtrays.com/product/hot-dog-boats-paper/,https://hotdogtrays.com/product/hot-dog-serving-tray/,https://hotdogtrays.com/product/hot-dog-serving-tray/,serving tray style,serving tray style,preserved,
https://hotdogtrays.com/product/hot-dog-boats-paper/,https://hotdogtrays.com/get-quote/,https://hotdogtrays.com/get-quote/,Get Free Design Quote →,Get Free Design Quote →,preserved,
https://hotdogtrays.com/product/hot-dog-boats-paper/,https://hotdogtrays.com/get-quote/,https://hotdogtrays.com/get-quote/,Get Industry Quote,Get Industry Quote,preserved,
https://hotdogtrays.com/product/hot-dog-boats-paper/,https://hotdogtrays.com/contact/,https://hotdogtrays.com/contact/,contact us,contact us,preserved,
https://hotdogtrays.com/product/hot-dog-boats-paper/,https://hotdogtrays.com/cdn-cgi/l/email-protection#d8b1b6beb798b0b7acbcb7bfacaab9a1abf6bbb7b5,,[emailprotected],,removed,"Not site content: WordPress admin, Cloudflare email obfuscation, add-to-cart parameter or an external tracking parameter"
https://hotdogtrays.com/product/hot-dog-boats-paper/,https://hotdogtrays.com/returns-policy/,https://hotdogtrays.com/terms-conditions/,Returns & Refunds Policy,Returns & Refunds Policy,updated,Destination consolidated; link now points at the final canonical URL instead of through a redirect
https://hotdogtrays.com/product/hot-dog-boats-paper/,https://hotdogtrays.com/get-quote/,https://hotdogtrays.com/get-quote/,Request a quote,Request a quote,preserved,
https://hotdogtrays.com/product/hot-dog-boats-paper/,https://hotdogtrays.com/contact/,https://hotdogtrays.com/contact/,Contact Support,Contact Support,preserved,
https://hotdogtrays.com/product/hot-dog-boats-paper/,https://hotdogtrays.com/get-quote/,https://hotdogtrays.com/get-quote/,Order Risk-Free Today,Order Risk-Free Today,preserved,
https://hotdogtrays.com/product/hot-dog-boats-paper/,https://hotdogtrays.com/privacy-policy/,https://hotdogtrays.com/privacy-policy/,Privacy Policy,Privacy Policy,preserved,
https://hotdogtrays.com/product/hot-dog-boats-paper/,https://hotdogtrays.com/cdn-cgi/l/email-protection#21484f474e61494e55454e4655534058520f424e4c,,[emailprotected],,removed,"Not site content: WordPress admin, Cloudflare email obfuscation, add-to-cart parameter or an external tracking parameter"
https://hotdogtrays.com/product/hot-dog-boats-paper/,https://hotdogtrays.com/,https://hotdogtrays.com/,Home,Home,preserved,
https://hotdogtrays.com/product/hot-dog-boats-paper/,https://hotdogtrays.com/shop/,https://hotdogtrays.com/shop/,All Products,All Products,preserved,
https://hotdogtrays.com/product/hot-dog-boats-paper/,https://hotdogtrays.com/blog/,,Blog,,removed,Link not present after rebuild — review
https://hotdogtrays.com/product/hot-dog-boats-paper/,https://hotdogtrays.com/faq/,https://hotdogtrays.com/faq/,FAQ,FAQ,preserved,
https://hotdogtrays.com/product/hot-dog-boats-paper/,https://hotdogtrays.com/shipping/,https://hotdogtrays.com/shipping/,Shipping Info,Shipping Info,preserved,
https://hotdogtrays.com/product/hot-dog-boats-paper/,https://hotdogtrays.com/terms-conditions/,https://hotdogtrays.com/terms-conditions/,Terms & Conditions,Terms & Conditions,preserved,
https://hotdogtrays.com/product/hot-dog-boats-paper/,https://hotdogtrays.com/product/red-and-white-hot-dog-trays/,https://hotdogtrays.com/product/red-and-white-hot-dog-trays/,Red & White Hot Dog Trays,Red & White Hot Dog Trays,preserved,
https://hotdogtrays.com/product/hot-dog-boats-paper/,https://hotdogtrays.com/cdn-cgi/l/email-protection#fa93949c95ba92958e9e959d8e889b8389d4999597,,[emailprotected],,removed,"Not site content: WordPress admin, Cloudflare email obfuscation, add-to-cart parameter or an external tracking parameter"
https://hotdogtrays.com/product/hot-dog-boats-paper/,https://hotdogtrays.com/,https://hotdogtrays.com/,HotDogTrays.com,HotDogTrays.com,preserved,
https://hotdogtrays.com/product/hot-dog-paper-holders/,https://hotdogtrays.com/,https://hotdogtrays.com/,🌭 HotDogTrays Premium Wholesale Trays,🌭 HotDogTrays Premium Wholesale Trays,preserved,
https://hotdogtrays.com/product/hot-dog-paper-holders/,https://hotdogtrays.com/shop/,https://hotdogtrays.com/shop/,All Products ▼,All Products ▼,preserved,
https://hotdogtrays.com/product/hot-dog-paper-holders/,https://hotdogtrays.com/product/hot-dog-serving-tray/,https://hotdogtrays.com/product/hot-dog-serving-tray/,Hot Dog Serving Tray,Hot Dog Serving Tray,preserved,
https://hotdogtrays.com/product/hot-dog-paper-holders/,https://hotdogtrays.com/product/hot-dog-food-tray/,https://hotdogtrays.com/product/hot-dog-food-tray/,Hot Dog Food Tray,Hot Dog Food Tray,preserved,
https://hotdogtrays.com/product/hot-dog-paper-holders/,https://hotdogtrays.com/product/hot-dog-plates/,https://hotdogtrays.com/product/hot-dog-plates/,Hot Dog Plates,Hot Dog Plates,preserved,
https://hotdogtrays.com/product/hot-dog-paper-holders/,https://hotdogtrays.com/product/paper-hot-dog-trays/,https://hotdogtrays.com/product/paper-hot-dog-trays/,Paper Hot Dog Trays,Paper Hot Dog Trays,preserved,
https://hotdogtrays.com/product/hot-dog-paper-holders/,https://hotdogtrays.com/product/hot-dog-paper-holders/,https://hotdogtrays.com/product/hot-dog-paper-holders/,Hot Dog Paper Holders,Hot Dog Paper Holders,preserved,
https://hotdogtrays.com/product/hot-dog-paper-holders/,https://hotdogtrays.com/product/disposable-hot-dog-trays/,https://hotdogtrays.com/product/disposable-hot-dog-trays/,Disposable Hot Dog Trays,Disposable Hot Dog Trays,preserved,
https://hotdogtrays.com/product/hot-dog-paper-holders/,https://hotdogtrays.com/product/hot-dog-boats-paper/,https://hotdogtrays.com/product/hot-dog-boats-paper/,Hot Dog Boats Paper,Hot Dog Boats Paper,preserved,
https://hotdogtrays.com/product/hot-dog-paper-holders/,https://hotdogtrays.com/product/plastic-hot-dog-trays/,https://hotdogtrays.com/product/plastic-hot-dog-trays/,Plastic Hot Dog Trays,Plastic Hot Dog Trays,preserved,
https://hotdogtrays.com/product/hot-dog-paper-holders/,https://hotdogtrays.com/product/hot-dog-container-paper/,https://hotdogtrays.com/product/hot-dog-container-paper/,Hot Dog Container Paper,Hot Dog Container Paper,preserved,
https://hotdogtrays.com/product/hot-dog-paper-holders/,https://hotdogtrays.com/product/cardboard-hot-dog-holders/,https://hotdogtrays.com/product/cardboard-hot-dog-holders/,Cardboard Hot Dog Holders,Cardboard Hot Dog Holders,preserved,
https://hotdogtrays.com/product/hot-dog-paper-holders/,https://hotdogtrays.com/product/disposable-hot-dog-holders/,https://hotdogtrays.com/product/disposable-hot-dog-holders/,Disposable Hot Dog Holders,Disposable Hot Dog Holders,preserved,
https://hotdogtrays.com/product/hot-dog-paper-holders/,https://hotdogtrays.com/product/cardboard-hot-dog-trays/,https://hotdogtrays.com/product/cardboard-hot-dog-trays/,Cardboard Hot Dog Trays,Cardboard Hot Dog Trays,preserved,
https://hotdogtrays.com/product/hot-dog-paper-holders/,https://hotdogtrays.com/product/red-and-white-hot-dog-trays/,https://hotdogtrays.com/product/red-and-white-hot-dog-trays/,Red and White Hot Dog Trays,Red and White Hot Dog Trays,preserved,
https://hotdogtrays.com/product/hot-dog-paper-holders/,https://hotdogtrays.com/product/kraft-hot-dog-tray/,https://hotdogtrays.com/product/kraft-hot-dog-tray/,Kraft Hot Dog Tray,Kraft Hot Dog Tray,preserved,
https://hotdogtrays.com/product/hot-dog-paper-holders/,https://hotdogtrays.com/about/,https://hotdogtrays.com/about/,About Us,About Us,preserved,
https://hotdogtrays.com/product/hot-dog-paper-holders/,https://hotdogtrays.com/contact/,https://hotdogtrays.com/contact/,Contact,Contact,preserved,
https://hotdogtrays.com/product/hot-dog-paper-holders/,https://hotdogtrays.com/cdn-cgi/l/email-protection#2d44434b426d45425949424a595f4c545e034e4240,,✉️ Email Us,,removed,"Not site content: WordPress admin, Cloudflare email obfuscation, add-to-cart parameter or an external tracking parameter"
https://hotdogtrays.com/product/hot-dog-paper-holders/,https://hotdogtrays.com/get-quote/,https://hotdogtrays.com/get-quote/,Get Free Quote,Get Free Quote,preserved,
https://hotdogtrays.com/product/hot-dog-paper-holders/,https://hotdogtrays.com/cdn-cgi/l/email-protection#422b2c242d022a2d36262d253630233b316c212d2f,,✉️ [emailprotected],,removed,"Not site content: WordPress admin, Cloudflare email obfuscation, add-to-cart parameter or an external tracking parameter"
https://hotdogtrays.com/product/hot-dog-paper-holders/,https://hotdogtrays.com/?add-to-cart=67&,,Add To Cart,,removed,"Not site content: WordPress admin, Cloudflare email obfuscation, add-to-cart parameter or an external tracking parameter"
https://hotdogtrays.com/product/hot-dog-paper-holders/,https://hotdogtrays.com/product-category/products,https://hotdogtrays.com/shop/,holder and tray range,holder and tray range,updated,Destination consolidated; link now points at the final canonical URL instead of through a redirect
https://hotdogtrays.com/product/hot-dog-paper-holders/,https://hotdogtrays.com/product/cardboard-hot-dog-holders/,https://hotdogtrays.com/product/cardboard-hot-dog-holders/,cardboard holders,cardboard holders,preserved,
https://hotdogtrays.com/product/hot-dog-paper-holders/,https://hotdogtrays.com/product/disposable-hot-dog-holders/,https://hotdogtrays.com/product/disposable-hot-dog-holders/,disposable holders,disposable holders,preserved,
https://hotdogtrays.com/product/hot-dog-paper-holders/,https://hotdogtrays.com/product/hot-dog-container-paper/,https://hotdogtrays.com/product/hot-dog-container-paper/,paper container style,paper container style,preserved,
https://hotdogtrays.com/product/hot-dog-paper-holders/,https://hotdogtrays.com/get-quote/,https://hotdogtrays.com/get-quote/,Get Free Design Quote →,Get Free Design Quote →,preserved,
https://hotdogtrays.com/product/hot-dog-paper-holders/,https://hotdogtrays.com/get-quote/,https://hotdogtrays.com/get-quote/,Get Industry Quote,Get Industry Quote,preserved,
https://hotdogtrays.com/product/hot-dog-paper-holders/,https://hotdogtrays.com/contact/,https://hotdogtrays.com/contact/,contact us,contact us,preserved,
https://hotdogtrays.com/product/hot-dog-paper-holders/,https://hotdogtrays.com/cdn-cgi/l/email-protection#543d3a323b143c3b20303b332026352d277a373b39,,[emailprotected],,removed,"Not site content: WordPress admin, Cloudflare email obfuscation, add-to-cart parameter or an external tracking parameter"
https://hotdogtrays.com/product/hot-dog-paper-holders/,https://hotdogtrays.com/returns-policy/,https://hotdogtrays.com/terms-conditions/,Returns & Refunds Policy,Returns & Refunds Policy,updated,Destination consolidated; link now points at the final canonical URL instead of through a redirect
https://hotdogtrays.com/product/hot-dog-paper-holders/,https://hotdogtrays.com/get-quote/,https://hotdogtrays.com/get-quote/,Request a quote,Request a quote,preserved,
https://hotdogtrays.com/product/hot-dog-paper-holders/,https://hotdogtrays.com/contact/,https://hotdogtrays.com/contact/,Contact Support,Contact Support,preserved,
https://hotdogtrays.com/product/hot-dog-paper-holders/,https://hotdogtrays.com/get-quote/,https://hotdogtrays.com/get-quote/,Order Risk-Free Today,Order Risk-Free Today,preserved,
https://hotdogtrays.com/product/hot-dog-paper-holders/,https://hotdogtrays.com/privacy-policy/,https://hotdogtrays.com/privacy-policy/,Privacy Policy,Privacy Policy,preserved,
https://hotdogtrays.com/product/hot-dog-paper-holders/,https://hotdogtrays.com/cdn-cgi/l/email-protection#85ecebe3eac5edeaf1e1eae2f1f7e4fcf6abe6eae8,,[emailprotected],,removed,"Not site content: WordPress admin, Cloudflare email obfuscation, add-to-cart parameter or an external tracking parameter"
https://hotdogtrays.com/product/hot-dog-paper-holders/,https://hotdogtrays.com/,https://hotdogtrays.com/,Home,Home,preserved,
https://hotdogtrays.com/product/hot-dog-paper-holders/,https://hotdogtrays.com/shop/,https://hotdogtrays.com/shop/,All Products,All Products,preserved,
https://hotdogtrays.com/product/hot-dog-paper-holders/,https://hotdogtrays.com/blog/,,Blog,,removed,Link not present after rebuild — review
https://hotdogtrays.com/product/hot-dog-paper-holders/,https://hotdogtrays.com/faq/,https://hotdogtrays.com/faq/,FAQ,FAQ,preserved,
https://hotdogtrays.com/product/hot-dog-paper-holders/,https://hotdogtrays.com/shipping/,https://hotdogtrays.com/shipping/,Shipping Info,Shipping Info,preserved,
https://hotdogtrays.com/product/hot-dog-paper-holders/,https://hotdogtrays.com/terms-conditions/,https://hotdogtrays.com/terms-conditions/,Terms & Conditions,Terms & Conditions,preserved,
https://hotdogtrays.com/product/hot-dog-paper-holders/,https://hotdogtrays.com/product/red-and-white-hot-dog-trays/,https://hotdogtrays.com/product/red-and-white-hot-dog-trays/,Red & White Hot Dog Trays,Red & White Hot Dog Trays,preserved,
https://hotdogtrays.com/product/hot-dog-paper-holders/,https://hotdogtrays.com/cdn-cgi/l/email-protection#5831363e371830372c3c373f2c2a39212b763b3735,,[emailprotected],,removed,"Not site content: WordPress admin, Cloudflare email obfuscation, add-to-cart parameter or an external tracking parameter"
https://hotdogtrays.com/product/hot-dog-paper-holders/,https://hotdogtrays.com/,https://hotdogtrays.com/,HotDogTrays.com,HotDogTrays.com,preserved,
https://hotdogtrays.com/product/plastic-hot-dog-trays/,https://hotdogtrays.com/,https://hotdogtrays.com/,🌭 HotDogTrays Premium Wholesale Trays,🌭 HotDogTrays Premium Wholesale Trays,preserved,
https://hotdogtrays.com/product/plastic-hot-dog-trays/,https://hotdogtrays.com/shop/,https://hotdogtrays.com/shop/,All Products ▼,All Products ▼,preserved,
https://hotdogtrays.com/product/plastic-hot-dog-trays/,https://hotdogtrays.com/product/hot-dog-serving-tray/,https://hotdogtrays.com/product/hot-dog-serving-tray/,Hot Dog Serving Tray,Hot Dog Serving Tray,preserved,
https://hotdogtrays.com/product/plastic-hot-dog-trays/,https://hotdogtrays.com/product/hot-dog-food-tray/,https://hotdogtrays.com/product/hot-dog-food-tray/,Hot Dog Food Tray,Hot Dog Food Tray,preserved,
https://hotdogtrays.com/product/plastic-hot-dog-trays/,https://hotdogtrays.com/product/hot-dog-plates/,https://hotdogtrays.com/product/hot-dog-plates/,Hot Dog Plates,Hot Dog Plates,preserved,
https://hotdogtrays.com/product/plastic-hot-dog-trays/,https://hotdogtrays.com/product/paper-hot-dog-trays/,https://hotdogtrays.com/product/paper-hot-dog-trays/,Paper Hot Dog Trays,Paper Hot Dog Trays,preserved,
https://hotdogtrays.com/product/plastic-hot-dog-trays/,https://hotdogtrays.com/product/hot-dog-paper-holders/,https://hotdogtrays.com/product/hot-dog-paper-holders/,Hot Dog Paper Holders,Hot Dog Paper Holders,preserved,
https://hotdogtrays.com/product/plastic-hot-dog-trays/,https://hotdogtrays.com/product/disposable-hot-dog-trays/,https://hotdogtrays.com/product/disposable-hot-dog-trays/,Disposable Hot Dog Trays,Disposable Hot Dog Trays,preserved,
https://hotdogtrays.com/product/plastic-hot-dog-trays/,https://hotdogtrays.com/product/hot-dog-boats-paper/,https://hotdogtrays.com/product/hot-dog-boats-paper/,Hot Dog Boats Paper,Hot Dog Boats Paper,preserved,
https://hotdogtrays.com/product/plastic-hot-dog-trays/,https://hotdogtrays.com/product/plastic-hot-dog-trays/,https://hotdogtrays.com/product/plastic-hot-dog-trays/,Plastic Hot Dog Trays,Plastic Hot Dog Trays,preserved,
https://hotdogtrays.com/product/plastic-hot-dog-trays/,https://hotdogtrays.com/product/hot-dog-container-paper/,https://hotdogtrays.com/product/hot-dog-container-paper/,Hot Dog Container Paper,Hot Dog Container Paper,preserved,
https://hotdogtrays.com/product/plastic-hot-dog-trays/,https://hotdogtrays.com/product/cardboard-hot-dog-holders/,https://hotdogtrays.com/product/cardboard-hot-dog-holders/,Cardboard Hot Dog Holders,Cardboard Hot Dog Holders,preserved,
https://hotdogtrays.com/product/plastic-hot-dog-trays/,https://hotdogtrays.com/product/disposable-hot-dog-holders/,https://hotdogtrays.com/product/disposable-hot-dog-holders/,Disposable Hot Dog Holders,Disposable Hot Dog Holders,preserved,
https://hotdogtrays.com/product/plastic-hot-dog-trays/,https://hotdogtrays.com/product/cardboard-hot-dog-trays/,https://hotdogtrays.com/product/cardboard-hot-dog-trays/,Cardboard Hot Dog Trays,Cardboard Hot Dog Trays,preserved,
https://hotdogtrays.com/product/plastic-hot-dog-trays/,https://hotdogtrays.com/product/red-and-white-hot-dog-trays/,https://hotdogtrays.com/product/red-and-white-hot-dog-trays/,Red and White Hot Dog Trays,Red and White Hot Dog Trays,preserved,
https://hotdogtrays.com/product/plastic-hot-dog-trays/,https://hotdogtrays.com/product/kraft-hot-dog-tray/,https://hotdogtrays.com/product/kraft-hot-dog-tray/,Kraft Hot Dog Tray,Kraft Hot Dog Tray,preserved,
https://hotdogtrays.com/product/plastic-hot-dog-trays/,https://hotdogtrays.com/about/,https://hotdogtrays.com/about/,About Us,About Us,preserved,
https://hotdogtrays.com/product/plastic-hot-dog-trays/,https://hotdogtrays.com/contact/,https://hotdogtrays.com/contact/,Contact,Contact,preserved,
https://hotdogtrays.com/product/plastic-hot-dog-trays/,https://hotdogtrays.com/cdn-cgi/l/email-protection#93fafdf5fcd3fbfce7f7fcf4e7e1f2eae0bdf0fcfe,,✉️ Email Us,,removed,"Not site content: WordPress admin, Cloudflare email obfuscation, add-to-cart parameter or an external tracking parameter"
https://hotdogtrays.com/product/plastic-hot-dog-trays/,https://hotdogtrays.com/get-quote/,https://hotdogtrays.com/get-quote/,Get Free Quote,Get Free Quote,preserved,
https://hotdogtrays.com/product/plastic-hot-dog-trays/,https://hotdogtrays.com/cdn-cgi/l/email-protection#84edeae2ebc4ecebf0e0ebe3f0f6e5fdf7aae7ebe9,,✉️ [emailprotected],,removed,"Not site content: WordPress admin, Cloudflare email obfuscation, add-to-cart parameter or an external tracking parameter"
https://hotdogtrays.com/product/plastic-hot-dog-trays/,https://hotdogtrays.com/?add-to-cart=70&,,Add To Cart,,removed,"Not site content: WordPress admin, Cloudflare email obfuscation, add-to-cart parameter or an external tracking parameter"
https://hotdogtrays.com/product/plastic-hot-dog-trays/,https://hotdogtrays.com/product-category/products,https://hotdogtrays.com/shop/,plastic tray range,plastic tray range,updated,Destination consolidated; link now points at the final canonical URL instead of through a redirect
https://hotdogtrays.com/product/plastic-hot-dog-trays/,https://hotdogtrays.com/product/disposable-hot-dog-trays/,https://hotdogtrays.com/product/disposable-hot-dog-trays/,single use tray options,single use tray options,preserved,
https://hotdogtrays.com/product/plastic-hot-dog-trays/,https://hotdogtrays.com/product/hot-dog-plates/,https://hotdogtrays.com/product/hot-dog-plates/,serving plates,serving plates,preserved,
https://hotdogtrays.com/product/plastic-hot-dog-trays/,https://hotdogtrays.com/product/hot-dog-food-tray/,https://hotdogtrays.com/product/hot-dog-food-tray/,food tray format,food tray format,preserved,
https://hotdogtrays.com/product/plastic-hot-dog-trays/,https://hotdogtrays.com/get-quote/,https://hotdogtrays.com/get-quote/,Get Free Design Quote →,Get Free Design Quote →,preserved,
https://hotdogtrays.com/product/plastic-hot-dog-trays/,https://hotdogtrays.com/get-quote/,https://hotdogtrays.com/get-quote/,Get Industry Quote,Get Industry Quote,preserved,
https://hotdogtrays.com/product/plastic-hot-dog-trays/,https://hotdogtrays.com/contact/,https://hotdogtrays.com/contact/,contact us,contact us,preserved,
https://hotdogtrays.com/product/plastic-hot-dog-trays/,https://hotdogtrays.com/cdn-cgi/l/email-protection#31585f575e71595e45555e5645435048421f525e5c,,[emailprotected],,removed,"Not site content: WordPress admin, Cloudflare email obfuscation, add-to-cart parameter or an external tracking parameter"
https://hotdogtrays.com/product/plastic-hot-dog-trays/,https://hotdogtrays.com/returns-policy/,https://hotdogtrays.com/terms-conditions/,Returns & Refunds Policy,Returns & Refunds Policy,updated,Destination consolidated; link now points at the final canonical URL instead of through a redirect
https://hotdogtrays.com/product/plastic-hot-dog-trays/,https://hotdogtrays.com/get-quote/,https://hotdogtrays.com/get-quote/,Request a quote,Request a quote,preserved,
https://hotdogtrays.com/product/plastic-hot-dog-trays/,https://hotdogtrays.com/contact/,https://hotdogtrays.com/contact/,Contact Support,Contact Support,preserved,
https://hotdogtrays.com/product/plastic-hot-dog-trays/,https://hotdogtrays.com/get-quote/,https://hotdogtrays.com/get-quote/,Order Risk-Free Today,Order Risk-Free Today,preserved,
https://hotdogtrays.com/product/plastic-hot-dog-trays/,https://hotdogtrays.com/privacy-policy/,https://hotdogtrays.com/privacy-policy/,Privacy Policy,Privacy Policy,preserved,
https://hotdogtrays.com/product/plastic-hot-dog-trays/,https://hotdogtrays.com/cdn-cgi/l/email-protection#1a73747c755a72756e7e757d6e687b636934797577,,[emailprotected],,removed,"Not site content: WordPress admin, Cloudflare email obfuscation, add-to-cart parameter or an external tracking parameter"
https://hotdogtrays.com/product/plastic-hot-dog-trays/,https://hotdogtrays.com/,https://hotdogtrays.com/,Home,Home,preserved,
https://hotdogtrays.com/product/plastic-hot-dog-trays/,https://hotdogtrays.com/shop/,https://hotdogtrays.com/shop/,All Products,All Products,preserved,
https://hotdogtrays.com/product/plastic-hot-dog-trays/,https://hotdogtrays.com/blog/,,Blog,,removed,Link not present after rebuild — review
https://hotdogtrays.com/product/plastic-hot-dog-trays/,https://hotdogtrays.com/faq/,https://hotdogtrays.com/faq/,FAQ,FAQ,preserved,
https://hotdogtrays.com/product/plastic-hot-dog-trays/,https://hotdogtrays.com/shipping/,https://hotdogtrays.com/shipping/,Shipping Info,Shipping Info,preserved,
https://hotdogtrays.com/product/plastic-hot-dog-trays/,https://hotdogtrays.com/terms-conditions/,https://hotdogtrays.com/terms-conditions/,Terms & Conditions,Terms & Conditions,preserved,
https://hotdogtrays.com/product/plastic-hot-dog-trays/,https://hotdogtrays.com/product/red-and-white-hot-dog-trays/,https://hotdogtrays.com/product/red-and-white-hot-dog-trays/,Red & White Hot Dog Trays,Red & White Hot Dog Trays,preserved,
https://hotdogtrays.com/product/plastic-hot-dog-trays/,https://hotdogtrays.com/cdn-cgi/l/email-protection#41282f272e01292e35252e2635332038326f222e2c,,[emailprotected],,removed,"Not site content: WordPress admin, Cloudflare email obfuscation, add-to-cart parameter or an external tracking parameter"
https://hotdogtrays.com/product/plastic-hot-dog-trays/,https://hotdogtrays.com/,https://hotdogtrays.com/,HotDogTrays.com,HotDogTrays.com,preserved,
https://hotdogtrays.com/product-category/products/,https://hotdogtrays.com/,,🌭 HotDogTrays Premium Wholesale Trays,,removed,Source page consolidated into /shop/
https://hotdogtrays.com/product-category/products/,https://hotdogtrays.com/shop/,,All Products ▼,,removed,Source page consolidated into /shop/
https://hotdogtrays.com/product-category/products/,https://hotdogtrays.com/product/hot-dog-serving-tray/,,Hot Dog Serving Tray,,removed,Source page consolidated into /shop/
https://hotdogtrays.com/product-category/products/,https://hotdogtrays.com/product/hot-dog-food-tray/,,Hot Dog Food Tray,,removed,Source page consolidated into /shop/
https://hotdogtrays.com/product-category/products/,https://hotdogtrays.com/product/hot-dog-plates/,,Hot Dog Plates,,removed,Source page consolidated into /shop/
https://hotdogtrays.com/product-category/products/,https://hotdogtrays.com/product/paper-hot-dog-trays/,,Paper Hot Dog Trays,,removed,Source page consolidated into /shop/
https://hotdogtrays.com/product-category/products/,https://hotdogtrays.com/product/hot-dog-paper-holders/,,Hot Dog Paper Holders,,removed,Source page consolidated into /shop/
https://hotdogtrays.com/product-category/products/,https://hotdogtrays.com/product/disposable-hot-dog-trays/,,Disposable Hot Dog Trays,,removed,Source page consolidated into /shop/
https://hotdogtrays.com/product-category/products/,https://hotdogtrays.com/product/hot-dog-boats-paper/,,Hot Dog Boats Paper,,removed,Source page consolidated into /shop/
https://hotdogtrays.com/product-category/products/,https://hotdogtrays.com/product/plastic-hot-dog-trays/,,Plastic Hot Dog Trays,,removed,Source page consolidated into /shop/
https://hotdogtrays.com/product-category/products/,https://hotdogtrays.com/product/hot-dog-container-paper/,,Hot Dog Container Paper,,removed,Source page consolidated into /shop/
https://hotdogtrays.com/product-category/products/,https://hotdogtrays.com/product/cardboard-hot-dog-holders/,,Cardboard Hot Dog Holders,,removed,Source page consolidated into /shop/
https://hotdogtrays.com/product-category/products/,https://hotdogtrays.com/product/disposable-hot-dog-holders/,,Disposable Hot Dog Holders,,removed,Source page consolidated into /shop/
https://hotdogtrays.com/product-category/products/,https://hotdogtrays.com/product/cardboard-hot-dog-trays/,,Cardboard Hot Dog Trays,,removed,Source page consolidated into /shop/
https://hotdogtrays.com/product-category/products/,https://hotdogtrays.com/product/red-and-white-hot-dog-trays/,,Red and White Hot Dog Trays,,removed,Source page consolidated into /shop/
https://hotdogtrays.com/product-category/products/,https://hotdogtrays.com/product/kraft-hot-dog-tray/,,Kraft Hot Dog Tray,,removed,Source page consolidated into /shop/
https://hotdogtrays.com/product-category/products/,https://hotdogtrays.com/about/,,About Us,,removed,Source page consolidated into /shop/
https://hotdogtrays.com/product-category/products/,https://hotdogtrays.com/contact/,,Contact,,removed,Source page consolidated into /shop/
https://hotdogtrays.com/product-category/products/,https://hotdogtrays.com/cdn-cgi/l/email-protection#345d5a525b745c5b40505b534046554d471a575b59,,✉️ Email Us,,removed,"Not site content: WordPress admin, Cloudflare email obfuscation, add-to-cart parameter or an external tracking parameter"
https://hotdogtrays.com/product-category/products/,https://hotdogtrays.com/get-quote/,,Get Free Quote,,removed,Source page consolidated into /shop/
https://hotdogtrays.com/product-category/products/,https://hotdogtrays.com/cdn-cgi/l/email-protection#abc2c5cdc4ebc3c4dfcfc4ccdfd9cad2d885c8c4c6,,✉️ [emailprotected],,removed,"Not site content: WordPress admin, Cloudflare email obfuscation, add-to-cart parameter or an external tracking parameter"
https://hotdogtrays.com/product-category/products/,https://hotdogtrays.com/product/cardboard-hot-dog-holders/,,Cardboard Hot Dog Holders 0.50,,removed,Source page consolidated into /shop/
https://hotdogtrays.com/product-category/products/,https://hotdogtrays.com/product-category/products/?add-to-cart=72,,Add to cart,,removed,"Not site content: WordPress admin, Cloudflare email obfuscation, add-to-cart parameter or an external tracking parameter"
https://hotdogtrays.com/product-category/products/,https://hotdogtrays.com/product/cardboard-hot-dog-trays/,,Cardboard Hot Dog Trays 0.50,,removed,Source page consolidated into /shop/
https://hotdogtrays.com/product-category/products/,https://hotdogtrays.com/product-category/products/?add-to-cart=74,,Add to cart,,removed,"Not site content: WordPress admin, Cloudflare email obfuscation, add-to-cart parameter or an external tracking parameter"
https://hotdogtrays.com/product-category/products/,https://hotdogtrays.com/product/disposable-hot-dog-holders/,,Disposable Hot Dog Holders 0.50,,removed,Source page consolidated into /shop/
https://hotdogtrays.com/product-category/products/,https://hotdogtrays.com/product-category/products/?add-to-cart=73,,Add to cart,,removed,"Not site content: WordPress admin, Cloudflare email obfuscation, add-to-cart parameter or an external tracking parameter"
https://hotdogtrays.com/product-category/products/,https://hotdogtrays.com/product/disposable-hot-dog-trays/,,Disposable Hot Dog Trays 0.50,,removed,Source page consolidated into /shop/
https://hotdogtrays.com/product-category/products/,https://hotdogtrays.com/product-category/products/?add-to-cart=68,,Add to cart,,removed,"Not site content: WordPress admin, Cloudflare email obfuscation, add-to-cart parameter or an external tracking parameter"
https://hotdogtrays.com/product-category/products/,https://hotdogtrays.com/product/hot-dog-boats-paper/,,Hot Dog Boats Paper 0.50,,removed,Source page consolidated into /shop/
https://hotdogtrays.com/product-category/products/,https://hotdogtrays.com/product-category/products/?add-to-cart=69,,Add to cart,,removed,"Not site content: WordPress admin, Cloudflare email obfuscation, add-to-cart parameter or an external tracking parameter"
https://hotdogtrays.com/product-category/products/,https://hotdogtrays.com/product/hot-dog-container-paper/,,Hot Dog Container Paper 0.50,,removed,Source page consolidated into /shop/
https://hotdogtrays.com/product-category/products/,https://hotdogtrays.com/product-category/products/?add-to-cart=71,,Add to cart,,removed,"Not site content: WordPress admin, Cloudflare email obfuscation, add-to-cart parameter or an external tracking parameter"
https://hotdogtrays.com/product-category/products/,https://hotdogtrays.com/product/hot-dog-food-tray/,,Hot Dog Food Tray 0.50,,removed,Source page consolidated into /shop/
https://hotdogtrays.com/product-category/products/,https://hotdogtrays.com/product-category/products/?add-to-cart=64,,Add to cart,,removed,"Not site content: WordPress admin, Cloudflare email obfuscation, add-to-cart parameter or an external tracking parameter"
https://hotdogtrays.com/product-category/products/,https://hotdogtrays.com/product/hot-dog-paper-holders/,,Hot Dog Paper Holders 0.50,,removed,Source page consolidated into /shop/
https://hotdogtrays.com/product-category/products/,https://hotdogtrays.com/product-category/products/?add-to-cart=67,,Add to cart,,removed,"Not site content: WordPress admin, Cloudflare email obfuscation, add-to-cart parameter or an external tracking parameter"
https://hotdogtrays.com/product-category/products/,https://hotdogtrays.com/product/hot-dog-plates/,,Hot Dog Plates 0.50,,removed,Source page consolidated into /shop/
https://hotdogtrays.com/product-category/products/,https://hotdogtrays.com/product-category/products/?add-to-cart=65,,Add to cart,,removed,"Not site content: WordPress admin, Cloudflare email obfuscation, add-to-cart parameter or an external tracking parameter"
https://hotdogtrays.com/product-category/products/,https://hotdogtrays.com/product/hot-dog-serving-tray/,,Hot Dog Serving Tray 0.50,,removed,Source page consolidated into /shop/
https://hotdogtrays.com/product-category/products/,https://hotdogtrays.com/product-category/products/?add-to-cart=63,,Add to cart,,removed,"Not site content: WordPress admin, Cloudflare email obfuscation, add-to-cart parameter or an external tracking parameter"
https://hotdogtrays.com/product-category/products/,https://hotdogtrays.com/product/kraft-hot-dog-tray/,,Kraft Hot Dog Tray 0.50,,removed,Source page consolidated into /shop/
https://hotdogtrays.com/product-category/products/,https://hotdogtrays.com/product-category/products/?add-to-cart=76,,Add to cart,,removed,"Not site content: WordPress admin, Cloudflare email obfuscation, add-to-cart parameter or an external tracking parameter"
https://hotdogtrays.com/product-category/products/,https://hotdogtrays.com/product/paper-hot-dog-trays/,,Paper Hot Dog Trays 0.50,,removed,Source page consolidated into /shop/
https://hotdogtrays.com/product-category/products/,https://hotdogtrays.com/product-category/products/?add-to-cart=66,,Add to cart,,removed,"Not site content: WordPress admin, Cloudflare email obfuscation, add-to-cart parameter or an external tracking parameter"
https://hotdogtrays.com/product-category/products/,https://hotdogtrays.com/product/plastic-hot-dog-trays/,,Plastic Hot Dog Trays 0.50,,removed,Source page consolidated into /shop/
https://hotdogtrays.com/product-category/products/,https://hotdogtrays.com/product-category/products/?add-to-cart=70,,Add to cart,,removed,"Not site content: WordPress admin, Cloudflare email obfuscation, add-to-cart parameter or an external tracking parameter"
https://hotdogtrays.com/product-category/products/,https://hotdogtrays.com/product/red-and-white-hot-dog-trays/,,Red and White Hot Dog Trays 0.50,,removed,Source page consolidated into /shop/
https://hotdogtrays.com/product-category/products/,https://hotdogtrays.com/product-category/products/?add-to-cart=75,,Add to cart,,removed,"Not site content: WordPress admin, Cloudflare email obfuscation, add-to-cart parameter or an external tracking parameter"
https://hotdogtrays.com/product-category/products/,https://hotdogtrays.com/,,Home,,removed,Source page consolidated into /shop/
https://hotdogtrays.com/product-category/products/,https://hotdogtrays.com/shop/,,All Products,,removed,Source page consolidated into /shop/
https://hotdogtrays.com/product-category/products/,https://hotdogtrays.com/blog/,,Blog,,removed,Source page consolidated into /shop/
https://hotdogtrays.com/product-category/products/,https://hotdogtrays.com/faq/,,FAQ,,removed,Source page consolidated into /shop/
https://hotdogtrays.com/product-category/products/,https://hotdogtrays.com/shipping/,,Shipping Info,,removed,Source page consolidated into /shop/
https://hotdogtrays.com/product-category/products/,https://hotdogtrays.com/privacy-policy/,,Privacy Policy,,removed,Source page consolidated into /shop/
https://hotdogtrays.com/product-category/products/,https://hotdogtrays.com/terms-conditions/,,Terms & Conditions,,removed,Source page consolidated into /shop/
https://hotdogtrays.com/product-category/products/,https://hotdogtrays.com/product/red-and-white-hot-dog-trays/,,Red & White Hot Dog Trays,,removed,Source page consolidated into /shop/
https://hotdogtrays.com/product-category/products/,https://hotdogtrays.com/cdn-cgi/l/email-protection#4d24232b220d25223929222a393f2c343e632e2220,,[emailprotected],,removed,"Not site content: WordPress admin, Cloudflare email obfuscation, add-to-cart parameter or an external tracking parameter"
https://hotdogtrays.com/product-category/products/,https://hotdogtrays.com/,,HotDogTrays.com,,removed,Source page consolidated into /shop/
https://hotdogtrays.com/about/,,https://hotdogtrays.com/hot-dog-tray-sizes/,,Tray Sizes,newly added,New footer link added during the SEO expansion
https://hotdogtrays.com/about/,,https://hotdogtrays.com/footlong-hot-dog-trays/,,Footlong Trays,newly added,New footer link added during the SEO expansion
https://hotdogtrays.com/about/,,https://hotdogtrays.com/hot-dog-tray-material-guide/,,Material Guide,newly added,New footer link added during the SEO expansion
https://hotdogtrays.com/about/,,https://hotdogtrays.com/hot-dog-containers-to-go/,,Containers To Go,newly added,New footer link added during the SEO expansion
https://hotdogtrays.com/about/,,https://hotdogtrays.com/hot-dog-trays-in-bulk/,,Buying in Bulk,newly added,New footer link added during the SEO expansion
https://hotdogtrays.com/about/,,https://hotdogtrays.com/hot-dog-trays-for-food-trucks/,,For Food Trucks,newly added,New footer link added during the SEO expansion
https://hotdogtrays.com/about/,,https://hotdogtrays.com/hot-dog-trays-for-concession-stands/,,For Concessions,newly added,New footer link added during the SEO expansion
https://hotdogtrays.com/about/,,https://hotdogtrays.com/hot-dog-trays-for-catering/,,For Catering,newly added,New footer link added during the SEO expansion
https://hotdogtrays.com/about/,,https://hotdogtrays.com/paper-vs-plastic-hot-dog-trays/,,Paper vs Plastic,newly added,New footer link added during the SEO expansion
https://hotdogtrays.com/about/,,https://hotdogtrays.com/hot-dog-trays-vs-paper-boats/,,Trays vs Boats,newly added,New footer link added during the SEO expansion
https://hotdogtrays.com/contact/,,https://hotdogtrays.com/,,🌭 HotDogTrays Premium Wholesale Trays,newly added,New navigation link added during the SEO expansion
https://hotdogtrays.com/contact/,,https://hotdogtrays.com/shop/,,All Products ▼,newly added,New navigation link added during the SEO expansion
https://hotdogtrays.com/contact/,,https://hotdogtrays.com/product/hot-dog-serving-tray/,,Hot Dog Serving Tray,newly added,New navigation link added during the SEO expansion
https://hotdogtrays.com/contact/,,https://hotdogtrays.com/product/hot-dog-food-tray/,,Hot Dog Food Tray,newly added,New navigation link added during the SEO expansion
https://hotdogtrays.com/contact/,,https://hotdogtrays.com/product/hot-dog-plates/,,Hot Dog Plates,newly added,New navigation link added during the SEO expansion
https://hotdogtrays.com/contact/,,https://hotdogtrays.com/product/paper-hot-dog-trays/,,Paper Hot Dog Trays,newly added,New navigation link added during the SEO expansion
https://hotdogtrays.com/contact/,,https://hotdogtrays.com/product/hot-dog-paper-holders/,,Hot Dog Paper Holders,newly added,New navigation link added during the SEO expansion
https://hotdogtrays.com/contact/,,https://hotdogtrays.com/product/disposable-hot-dog-trays/,,Disposable Hot Dog Trays,newly added,New navigation link added during the SEO expansion
https://hotdogtrays.com/contact/,,https://hotdogtrays.com/product/hot-dog-boats-paper/,,Hot Dog Boats Paper,newly added,New navigation link added during the SEO expansion
https://hotdogtrays.com/contact/,,https://hotdogtrays.com/product/plastic-hot-dog-trays/,,Plastic Hot Dog Trays,newly added,New navigation link added during the SEO expansion
https://hotdogtrays.com/contact/,,https://hotdogtrays.com/product/hot-dog-container-paper/,,Hot Dog Container Paper,newly added,New navigation link added during the SEO expansion
https://hotdogtrays.com/contact/,,https://hotdogtrays.com/product/cardboard-hot-dog-holders/,,Cardboard Hot Dog Holders,newly added,New navigation link added during the SEO expansion
https://hotdogtrays.com/contact/,,https://hotdogtrays.com/product/disposable-hot-dog-holders/,,Disposable Hot Dog Holders,newly added,New navigation link added during the SEO expansion
https://hotdogtrays.com/contact/,,https://hotdogtrays.com/product/cardboard-hot-dog-trays/,,Cardboard Hot Dog Trays,newly added,New navigation link added during the SEO expansion
https://hotdogtrays.com/contact/,,https://hotdogtrays.com/product/red-and-white-hot-dog-trays/,,Red and White Hot Dog Trays,newly added,New navigation link added during the SEO expansion
https://hotdogtrays.com/contact/,,https://hotdogtrays.com/product/kraft-hot-dog-tray/,,Kraft Hot Dog Tray,newly added,New navigation link added during the SEO expansion
https://hotdogtrays.com/contact/,,https://hotdogtrays.com/about/,,About Us,newly added,New navigation link added during the SEO expansion
https://hotdogtrays.com/contact/,,https://hotdogtrays.com/contact/,,Contact,newly added,New navigation link added during the SEO expansion
https://hotdogtrays.com/contact/,,https://hotdogtrays.com/get-quote/,,Get Free Quote,newly added,New navigation link added during the SEO expansion
https://hotdogtrays.com/contact/,,https://hotdogtrays.com/shop/,,All Products,newly added,New navigation link added during the SEO expansion
https://hotdogtrays.com/contact/,,https://hotdogtrays.com/,,Home,newly added,New breadcrumb link added during the SEO expansion
https://hotdogtrays.com/contact/,,https://hotdogtrays.com/,,www.hotdogtrays.com,newly added,New contextual link added during the SEO expansion
https://hotdogtrays.com/contact/,,https://hotdogtrays.com/get-quote/,,Get a Quote,newly added,New contextual link added during the SEO expansion
https://hotdogtrays.com/contact/,,https://hotdogtrays.com/shop/,,View Products,newly added,New contextual link added during the SEO expansion
https://hotdogtrays.com/contact/,,https://hotdogtrays.com/faq/,,FAQs,newly added,New contextual link added during the SEO expansion
https://hotdogtrays.com/contact/,,https://hotdogtrays.com/privacy-policy/,,Privacy Policy,newly added,New contextual link added during the SEO expansion
https://hotdogtrays.com/contact/,,https://hotdogtrays.com/faq/,,FAQ,newly added,New footer link added during the SEO expansion
https://hotdogtrays.com/contact/,,https://hotdogtrays.com/shipping/,,Shipping Info,newly added,New footer link added during the SEO expansion
https://hotdogtrays.com/contact/,,https://hotdogtrays.com/terms-conditions/,,Terms & Conditions,newly added,New footer link added during the SEO expansion
https://hotdogtrays.com/contact/,,https://hotdogtrays.com/hot-dog-tray-sizes/,,Tray Sizes,newly added,New footer link added during the SEO expansion
https://hotdogtrays.com/contact/,,https://hotdogtrays.com/footlong-hot-dog-trays/,,Footlong Trays,newly added,New footer link added during the SEO expansion
https://hotdogtrays.com/contact/,,https://hotdogtrays.com/hot-dog-tray-material-guide/,,Material Guide,newly added,New footer link added during the SEO expansion
https://hotdogtrays.com/contact/,,https://hotdogtrays.com/hot-dog-containers-to-go/,,Containers To Go,newly added,New footer link added during the SEO expansion
https://hotdogtrays.com/contact/,,https://hotdogtrays.com/hot-dog-trays-in-bulk/,,Buying in Bulk,newly added,New footer link added during the SEO expansion
https://hotdogtrays.com/contact/,,https://hotdogtrays.com/hot-dog-trays-for-food-trucks/,,For Food Trucks,newly added,New footer link added during the SEO expansion
https://hotdogtrays.com/contact/,,https://hotdogtrays.com/hot-dog-trays-for-concession-stands/,,For Concessions,newly added,New footer link added during the SEO expansion
https://hotdogtrays.com/contact/,,https://hotdogtrays.com/hot-dog-trays-for-catering/,,For Catering,newly added,New footer link added during the SEO expansion
https://hotdogtrays.com/contact/,,https://hotdogtrays.com/paper-vs-plastic-hot-dog-trays/,,Paper vs Plastic,newly added,New footer link added during the SEO expansion
https://hotdogtrays.com/contact/,,https://hotdogtrays.com/hot-dog-trays-vs-paper-boats/,,Trays vs Boats,newly added,New footer link added during the SEO expansion
https://hotdogtrays.com/contact/,,https://hotdogtrays.com/,,HotDogTrays.com,newly added,New footer link added during the SEO expansion
https://hotdogtrays.com/faq/,,https://hotdogtrays.com/hot-dog-tray-sizes/,,Tray Sizes,newly added,New footer link added during the SEO expansion
https://hotdogtrays.com/faq/,,https://hotdogtrays.com/footlong-hot-dog-trays/,,Footlong Trays,newly added,New footer link added during the SEO expansion
https://hotdogtrays.com/faq/,,https://hotdogtrays.com/hot-dog-tray-material-guide/,,Material Guide,newly added,New footer link added during the SEO expansion
https://hotdogtrays.com/faq/,,https://hotdogtrays.com/hot-dog-containers-to-go/,,Containers To Go,newly added,New footer link added during the SEO expansion
https://hotdogtrays.com/faq/,,https://hotdogtrays.com/hot-dog-trays-in-bulk/,,Buying in Bulk,newly added,New footer link added during the SEO expansion
https://hotdogtrays.com/faq/,,https://hotdogtrays.com/hot-dog-trays-for-food-trucks/,,For Food Trucks,newly added,New footer link added during the SEO expansion
https://hotdogtrays.com/faq/,,https://hotdogtrays.com/hot-dog-trays-for-concession-stands/,,For Concessions,newly added,New footer link added during the SEO expansion
https://hotdogtrays.com/faq/,,https://hotdogtrays.com/hot-dog-trays-for-catering/,,For Catering,newly added,New footer link added during the SEO expansion
https://hotdogtrays.com/faq/,,https://hotdogtrays.com/paper-vs-plastic-hot-dog-trays/,,Paper vs Plastic,newly added,New footer link added during the SEO expansion
https://hotdogtrays.com/faq/,,https://hotdogtrays.com/hot-dog-trays-vs-paper-boats/,,Trays vs Boats,newly added,New footer link added during the SEO expansion
https://hotdogtrays.com/footlong-hot-dog-trays/,,https://hotdogtrays.com/,,🌭 HotDogTrays Premium Wholesale Trays,newly added,New navigation link added during the SEO expansion
https://hotdogtrays.com/footlong-hot-dog-trays/,,https://hotdogtrays.com/shop/,,All Products ▼,newly added,New navigation link added during the SEO expansion
https://hotdogtrays.com/footlong-hot-dog-trays/,,https://hotdogtrays.com/product/hot-dog-serving-tray/,,Hot Dog Serving Tray,newly added,New navigation link added during the SEO expansion
https://hotdogtrays.com/footlong-hot-dog-trays/,,https://hotdogtrays.com/product/hot-dog-food-tray/,,Hot Dog Food Tray,newly added,New navigation link added during the SEO expansion
https://hotdogtrays.com/footlong-hot-dog-trays/,,https://hotdogtrays.com/product/hot-dog-plates/,,Hot Dog Plates,newly added,New navigation link added during the SEO expansion
https://hotdogtrays.com/footlong-hot-dog-trays/,,https://hotdogtrays.com/product/paper-hot-dog-trays/,,Paper Hot Dog Trays,newly added,New navigation link added during the SEO expansion
https://hotdogtrays.com/footlong-hot-dog-trays/,,https://hotdogtrays.com/product/hot-dog-paper-holders/,,Hot Dog Paper Holders,newly added,New navigation link added during the SEO expansion
https://hotdogtrays.com/footlong-hot-dog-trays/,,https://hotdogtrays.com/product/disposable-hot-dog-trays/,,Disposable Hot Dog Trays,newly added,New navigation link added during the SEO expansion
https://hotdogtrays.com/footlong-hot-dog-trays/,,https://hotdogtrays.com/product/hot-dog-boats-paper/,,Hot Dog Boats Paper,newly added,New navigation link added during the SEO expansion
https://hotdogtrays.com/footlong-hot-dog-trays/,,https://hotdogtrays.com/product/plastic-hot-dog-trays/,,Plastic Hot Dog Trays,newly added,New navigation link added during the SEO expansion
https://hotdogtrays.com/footlong-hot-dog-trays/,,https://hotdogtrays.com/product/hot-dog-container-paper/,,Hot Dog Container Paper,newly added,New navigation link added during the SEO expansion
https://hotdogtrays.com/footlong-hot-dog-trays/,,https://hotdogtrays.com/product/cardboard-hot-dog-holders/,,Cardboard Hot Dog Holders,newly added,New navigation link added during the SEO expansion
https://hotdogtrays.com/footlong-hot-dog-trays/,,https://hotdogtrays.com/product/disposable-hot-dog-holders/,,Disposable Hot Dog Holders,newly added,New navigation link added during the SEO expansion
https://hotdogtrays.com/footlong-hot-dog-trays/,,https://hotdogtrays.com/product/cardboard-hot-dog-trays/,,Cardboard Hot Dog Trays,newly added,New navigation link added during the SEO expansion
https://hotdogtrays.com/footlong-hot-dog-trays/,,https://hotdogtrays.com/product/red-and-white-hot-dog-trays/,,Red and White Hot Dog Trays,newly added,New navigation link added during the SEO expansion
https://hotdogtrays.com/footlong-hot-dog-trays/,,https://hotdogtrays.com/product/kraft-hot-dog-tray/,,Kraft Hot Dog Tray,newly added,New navigation link added during the SEO expansion
https://hotdogtrays.com/footlong-hot-dog-trays/,,https://hotdogtrays.com/about/,,About Us,newly added,New navigation link added during the SEO expansion
https://hotdogtrays.com/footlong-hot-dog-trays/,,https://hotdogtrays.com/contact/,,Contact,newly added,New navigation link added during the SEO expansion
https://hotdogtrays.com/footlong-hot-dog-trays/,,https://hotdogtrays.com/get-quote/,,Get Free Quote,newly added,New navigation link added during the SEO expansion
https://hotdogtrays.com/footlong-hot-dog-trays/,,https://hotdogtrays.com/shop/,,All Products,newly added,New navigation link added during the SEO expansion
https://hotdogtrays.com/footlong-hot-dog-trays/,,https://hotdogtrays.com/,,Home,newly added,New breadcrumb link added during the SEO expansion
https://hotdogtrays.com/footlong-hot-dog-trays/,,https://hotdogtrays.com/shop/,,Shop,newly added,New breadcrumb link added during the SEO expansion
https://hotdogtrays.com/footlong-hot-dog-trays/,,https://hotdogtrays.com/hot-dog-tray-sizes/,,measuring the assembled portion first,newly added,New contextual link added during the SEO expansion
https://hotdogtrays.com/footlong-hot-dog-trays/,,https://hotdogtrays.com/hot-dog-trays-for-food-trucks/,,confined service windows change the handover,newly added,New contextual link added during the SEO expansion
https://hotdogtrays.com/footlong-hot-dog-trays/,,https://hotdogtrays.com/product/kraft-hot-dog-tray/,,kraft board shifts printed colours,newly added,New contextual link added during the SEO expansion
https://hotdogtrays.com/footlong-hot-dog-trays/,,https://hotdogtrays.com/privacy-policy/,,Privacy Policy,newly added,New contextual link added during the SEO expansion
https://hotdogtrays.com/footlong-hot-dog-trays/,,https://hotdogtrays.com/product/cardboard-hot-dog-trays/,,Get Free Quote for Cardboard Hot Dog Trays,newly added,New related-product link added during the SEO expansion
https://hotdogtrays.com/footlong-hot-dog-trays/,,https://hotdogtrays.com/product/kraft-hot-dog-tray/,,Get Free Quote for Kraft Hot Dog Tray,newly added,New related-product link added during the SEO expansion
https://hotdogtrays.com/footlong-hot-dog-trays/,,https://hotdogtrays.com/product/hot-dog-boats-paper/,,Get Free Quote for Hot Dog Boats Paper,newly added,New related-product link added during the SEO expansion
https://hotdogtrays.com/footlong-hot-dog-trays/,,https://hotdogtrays.com/product/paper-hot-dog-trays/,,Get Free Quote for Paper Hot Dog Trays,newly added,New related-product link added during the SEO expansion
https://hotdogtrays.com/footlong-hot-dog-trays/,,https://hotdogtrays.com/faq/,,FAQ,newly added,New footer link added during the SEO expansion
https://hotdogtrays.com/footlong-hot-dog-trays/,,https://hotdogtrays.com/shipping/,,Shipping Info,newly added,New footer link added during the SEO expansion
https://hotdogtrays.com/footlong-hot-dog-trays/,,https://hotdogtrays.com/terms-conditions/,,Terms & Conditions,newly added,New footer link added during the SEO expansion
https://hotdogtrays.com/footlong-hot-dog-trays/,,https://hotdogtrays.com/hot-dog-tray-sizes/,,Tray Sizes,newly added,New footer link added during the SEO expansion
https://hotdogtrays.com/footlong-hot-dog-trays/,,https://hotdogtrays.com/footlong-hot-dog-trays/,,Footlong Trays,newly added,New footer link added during the SEO expansion
https://hotdogtrays.com/footlong-hot-dog-trays/,,https://hotdogtrays.com/hot-dog-tray-material-guide/,,Material Guide,newly added,New footer link added during the SEO expansion
https://hotdogtrays.com/footlong-hot-dog-trays/,,https://hotdogtrays.com/hot-dog-containers-to-go/,,Containers To Go,newly added,New footer link added during the SEO expansion
https://hotdogtrays.com/footlong-hot-dog-trays/,,https://hotdogtrays.com/hot-dog-trays-in-bulk/,,Buying in Bulk,newly added,New footer link added during the SEO expansion
https://hotdogtrays.com/footlong-hot-dog-trays/,,https://hotdogtrays.com/hot-dog-trays-for-food-trucks/,,For Food Trucks,newly added,New footer link added during the SEO expansion
https://hotdogtrays.com/footlong-hot-dog-trays/,,https://hotdogtrays.com/hot-dog-trays-for-concession-stands/,,For Concessions,newly added,New footer link added during the SEO expansion
https://hotdogtrays.com/footlong-hot-dog-trays/,,https://hotdogtrays.com/hot-dog-trays-for-catering/,,For Catering,newly added,New footer link added during the SEO expansion
https://hotdogtrays.com/footlong-hot-dog-trays/,,https://hotdogtrays.com/paper-vs-plastic-hot-dog-trays/,,Paper vs Plastic,newly added,New footer link added during the SEO expansion
https://hotdogtrays.com/footlong-hot-dog-trays/,,https://hotdogtrays.com/hot-dog-trays-vs-paper-boats/,,Trays vs Boats,newly added,New footer link added during the SEO expansion
https://hotdogtrays.com/footlong-hot-dog-trays/,,https://hotdogtrays.com/,,HotDogTrays.com,newly added,New footer link added during the SEO expansion
https://hotdogtrays.com/get-quote/,,https://hotdogtrays.com/hot-dog-tray-sizes/,,Tray Sizes,newly added,New footer link added during the SEO expansion
https://hotdogtrays.com/get-quote/,,https://hotdogtrays.com/footlong-hot-dog-trays/,,Footlong Trays,newly added,New footer link added during the SEO expansion
https://hotdogtrays.com/get-quote/,,https://hotdogtrays.com/hot-dog-tray-material-guide/,,Material Guide,newly added,New footer link added during the SEO expansion
https://hotdogtrays.com/get-quote/,,https://hotdogtrays.com/hot-dog-containers-to-go/,,Containers To Go,newly added,New footer link added during the SEO expansion
https://hotdogtrays.com/get-quote/,,https://hotdogtrays.com/hot-dog-trays-in-bulk/,,Buying in Bulk,newly added,New footer link added during the SEO expansion
https://hotdogtrays.com/get-quote/,,https://hotdogtrays.com/hot-dog-trays-for-food-trucks/,,For Food Trucks,newly added,New footer link added during the SEO expansion
https://hotdogtrays.com/get-quote/,,https://hotdogtrays.com/hot-dog-trays-for-concession-stands/,,For Concessions,newly added,New footer link added during the SEO expansion
https://hotdogtrays.com/get-quote/,,https://hotdogtrays.com/hot-dog-trays-for-catering/,,For Catering,newly added,New footer link added during the SEO expansion
https://hotdogtrays.com/get-quote/,,https://hotdogtrays.com/paper-vs-plastic-hot-dog-trays/,,Paper vs Plastic,newly added,New footer link added during the SEO expansion
https://hotdogtrays.com/get-quote/,,https://hotdogtrays.com/hot-dog-trays-vs-paper-boats/,,Trays vs Boats,newly added,New footer link added during the SEO expansion
https://hotdogtrays.com/hot-dog-containers-to-go/,,https://hotdogtrays.com/,,🌭 HotDogTrays Premium Wholesale Trays,newly added,New navigation link added during the SEO expansion
https://hotdogtrays.com/hot-dog-containers-to-go/,,https://hotdogtrays.com/shop/,,All Products ▼,newly added,New navigation link added during the SEO expansion
https://hotdogtrays.com/hot-dog-containers-to-go/,,https://hotdogtrays.com/product/hot-dog-serving-tray/,,Hot Dog Serving Tray,newly added,New navigation link added during the SEO expansion
https://hotdogtrays.com/hot-dog-containers-to-go/,,https://hotdogtrays.com/product/hot-dog-food-tray/,,Hot Dog Food Tray,newly added,New navigation link added during the SEO expansion
https://hotdogtrays.com/hot-dog-containers-to-go/,,https://hotdogtrays.com/product/hot-dog-plates/,,Hot Dog Plates,newly added,New navigation link added during the SEO expansion
https://hotdogtrays.com/hot-dog-containers-to-go/,,https://hotdogtrays.com/product/paper-hot-dog-trays/,,Paper Hot Dog Trays,newly added,New navigation link added during the SEO expansion
https://hotdogtrays.com/hot-dog-containers-to-go/,,https://hotdogtrays.com/product/hot-dog-paper-holders/,,Hot Dog Paper Holders,newly added,New navigation link added during the SEO expansion
https://hotdogtrays.com/hot-dog-containers-to-go/,,https://hotdogtrays.com/product/disposable-hot-dog-trays/,,Disposable Hot Dog Trays,newly added,New navigation link added during the SEO expansion
https://hotdogtrays.com/hot-dog-containers-to-go/,,https://hotdogtrays.com/product/hot-dog-boats-paper/,,Hot Dog Boats Paper,newly added,New navigation link added during the SEO expansion
https://hotdogtrays.com/hot-dog-containers-to-go/,,https://hotdogtrays.com/product/plastic-hot-dog-trays/,,Plastic Hot Dog Trays,newly added,New navigation link added during the SEO expansion
https://hotdogtrays.com/hot-dog-containers-to-go/,,https://hotdogtrays.com/product/hot-dog-container-paper/,,Hot Dog Container Paper,newly added,New navigation link added during the SEO expansion
https://hotdogtrays.com/hot-dog-containers-to-go/,,https://hotdogtrays.com/product/cardboard-hot-dog-holders/,,Cardboard Hot Dog Holders,newly added,New navigation link added during the SEO expansion
https://hotdogtrays.com/hot-dog-containers-to-go/,,https://hotdogtrays.com/product/disposable-hot-dog-holders/,,Disposable Hot Dog Holders,newly added,New navigation link added during the SEO expansion
https://hotdogtrays.com/hot-dog-containers-to-go/,,https://hotdogtrays.com/product/cardboard-hot-dog-trays/,,Cardboard Hot Dog Trays,newly added,New navigation link added during the SEO expansion
https://hotdogtrays.com/hot-dog-containers-to-go/,,https://hotdogtrays.com/product/red-and-white-hot-dog-trays/,,Red and White Hot Dog Trays,newly added,New navigation link added during the SEO expansion
https://hotdogtrays.com/hot-dog-containers-to-go/,,https://hotdogtrays.com/product/kraft-hot-dog-tray/,,Kraft Hot Dog Tray,newly added,New navigation link added during the SEO expansion
https://hotdogtrays.com/hot-dog-containers-to-go/,,https://hotdogtrays.com/about/,,About Us,newly added,New navigation link added during the SEO expansion
https://hotdogtrays.com/hot-dog-containers-to-go/,,https://hotdogtrays.com/contact/,,Contact,newly added,New navigation link added during the SEO expansion
https://hotdogtrays.com/hot-dog-containers-to-go/,,https://hotdogtrays.com/get-quote/,,Get Free Quote,newly added,New navigation link added during the SEO expansion
https://hotdogtrays.com/hot-dog-containers-to-go/,,https://hotdogtrays.com/shop/,,All Products,newly added,New navigation link added during the SEO expansion
https://hotdogtrays.com/hot-dog-containers-to-go/,,https://hotdogtrays.com/,,Home,newly added,New breadcrumb link added during the SEO expansion
https://hotdogtrays.com/hot-dog-containers-to-go/,,https://hotdogtrays.com/shop/,,Shop,newly added,New breadcrumb link added during the SEO expansion
https://hotdogtrays.com/hot-dog-containers-to-go/,,https://hotdogtrays.com/product/hot-dog-container-paper/,,a paper container format,newly added,New contextual link added during the SEO expansion
https://hotdogtrays.com/hot-dog-containers-to-go/,,https://hotdogtrays.com/hot-dog-trays-for-food-trucks/,,a fast-moving service window,newly added,New contextual link added during the SEO expansion
https://hotdogtrays.com/hot-dog-containers-to-go/,,https://hotdogtrays.com/product/plastic-hot-dog-trays/,,a rigid tray that ignores moisture,newly added,New contextual link added during the SEO expansion
https://hotdogtrays.com/hot-dog-containers-to-go/,,https://hotdogtrays.com/privacy-policy/,,Privacy Policy,newly added,New contextual link added during the SEO expansion
https://hotdogtrays.com/hot-dog-containers-to-go/,,https://hotdogtrays.com/product/hot-dog-container-paper/,,Get Free Quote for Hot Dog Container Paper,newly added,New related-product link added during the SEO expansion
https://hotdogtrays.com/hot-dog-containers-to-go/,,https://hotdogtrays.com/product/plastic-hot-dog-trays/,,Get Free Quote for Plastic Hot Dog Trays,newly added,New related-product link added during the SEO expansion
https://hotdogtrays.com/hot-dog-containers-to-go/,,https://hotdogtrays.com/product/disposable-hot-dog-holders/,,Get Free Quote for Disposable Hot Dog Holders,newly added,New related-product link added during the SEO expansion
https://hotdogtrays.com/hot-dog-containers-to-go/,,https://hotdogtrays.com/product/hot-dog-paper-holders/,,Get Free Quote for Hot Dog Paper Holders,newly added,New related-product link added during the SEO expansion
https://hotdogtrays.com/hot-dog-containers-to-go/,,https://hotdogtrays.com/faq/,,FAQ,newly added,New footer link added during the SEO expansion
https://hotdogtrays.com/hot-dog-containers-to-go/,,https://hotdogtrays.com/shipping/,,Shipping Info,newly added,New footer link added during the SEO expansion
https://hotdogtrays.com/hot-dog-containers-to-go/,,https://hotdogtrays.com/terms-conditions/,,Terms & Conditions,newly added,New footer link added during the SEO expansion
https://hotdogtrays.com/hot-dog-containers-to-go/,,https://hotdogtrays.com/hot-dog-tray-sizes/,,Tray Sizes,newly added,New footer link added during the SEO expansion
https://hotdogtrays.com/hot-dog-containers-to-go/,,https://hotdogtrays.com/footlong-hot-dog-trays/,,Footlong Trays,newly added,New footer link added during the SEO expansion
https://hotdogtrays.com/hot-dog-containers-to-go/,,https://hotdogtrays.com/hot-dog-tray-material-guide/,,Material Guide,newly added,New footer link added during the SEO expansion
https://hotdogtrays.com/hot-dog-containers-to-go/,,https://hotdogtrays.com/hot-dog-containers-to-go/,,Containers To Go,newly added,New footer link added during the SEO expansion
https://hotdogtrays.com/hot-dog-containers-to-go/,,https://hotdogtrays.com/hot-dog-trays-in-bulk/,,Buying in Bulk,newly added,New footer link added during the SEO expansion
https://hotdogtrays.com/hot-dog-containers-to-go/,,https://hotdogtrays.com/hot-dog-trays-for-food-trucks/,,For Food Trucks,newly added,New footer link added during the SEO expansion
https://hotdogtrays.com/hot-dog-containers-to-go/,,https://hotdogtrays.com/hot-dog-trays-for-concession-stands/,,For Concessions,newly added,New footer link added during the SEO expansion
https://hotdogtrays.com/hot-dog-containers-to-go/,,https://hotdogtrays.com/hot-dog-trays-for-catering/,,For Catering,newly added,New footer link added during the SEO expansion
https://hotdogtrays.com/hot-dog-containers-to-go/,,https://hotdogtrays.com/paper-vs-plastic-hot-dog-trays/,,Paper vs Plastic,newly added,New footer link added during the SEO expansion
https://hotdogtrays.com/hot-dog-containers-to-go/,,https://hotdogtrays.com/hot-dog-trays-vs-paper-boats/,,Trays vs Boats,newly added,New footer link added during the SEO expansion
https://hotdogtrays.com/hot-dog-containers-to-go/,,https://hotdogtrays.com/,,HotDogTrays.com,newly added,New footer link added during the SEO expansion
https://hotdogtrays.com/hot-dog-tray-material-guide/,,https://hotdogtrays.com/,,🌭 HotDogTrays Premium Wholesale Trays,newly added,New navigation link added during the SEO expansion
https://hotdogtrays.com/hot-dog-tray-material-guide/,,https://hotdogtrays.com/shop/,,All Products ▼,newly added,New navigation link added during the SEO expansion
https://hotdogtrays.com/hot-dog-tray-material-guide/,,https://hotdogtrays.com/product/hot-dog-serving-tray/,,Hot Dog Serving Tray,newly added,New navigation link added during the SEO expansion
https://hotdogtrays.com/hot-dog-tray-material-guide/,,https://hotdogtrays.com/product/hot-dog-food-tray/,,Hot Dog Food Tray,newly added,New navigation link added during the SEO expansion
https://hotdogtrays.com/hot-dog-tray-material-guide/,,https://hotdogtrays.com/product/hot-dog-plates/,,Hot Dog Plates,newly added,New navigation link added during the SEO expansion
https://hotdogtrays.com/hot-dog-tray-material-guide/,,https://hotdogtrays.com/product/paper-hot-dog-trays/,,Paper Hot Dog Trays,newly added,New navigation link added during the SEO expansion
https://hotdogtrays.com/hot-dog-tray-material-guide/,,https://hotdogtrays.com/product/hot-dog-paper-holders/,,Hot Dog Paper Holders,newly added,New navigation link added during the SEO expansion
https://hotdogtrays.com/hot-dog-tray-material-guide/,,https://hotdogtrays.com/product/disposable-hot-dog-trays/,,Disposable Hot Dog Trays,newly added,New navigation link added during the SEO expansion
https://hotdogtrays.com/hot-dog-tray-material-guide/,,https://hotdogtrays.com/product/hot-dog-boats-paper/,,Hot Dog Boats Paper,newly added,New navigation link added during the SEO expansion
https://hotdogtrays.com/hot-dog-tray-material-guide/,,https://hotdogtrays.com/product/plastic-hot-dog-trays/,,Plastic Hot Dog Trays,newly added,New navigation link added during the SEO expansion
https://hotdogtrays.com/hot-dog-tray-material-guide/,,https://hotdogtrays.com/product/hot-dog-container-paper/,,Hot Dog Container Paper,newly added,New navigation link added during the SEO expansion
https://hotdogtrays.com/hot-dog-tray-material-guide/,,https://hotdogtrays.com/product/cardboard-hot-dog-holders/,,Cardboard Hot Dog Holders,newly added,New navigation link added during the SEO expansion
https://hotdogtrays.com/hot-dog-tray-material-guide/,,https://hotdogtrays.com/product/disposable-hot-dog-holders/,,Disposable Hot Dog Holders,newly added,New navigation link added during the SEO expansion
https://hotdogtrays.com/hot-dog-tray-material-guide/,,https://hotdogtrays.com/product/cardboard-hot-dog-trays/,,Cardboard Hot Dog Trays,newly added,New navigation link added during the SEO expansion
https://hotdogtrays.com/hot-dog-tray-material-guide/,,https://hotdogtrays.com/product/red-and-white-hot-dog-trays/,,Red and White Hot Dog Trays,newly added,New navigation link added during the SEO expansion
https://hotdogtrays.com/hot-dog-tray-material-guide/,,https://hotdogtrays.com/product/kraft-hot-dog-tray/,,Kraft Hot Dog Tray,newly added,New navigation link added during the SEO expansion
https://hotdogtrays.com/hot-dog-tray-material-guide/,,https://hotdogtrays.com/about/,,About Us,newly added,New navigation link added during the SEO expansion
https://hotdogtrays.com/hot-dog-tray-material-guide/,,https://hotdogtrays.com/contact/,,Contact,newly added,New navigation link added during the SEO expansion
https://hotdogtrays.com/hot-dog-tray-material-guide/,,https://hotdogtrays.com/get-quote/,,Get Free Quote,newly added,New navigation link added during the SEO expansion
https://hotdogtrays.com/hot-dog-tray-material-guide/,,https://hotdogtrays.com/shop/,,All Products,newly added,New navigation link added during the SEO expansion
https://hotdogtrays.com/hot-dog-tray-material-guide/,,https://hotdogtrays.com/,,Home,newly added,New breadcrumb link added during the SEO expansion
https://hotdogtrays.com/hot-dog-tray-material-guide/,,https://hotdogtrays.com/shop/,,Shop,newly added,New breadcrumb link added during the SEO expansion
https://hotdogtrays.com/hot-dog-tray-material-guide/,,https://hotdogtrays.com/hot-dog-tray-sizes/,,sizing the tray to the portion,newly added,New contextual link added during the SEO expansion
https://hotdogtrays.com/hot-dog-tray-material-guide/,,https://hotdogtrays.com/paper-vs-plastic-hot-dog-trays/,,a direct comparison of the two families,newly added,New contextual link added during the SEO expansion
https://hotdogtrays.com/hot-dog-tray-material-guide/,,https://hotdogtrays.com/hot-dog-trays-in-bulk/,,ordering quantity against available storage,newly added,New contextual link added during the SEO expansion
https://hotdogtrays.com/hot-dog-tray-material-guide/,,https://hotdogtrays.com/privacy-policy/,,Privacy Policy,newly added,New contextual link added during the SEO expansion
https://hotdogtrays.com/hot-dog-tray-material-guide/,,https://hotdogtrays.com/product/kraft-hot-dog-tray/,,Get Free Quote for Kraft Hot Dog Tray,newly added,New related-product link added during the SEO expansion
https://hotdogtrays.com/hot-dog-tray-material-guide/,,https://hotdogtrays.com/product/plastic-hot-dog-trays/,,Get Free Quote for Plastic Hot Dog Trays,newly added,New related-product link added during the SEO expansion
https://hotdogtrays.com/hot-dog-tray-material-guide/,,https://hotdogtrays.com/product/cardboard-hot-dog-trays/,,Get Free Quote for Cardboard Hot Dog Trays,newly added,New related-product link added during the SEO expansion
https://hotdogtrays.com/hot-dog-tray-material-guide/,,https://hotdogtrays.com/product/paper-hot-dog-trays/,,Get Free Quote for Paper Hot Dog Trays,newly added,New related-product link added during the SEO expansion
https://hotdogtrays.com/hot-dog-tray-material-guide/,,https://hotdogtrays.com/faq/,,FAQ,newly added,New footer link added during the SEO expansion
https://hotdogtrays.com/hot-dog-tray-material-guide/,,https://hotdogtrays.com/shipping/,,Shipping Info,newly added,New footer link added during the SEO expansion
https://hotdogtrays.com/hot-dog-tray-material-guide/,,https://hotdogtrays.com/terms-conditions/,,Terms & Conditions,newly added,New footer link added during the SEO expansion
https://hotdogtrays.com/hot-dog-tray-material-guide/,,https://hotdogtrays.com/hot-dog-tray-sizes/,,Tray Sizes,newly added,New footer link added during the SEO expansion
https://hotdogtrays.com/hot-dog-tray-material-guide/,,https://hotdogtrays.com/footlong-hot-dog-trays/,,Footlong Trays,newly added,New footer link added during the SEO expansion
https://hotdogtrays.com/hot-dog-tray-material-guide/,,https://hotdogtrays.com/hot-dog-tray-material-guide/,,Material Guide,newly added,New footer link added during the SEO expansion
https://hotdogtrays.com/hot-dog-tray-material-guide/,,https://hotdogtrays.com/hot-dog-containers-to-go/,,Containers To Go,newly added,New footer link added during the SEO expansion
https://hotdogtrays.com/hot-dog-tray-material-guide/,,https://hotdogtrays.com/hot-dog-trays-in-bulk/,,Buying in Bulk,newly added,New footer link added during the SEO expansion
https://hotdogtrays.com/hot-dog-tray-material-guide/,,https://hotdogtrays.com/hot-dog-trays-for-food-trucks/,,For Food Trucks,newly added,New footer link added during the SEO expansion
https://hotdogtrays.com/hot-dog-tray-material-guide/,,https://hotdogtrays.com/hot-dog-trays-for-concession-stands/,,For Concessions,newly added,New footer link added during the SEO expansion
https://hotdogtrays.com/hot-dog-tray-material-guide/,,https://hotdogtrays.com/hot-dog-trays-for-catering/,,For Catering,newly added,New footer link added during the SEO expansion
https://hotdogtrays.com/hot-dog-tray-material-guide/,,https://hotdogtrays.com/paper-vs-plastic-hot-dog-trays/,,Paper vs Plastic,newly added,New footer link added during the SEO expansion
https://hotdogtrays.com/hot-dog-tray-material-guide/,,https://hotdogtrays.com/hot-dog-trays-vs-paper-boats/,,Trays vs Boats,newly added,New footer link added during the SEO expansion
https://hotdogtrays.com/hot-dog-tray-material-guide/,,https://hotdogtrays.com/,,HotDogTrays.com,newly added,New footer link added during the SEO expansion
https://hotdogtrays.com/hot-dog-tray-sizes/,,https://hotdogtrays.com/,,🌭 HotDogTrays Premium Wholesale Trays,newly added,New navigation link added during the SEO expansion
https://hotdogtrays.com/hot-dog-tray-sizes/,,https://hotdogtrays.com/shop/,,All Products ▼,newly added,New navigation link added during the SEO expansion
https://hotdogtrays.com/hot-dog-tray-sizes/,,https://hotdogtrays.com/product/hot-dog-serving-tray/,,Hot Dog Serving Tray,newly added,New navigation link added during the SEO expansion
https://hotdogtrays.com/hot-dog-tray-sizes/,,https://hotdogtrays.com/product/hot-dog-food-tray/,,Hot Dog Food Tray,newly added,New navigation link added during the SEO expansion
https://hotdogtrays.com/hot-dog-tray-sizes/,,https://hotdogtrays.com/product/hot-dog-plates/,,Hot Dog Plates,newly added,New navigation link added during the SEO expansion
https://hotdogtrays.com/hot-dog-tray-sizes/,,https://hotdogtrays.com/product/paper-hot-dog-trays/,,Paper Hot Dog Trays,newly added,New navigation link added during the SEO expansion
https://hotdogtrays.com/hot-dog-tray-sizes/,,https://hotdogtrays.com/product/hot-dog-paper-holders/,,Hot Dog Paper Holders,newly added,New navigation link added during the SEO expansion
https://hotdogtrays.com/hot-dog-tray-sizes/,,https://hotdogtrays.com/product/disposable-hot-dog-trays/,,Disposable Hot Dog Trays,newly added,New navigation link added during the SEO expansion
https://hotdogtrays.com/hot-dog-tray-sizes/,,https://hotdogtrays.com/product/hot-dog-boats-paper/,,Hot Dog Boats Paper,newly added,New navigation link added during the SEO expansion
https://hotdogtrays.com/hot-dog-tray-sizes/,,https://hotdogtrays.com/product/plastic-hot-dog-trays/,,Plastic Hot Dog Trays,newly added,New navigation link added during the SEO expansion
https://hotdogtrays.com/hot-dog-tray-sizes/,,https://hotdogtrays.com/product/hot-dog-container-paper/,,Hot Dog Container Paper,newly added,New navigation link added during the SEO expansion
https://hotdogtrays.com/hot-dog-tray-sizes/,,https://hotdogtrays.com/product/cardboard-hot-dog-holders/,,Cardboard Hot Dog Holders,newly added,New navigation link added during the SEO expansion
https://hotdogtrays.com/hot-dog-tray-sizes/,,https://hotdogtrays.com/product/disposable-hot-dog-holders/,,Disposable Hot Dog Holders,newly added,New navigation link added during the SEO expansion
https://hotdogtrays.com/hot-dog-tray-sizes/,,https://hotdogtrays.com/product/cardboard-hot-dog-trays/,,Cardboard Hot Dog Trays,newly added,New navigation link added during the SEO expansion
https://hotdogtrays.com/hot-dog-tray-sizes/,,https://hotdogtrays.com/product/red-and-white-hot-dog-trays/,,Red and White Hot Dog Trays,newly added,New navigation link added during the SEO expansion
https://hotdogtrays.com/hot-dog-tray-sizes/,,https://hotdogtrays.com/product/kraft-hot-dog-tray/,,Kraft Hot Dog Tray,newly added,New navigation link added during the SEO expansion
https://hotdogtrays.com/hot-dog-tray-sizes/,,https://hotdogtrays.com/about/,,About Us,newly added,New navigation link added during the SEO expansion
https://hotdogtrays.com/hot-dog-tray-sizes/,,https://hotdogtrays.com/contact/,,Contact,newly added,New navigation link added during the SEO expansion
https://hotdogtrays.com/hot-dog-tray-sizes/,,https://hotdogtrays.com/get-quote/,,Get Free Quote,newly added,New navigation link added during the SEO expansion
https://hotdogtrays.com/hot-dog-tray-sizes/,,https://hotdogtrays.com/shop/,,All Products,newly added,New navigation link added during the SEO expansion
https://hotdogtrays.com/hot-dog-tray-sizes/,,https://hotdogtrays.com/,,Home,newly added,New breadcrumb link added during the SEO expansion
https://hotdogtrays.com/hot-dog-tray-sizes/,,https://hotdogtrays.com/shop/,,Shop,newly added,New breadcrumb link added during the SEO expansion
https://hotdogtrays.com/hot-dog-tray-sizes/,,https://hotdogtrays.com/product/hot-dog-serving-tray/,,open serving tray,newly added,New contextual link added during the SEO expansion
https://hotdogtrays.com/hot-dog-tray-sizes/,,https://hotdogtrays.com/footlong-hot-dog-trays/,,longer buns need extra end support,newly added,New contextual link added during the SEO expansion
https://hotdogtrays.com/hot-dog-tray-sizes/,,https://hotdogtrays.com/hot-dog-trays-in-bulk/,,planning quantities across two sizes,newly added,New contextual link added during the SEO expansion
https://hotdogtrays.com/hot-dog-tray-sizes/,,https://hotdogtrays.com/privacy-policy/,,Privacy Policy,newly added,New contextual link added during the SEO expansion
https://hotdogtrays.com/hot-dog-tray-sizes/,,https://hotdogtrays.com/product/hot-dog-serving-tray/,,Get Free Quote for Hot Dog Serving Tray,newly added,New related-product link added during the SEO expansion
https://hotdogtrays.com/hot-dog-tray-sizes/,,https://hotdogtrays.com/product/paper-hot-dog-trays/,,Get Free Quote for Paper Hot Dog Trays,newly added,New related-product link added during the SEO expansion
https://hotdogtrays.com/hot-dog-tray-sizes/,,https://hotdogtrays.com/product/cardboard-hot-dog-trays/,,Get Free Quote for Cardboard Hot Dog Trays,newly added,New related-product link added during the SEO expansion
https://hotdogtrays.com/hot-dog-tray-sizes/,,https://hotdogtrays.com/product/kraft-hot-dog-tray/,,Get Free Quote for Kraft Hot Dog Tray,newly added,New related-product link added during the SEO expansion
https://hotdogtrays.com/hot-dog-tray-sizes/,,https://hotdogtrays.com/faq/,,FAQ,newly added,New footer link added during the SEO expansion
https://hotdogtrays.com/hot-dog-tray-sizes/,,https://hotdogtrays.com/shipping/,,Shipping Info,newly added,New footer link added during the SEO expansion
https://hotdogtrays.com/hot-dog-tray-sizes/,,https://hotdogtrays.com/terms-conditions/,,Terms & Conditions,newly added,New footer link added during the SEO expansion
https://hotdogtrays.com/hot-dog-tray-sizes/,,https://hotdogtrays.com/hot-dog-tray-sizes/,,Tray Sizes,newly added,New footer link added during the SEO expansion
https://hotdogtrays.com/hot-dog-tray-sizes/,,https://hotdogtrays.com/footlong-hot-dog-trays/,,Footlong Trays,newly added,New footer link added during the SEO expansion
https://hotdogtrays.com/hot-dog-tray-sizes/,,https://hotdogtrays.com/hot-dog-tray-material-guide/,,Material Guide,newly added,New footer link added during the SEO expansion
https://hotdogtrays.com/hot-dog-tray-sizes/,,https://hotdogtrays.com/hot-dog-containers-to-go/,,Containers To Go,newly added,New footer link added during the SEO expansion
https://hotdogtrays.com/hot-dog-tray-sizes/,,https://hotdogtrays.com/hot-dog-trays-in-bulk/,,Buying in Bulk,newly added,New footer link added during the SEO expansion
https://hotdogtrays.com/hot-dog-tray-sizes/,,https://hotdogtrays.com/hot-dog-trays-for-food-trucks/,,For Food Trucks,newly added,New footer link added during the SEO expansion
https://hotdogtrays.com/hot-dog-tray-sizes/,,https://hotdogtrays.com/hot-dog-trays-for-concession-stands/,,For Concessions,newly added,New footer link added during the SEO expansion
https://hotdogtrays.com/hot-dog-tray-sizes/,,https://hotdogtrays.com/hot-dog-trays-for-catering/,,For Catering,newly added,New footer link added during the SEO expansion
https://hotdogtrays.com/hot-dog-tray-sizes/,,https://hotdogtrays.com/paper-vs-plastic-hot-dog-trays/,,Paper vs Plastic,newly added,New footer link added during the SEO expansion
https://hotdogtrays.com/hot-dog-tray-sizes/,,https://hotdogtrays.com/hot-dog-trays-vs-paper-boats/,,Trays vs Boats,newly added,New footer link added during the SEO expansion
https://hotdogtrays.com/hot-dog-tray-sizes/,,https://hotdogtrays.com/,,HotDogTrays.com,newly added,New footer link added during the SEO expansion
https://hotdogtrays.com/hot-dog-trays-for-catering/,,https://hotdogtrays.com/,,🌭 HotDogTrays Premium Wholesale Trays,newly added,New navigation link added during the SEO expansion
https://hotdogtrays.com/hot-dog-trays-for-catering/,,https://hotdogtrays.com/shop/,,All Products ▼,newly added,New navigation link added during the SEO expansion
https://hotdogtrays.com/hot-dog-trays-for-catering/,,https://hotdogtrays.com/product/hot-dog-serving-tray/,,Hot Dog Serving Tray,newly added,New navigation link added during the SEO expansion
https://hotdogtrays.com/hot-dog-trays-for-catering/,,https://hotdogtrays.com/product/hot-dog-food-tray/,,Hot Dog Food Tray,newly added,New navigation link added during the SEO expansion
https://hotdogtrays.com/hot-dog-trays-for-catering/,,https://hotdogtrays.com/product/hot-dog-plates/,,Hot Dog Plates,newly added,New navigation link added during the SEO expansion
https://hotdogtrays.com/hot-dog-trays-for-catering/,,https://hotdogtrays.com/product/paper-hot-dog-trays/,,Paper Hot Dog Trays,newly added,New navigation link added during the SEO expansion
https://hotdogtrays.com/hot-dog-trays-for-catering/,,https://hotdogtrays.com/product/hot-dog-paper-holders/,,Hot Dog Paper Holders,newly added,New navigation link added during the SEO expansion
https://hotdogtrays.com/hot-dog-trays-for-catering/,,https://hotdogtrays.com/product/disposable-hot-dog-trays/,,Disposable Hot Dog Trays,newly added,New navigation link added during the SEO expansion
https://hotdogtrays.com/hot-dog-trays-for-catering/,,https://hotdogtrays.com/product/hot-dog-boats-paper/,,Hot Dog Boats Paper,newly added,New navigation link added during the SEO expansion
https://hotdogtrays.com/hot-dog-trays-for-catering/,,https://hotdogtrays.com/product/plastic-hot-dog-trays/,,Plastic Hot Dog Trays,newly added,New navigation link added during the SEO expansion
https://hotdogtrays.com/hot-dog-trays-for-catering/,,https://hotdogtrays.com/product/hot-dog-container-paper/,,Hot Dog Container Paper,newly added,New navigation link added during the SEO expansion
https://hotdogtrays.com/hot-dog-trays-for-catering/,,https://hotdogtrays.com/product/cardboard-hot-dog-holders/,,Cardboard Hot Dog Holders,newly added,New navigation link added during the SEO expansion
https://hotdogtrays.com/hot-dog-trays-for-catering/,,https://hotdogtrays.com/product/disposable-hot-dog-holders/,,Disposable Hot Dog Holders,newly added,New navigation link added during the SEO expansion
https://hotdogtrays.com/hot-dog-trays-for-catering/,,https://hotdogtrays.com/product/cardboard-hot-dog-trays/,,Cardboard Hot Dog Trays,newly added,New navigation link added during the SEO expansion
https://hotdogtrays.com/hot-dog-trays-for-catering/,,https://hotdogtrays.com/product/red-and-white-hot-dog-trays/,,Red and White Hot Dog Trays,newly added,New navigation link added during the SEO expansion
https://hotdogtrays.com/hot-dog-trays-for-catering/,,https://hotdogtrays.com/product/kraft-hot-dog-tray/,,Kraft Hot Dog Tray,newly added,New navigation link added during the SEO expansion
https://hotdogtrays.com/hot-dog-trays-for-catering/,,https://hotdogtrays.com/about/,,About Us,newly added,New navigation link added during the SEO expansion
https://hotdogtrays.com/hot-dog-trays-for-catering/,,https://hotdogtrays.com/contact/,,Contact,newly added,New navigation link added during the SEO expansion
https://hotdogtrays.com/hot-dog-trays-for-catering/,,https://hotdogtrays.com/get-quote/,,Get Free Quote,newly added,New navigation link added during the SEO expansion
https://hotdogtrays.com/hot-dog-trays-for-catering/,,https://hotdogtrays.com/shop/,,All Products,newly added,New navigation link added during the SEO expansion
https://hotdogtrays.com/hot-dog-trays-for-catering/,,https://hotdogtrays.com/,,Home,newly added,New breadcrumb link added during the SEO expansion
https://hotdogtrays.com/hot-dog-trays-for-catering/,,https://hotdogtrays.com/shop/,,Shop,newly added,New breadcrumb link added during the SEO expansion
https://hotdogtrays.com/hot-dog-trays-for-catering/,,https://hotdogtrays.com/hot-dog-tray-material-guide/,,barrier choice under longer holding,newly added,New contextual link added during the SEO expansion
https://hotdogtrays.com/hot-dog-trays-for-catering/,,https://hotdogtrays.com/product/hot-dog-plates/,,a flatter plate format,newly added,New contextual link added during the SEO expansion
https://hotdogtrays.com/hot-dog-trays-for-catering/,,https://hotdogtrays.com/hot-dog-trays-in-bulk/,,lead times and print setup,newly added,New contextual link added during the SEO expansion
https://hotdogtrays.com/hot-dog-trays-for-catering/,,https://hotdogtrays.com/privacy-policy/,,Privacy Policy,newly added,New contextual link added during the SEO expansion
https://hotdogtrays.com/hot-dog-trays-for-catering/,,https://hotdogtrays.com/product/hot-dog-serving-tray/,,Get Free Quote for Hot Dog Serving Tray,newly added,New related-product link added during the SEO expansion
https://hotdogtrays.com/hot-dog-trays-for-catering/,,https://hotdogtrays.com/product/cardboard-hot-dog-trays/,,Get Free Quote for Cardboard Hot Dog Trays,newly added,New related-product link added during the SEO expansion
https://hotdogtrays.com/hot-dog-trays-for-catering/,,https://hotdogtrays.com/product/hot-dog-plates/,,Get Free Quote for Hot Dog Plates,newly added,New related-product link added during the SEO expansion
https://hotdogtrays.com/hot-dog-trays-for-catering/,,https://hotdogtrays.com/product/paper-hot-dog-trays/,,Get Free Quote for Paper Hot Dog Trays,newly added,New related-product link added during the SEO expansion
https://hotdogtrays.com/hot-dog-trays-for-catering/,,https://hotdogtrays.com/faq/,,FAQ,newly added,New footer link added during the SEO expansion
https://hotdogtrays.com/hot-dog-trays-for-catering/,,https://hotdogtrays.com/shipping/,,Shipping Info,newly added,New footer link added during the SEO expansion
https://hotdogtrays.com/hot-dog-trays-for-catering/,,https://hotdogtrays.com/terms-conditions/,,Terms & Conditions,newly added,New footer link added during the SEO expansion
https://hotdogtrays.com/hot-dog-trays-for-catering/,,https://hotdogtrays.com/hot-dog-tray-sizes/,,Tray Sizes,newly added,New footer link added during the SEO expansion
https://hotdogtrays.com/hot-dog-trays-for-catering/,,https://hotdogtrays.com/footlong-hot-dog-trays/,,Footlong Trays,newly added,New footer link added during the SEO expansion
https://hotdogtrays.com/hot-dog-trays-for-catering/,,https://hotdogtrays.com/hot-dog-tray-material-guide/,,Material Guide,newly added,New footer link added during the SEO expansion
https://hotdogtrays.com/hot-dog-trays-for-catering/,,https://hotdogtrays.com/hot-dog-containers-to-go/,,Containers To Go,newly added,New footer link added during the SEO expansion
https://hotdogtrays.com/hot-dog-trays-for-catering/,,https://hotdogtrays.com/hot-dog-trays-in-bulk/,,Buying in Bulk,newly added,New footer link added during the SEO expansion
https://hotdogtrays.com/hot-dog-trays-for-catering/,,https://hotdogtrays.com/hot-dog-trays-for-food-trucks/,,For Food Trucks,newly added,New footer link added during the SEO expansion
https://hotdogtrays.com/hot-dog-trays-for-catering/,,https://hotdogtrays.com/hot-dog-trays-for-concession-stands/,,For Concessions,newly added,New footer link added during the SEO expansion
https://hotdogtrays.com/hot-dog-trays-for-catering/,,https://hotdogtrays.com/hot-dog-trays-for-catering/,,For Catering,newly added,New footer link added during the SEO expansion
https://hotdogtrays.com/hot-dog-trays-for-catering/,,https://hotdogtrays.com/paper-vs-plastic-hot-dog-trays/,,Paper vs Plastic,newly added,New footer link added during the SEO expansion
https://hotdogtrays.com/hot-dog-trays-for-catering/,,https://hotdogtrays.com/hot-dog-trays-vs-paper-boats/,,Trays vs Boats,newly added,New footer link added during the SEO expansion
https://hotdogtrays.com/hot-dog-trays-for-catering/,,https://hotdogtrays.com/,,HotDogTrays.com,newly added,New footer link added during the SEO expansion
https://hotdogtrays.com/hot-dog-trays-for-concession-stands/,,https://hotdogtrays.com/,,🌭 HotDogTrays Premium Wholesale Trays,newly added,New navigation link added during the SEO expansion
https://hotdogtrays.com/hot-dog-trays-for-concession-stands/,,https://hotdogtrays.com/shop/,,All Products ▼,newly added,New navigation link added during the SEO expansion
https://hotdogtrays.com/hot-dog-trays-for-concession-stands/,,https://hotdogtrays.com/product/hot-dog-serving-tray/,,Hot Dog Serving Tray,newly added,New navigation link added during the SEO expansion
https://hotdogtrays.com/hot-dog-trays-for-concession-stands/,,https://hotdogtrays.com/product/hot-dog-food-tray/,,Hot Dog Food Tray,newly added,New navigation link added during the SEO expansion
https://hotdogtrays.com/hot-dog-trays-for-concession-stands/,,https://hotdogtrays.com/product/hot-dog-plates/,,Hot Dog Plates,newly added,New navigation link added during the SEO expansion
https://hotdogtrays.com/hot-dog-trays-for-concession-stands/,,https://hotdogtrays.com/product/paper-hot-dog-trays/,,Paper Hot Dog Trays,newly added,New navigation link added during the SEO expansion
https://hotdogtrays.com/hot-dog-trays-for-concession-stands/,,https://hotdogtrays.com/product/hot-dog-paper-holders/,,Hot Dog Paper Holders,newly added,New navigation link added during the SEO expansion
https://hotdogtrays.com/hot-dog-trays-for-concession-stands/,,https://hotdogtrays.com/product/disposable-hot-dog-trays/,,Disposable Hot Dog Trays,newly added,New navigation link added during the SEO expansion
https://hotdogtrays.com/hot-dog-trays-for-concession-stands/,,https://hotdogtrays.com/product/hot-dog-boats-paper/,,Hot Dog Boats Paper,newly added,New navigation link added during the SEO expansion
https://hotdogtrays.com/hot-dog-trays-for-concession-stands/,,https://hotdogtrays.com/product/plastic-hot-dog-trays/,,Plastic Hot Dog Trays,newly added,New navigation link added during the SEO expansion
https://hotdogtrays.com/hot-dog-trays-for-concession-stands/,,https://hotdogtrays.com/product/hot-dog-container-paper/,,Hot Dog Container Paper,newly added,New navigation link added during the SEO expansion
https://hotdogtrays.com/hot-dog-trays-for-concession-stands/,,https://hotdogtrays.com/product/cardboard-hot-dog-holders/,,Cardboard Hot Dog Holders,newly added,New navigation link added during the SEO expansion
https://hotdogtrays.com/hot-dog-trays-for-concession-stands/,,https://hotdogtrays.com/product/disposable-hot-dog-holders/,,Disposable Hot Dog Holders,newly added,New navigation link added during the SEO expansion
https://hotdogtrays.com/hot-dog-trays-for-concession-stands/,,https://hotdogtrays.com/product/cardboard-hot-dog-trays/,,Cardboard Hot Dog Trays,newly added,New navigation link added during the SEO expansion
https://hotdogtrays.com/hot-dog-trays-for-concession-stands/,,https://hotdogtrays.com/product/red-and-white-hot-dog-trays/,,Red and White Hot Dog Trays,newly added,New navigation link added during the SEO expansion
https://hotdogtrays.com/hot-dog-trays-for-concession-stands/,,https://hotdogtrays.com/product/kraft-hot-dog-tray/,,Kraft Hot Dog Tray,newly added,New navigation link added during the SEO expansion
https://hotdogtrays.com/hot-dog-trays-for-concession-stands/,,https://hotdogtrays.com/about/,,About Us,newly added,New navigation link added during the SEO expansion
https://hotdogtrays.com/hot-dog-trays-for-concession-stands/,,https://hotdogtrays.com/contact/,,Contact,newly added,New navigation link added during the SEO expansion
https://hotdogtrays.com/hot-dog-trays-for-concession-stands/,,https://hotdogtrays.com/get-quote/,,Get Free Quote,newly added,New navigation link added during the SEO expansion
https://hotdogtrays.com/hot-dog-trays-for-concession-stands/,,https://hotdogtrays.com/shop/,,All Products,newly added,New navigation link added during the SEO expansion
https://hotdogtrays.com/hot-dog-trays-for-concession-stands/,,https://hotdogtrays.com/,,Home,newly added,New breadcrumb link added during the SEO expansion
https://hotdogtrays.com/hot-dog-trays-for-concession-stands/,,https://hotdogtrays.com/shop/,,Shop,newly added,New breadcrumb link added during the SEO expansion
https://hotdogtrays.com/hot-dog-trays-for-concession-stands/,,https://hotdogtrays.com/product/disposable-hot-dog-trays/,,single-use formats that need no washing up,newly added,New contextual link added during the SEO expansion
https://hotdogtrays.com/hot-dog-trays-for-concession-stands/,,https://hotdogtrays.com/hot-dog-trays-in-bulk/,,planning stock for an event calendar,newly added,New contextual link added during the SEO expansion
https://hotdogtrays.com/hot-dog-trays-for-concession-stands/,,https://hotdogtrays.com/product/red-and-white-hot-dog-trays/,,the classic striped format,newly added,New contextual link added during the SEO expansion
https://hotdogtrays.com/hot-dog-trays-for-concession-stands/,,https://hotdogtrays.com/privacy-policy/,,Privacy Policy,newly added,New contextual link added during the SEO expansion
https://hotdogtrays.com/hot-dog-trays-for-concession-stands/,,https://hotdogtrays.com/product/red-and-white-hot-dog-trays/,,Get Free Quote for Red and White Hot Dog Trays,newly added,New related-product link added during the SEO expansion
https://hotdogtrays.com/hot-dog-trays-for-concession-stands/,,https://hotdogtrays.com/product/cardboard-hot-dog-holders/,,Get Free Quote for Cardboard Hot Dog Holders,newly added,New related-product link added during the SEO expansion
https://hotdogtrays.com/hot-dog-trays-for-concession-stands/,,https://hotdogtrays.com/product/disposable-hot-dog-trays/,,Get Free Quote for Disposable Hot Dog Trays,newly added,New related-product link added during the SEO expansion
https://hotdogtrays.com/hot-dog-trays-for-concession-stands/,,https://hotdogtrays.com/product/hot-dog-serving-tray/,,Get Free Quote for Hot Dog Serving Tray,newly added,New related-product link added during the SEO expansion
https://hotdogtrays.com/hot-dog-trays-for-concession-stands/,,https://hotdogtrays.com/faq/,,FAQ,newly added,New footer link added during the SEO expansion
https://hotdogtrays.com/hot-dog-trays-for-concession-stands/,,https://hotdogtrays.com/shipping/,,Shipping Info,newly added,New footer link added during the SEO expansion
https://hotdogtrays.com/hot-dog-trays-for-concession-stands/,,https://hotdogtrays.com/terms-conditions/,,Terms & Conditions,newly added,New footer link added during the SEO expansion
https://hotdogtrays.com/hot-dog-trays-for-concession-stands/,,https://hotdogtrays.com/hot-dog-tray-sizes/,,Tray Sizes,newly added,New footer link added during the SEO expansion
https://hotdogtrays.com/hot-dog-trays-for-concession-stands/,,https://hotdogtrays.com/footlong-hot-dog-trays/,,Footlong Trays,newly added,New footer link added during the SEO expansion
https://hotdogtrays.com/hot-dog-trays-for-concession-stands/,,https://hotdogtrays.com/hot-dog-tray-material-guide/,,Material Guide,newly added,New footer link added during the SEO expansion
https://hotdogtrays.com/hot-dog-trays-for-concession-stands/,,https://hotdogtrays.com/hot-dog-containers-to-go/,,Containers To Go,newly added,New footer link added during the SEO expansion
https://hotdogtrays.com/hot-dog-trays-for-concession-stands/,,https://hotdogtrays.com/hot-dog-trays-in-bulk/,,Buying in Bulk,newly added,New footer link added during the SEO expansion
https://hotdogtrays.com/hot-dog-trays-for-concession-stands/,,https://hotdogtrays.com/hot-dog-trays-for-food-trucks/,,For Food Trucks,newly added,New footer link added during the SEO expansion
https://hotdogtrays.com/hot-dog-trays-for-concession-stands/,,https://hotdogtrays.com/hot-dog-trays-for-concession-stands/,,For Concessions,newly added,New footer link added during the SEO expansion
https://hotdogtrays.com/hot-dog-trays-for-concession-stands/,,https://hotdogtrays.com/hot-dog-trays-for-catering/,,For Catering,newly added,New footer link added during the SEO expansion
https://hotdogtrays.com/hot-dog-trays-for-concession-stands/,,https://hotdogtrays.com/paper-vs-plastic-hot-dog-trays/,,Paper vs Plastic,newly added,New footer link added during the SEO expansion
https://hotdogtrays.com/hot-dog-trays-for-concession-stands/,,https://hotdogtrays.com/hot-dog-trays-vs-paper-boats/,,Trays vs Boats,newly added,New footer link added during the SEO expansion
https://hotdogtrays.com/hot-dog-trays-for-concession-stands/,,https://hotdogtrays.com/,,HotDogTrays.com,newly added,New footer link added during the SEO expansion
https://hotdogtrays.com/hot-dog-trays-for-food-trucks/,,https://hotdogtrays.com/,,🌭 HotDogTrays Premium Wholesale Trays,newly added,New navigation link added during the SEO expansion
https://hotdogtrays.com/hot-dog-trays-for-food-trucks/,,https://hotdogtrays.com/shop/,,All Products ▼,newly added,New navigation link added during the SEO expansion
https://hotdogtrays.com/hot-dog-trays-for-food-trucks/,,https://hotdogtrays.com/product/hot-dog-serving-tray/,,Hot Dog Serving Tray,newly added,New navigation link added during the SEO expansion
https://hotdogtrays.com/hot-dog-trays-for-food-trucks/,,https://hotdogtrays.com/product/hot-dog-food-tray/,,Hot Dog Food Tray,newly added,New navigation link added during the SEO expansion
https://hotdogtrays.com/hot-dog-trays-for-food-trucks/,,https://hotdogtrays.com/product/hot-dog-plates/,,Hot Dog Plates,newly added,New navigation link added during the SEO expansion
https://hotdogtrays.com/hot-dog-trays-for-food-trucks/,,https://hotdogtrays.com/product/paper-hot-dog-trays/,,Paper Hot Dog Trays,newly added,New navigation link added during the SEO expansion
https://hotdogtrays.com/hot-dog-trays-for-food-trucks/,,https://hotdogtrays.com/product/hot-dog-paper-holders/,,Hot Dog Paper Holders,newly added,New navigation link added during the SEO expansion
https://hotdogtrays.com/hot-dog-trays-for-food-trucks/,,https://hotdogtrays.com/product/disposable-hot-dog-trays/,,Disposable Hot Dog Trays,newly added,New navigation link added during the SEO expansion
https://hotdogtrays.com/hot-dog-trays-for-food-trucks/,,https://hotdogtrays.com/product/hot-dog-boats-paper/,,Hot Dog Boats Paper,newly added,New navigation link added during the SEO expansion
https://hotdogtrays.com/hot-dog-trays-for-food-trucks/,,https://hotdogtrays.com/product/plastic-hot-dog-trays/,,Plastic Hot Dog Trays,newly added,New navigation link added during the SEO expansion
https://hotdogtrays.com/hot-dog-trays-for-food-trucks/,,https://hotdogtrays.com/product/hot-dog-container-paper/,,Hot Dog Container Paper,newly added,New navigation link added during the SEO expansion
https://hotdogtrays.com/hot-dog-trays-for-food-trucks/,,https://hotdogtrays.com/product/cardboard-hot-dog-holders/,,Cardboard Hot Dog Holders,newly added,New navigation link added during the SEO expansion
https://hotdogtrays.com/hot-dog-trays-for-food-trucks/,,https://hotdogtrays.com/product/disposable-hot-dog-holders/,,Disposable Hot Dog Holders,newly added,New navigation link added during the SEO expansion
https://hotdogtrays.com/hot-dog-trays-for-food-trucks/,,https://hotdogtrays.com/product/cardboard-hot-dog-trays/,,Cardboard Hot Dog Trays,newly added,New navigation link added during the SEO expansion
https://hotdogtrays.com/hot-dog-trays-for-food-trucks/,,https://hotdogtrays.com/product/red-and-white-hot-dog-trays/,,Red and White Hot Dog Trays,newly added,New navigation link added during the SEO expansion
https://hotdogtrays.com/hot-dog-trays-for-food-trucks/,,https://hotdogtrays.com/product/kraft-hot-dog-tray/,,Kraft Hot Dog Tray,newly added,New navigation link added during the SEO expansion
https://hotdogtrays.com/hot-dog-trays-for-food-trucks/,,https://hotdogtrays.com/about/,,About Us,newly added,New navigation link added during the SEO expansion
https://hotdogtrays.com/hot-dog-trays-for-food-trucks/,,https://hotdogtrays.com/contact/,,Contact,newly added,New navigation link added during the SEO expansion
https://hotdogtrays.com/hot-dog-trays-for-food-trucks/,,https://hotdogtrays.com/get-quote/,,Get Free Quote,newly added,New navigation link added during the SEO expansion
https://hotdogtrays.com/hot-dog-trays-for-food-trucks/,,https://hotdogtrays.com/shop/,,All Products,newly added,New navigation link added during the SEO expansion
https://hotdogtrays.com/hot-dog-trays-for-food-trucks/,,https://hotdogtrays.com/,,Home,newly added,New breadcrumb link added during the SEO expansion
https://hotdogtrays.com/hot-dog-trays-for-food-trucks/,,https://hotdogtrays.com/shop/,,Shop,newly added,New breadcrumb link added during the SEO expansion
https://hotdogtrays.com/hot-dog-trays-for-food-trucks/,,https://hotdogtrays.com/hot-dog-tray-material-guide/,,how each stock stores before use,newly added,New contextual link added during the SEO expansion
https://hotdogtrays.com/hot-dog-trays-for-food-trucks/,,https://hotdogtrays.com/footlong-hot-dog-trays/,,longer formats are harder to pass through a window,newly added,New contextual link added during the SEO expansion
https://hotdogtrays.com/hot-dog-trays-for-food-trucks/,,https://hotdogtrays.com/hot-dog-trays-in-bulk/,,ordering printed stock in sensible quantities,newly added,New contextual link added during the SEO expansion
https://hotdogtrays.com/hot-dog-trays-for-food-trucks/,,https://hotdogtrays.com/privacy-policy/,,Privacy Policy,newly added,New contextual link added during the SEO expansion
https://hotdogtrays.com/hot-dog-trays-for-food-trucks/,,https://hotdogtrays.com/product/hot-dog-boats-paper/,,Get Free Quote for Hot Dog Boats Paper,newly added,New related-product link added during the SEO expansion
https://hotdogtrays.com/hot-dog-trays-for-food-trucks/,,https://hotdogtrays.com/product/paper-hot-dog-trays/,,Get Free Quote for Paper Hot Dog Trays,newly added,New related-product link added during the SEO expansion
https://hotdogtrays.com/hot-dog-trays-for-food-trucks/,,https://hotdogtrays.com/product/disposable-hot-dog-trays/,,Get Free Quote for Disposable Hot Dog Trays,newly added,New related-product link added during the SEO expansion
https://hotdogtrays.com/hot-dog-trays-for-food-trucks/,,https://hotdogtrays.com/product/kraft-hot-dog-tray/,,Get Free Quote for Kraft Hot Dog Tray,newly added,New related-product link added during the SEO expansion
https://hotdogtrays.com/hot-dog-trays-for-food-trucks/,,https://hotdogtrays.com/faq/,,FAQ,newly added,New footer link added during the SEO expansion
https://hotdogtrays.com/hot-dog-trays-for-food-trucks/,,https://hotdogtrays.com/shipping/,,Shipping Info,newly added,New footer link added during the SEO expansion
https://hotdogtrays.com/hot-dog-trays-for-food-trucks/,,https://hotdogtrays.com/terms-conditions/,,Terms & Conditions,newly added,New footer link added during the SEO expansion
https://hotdogtrays.com/hot-dog-trays-for-food-trucks/,,https://hotdogtrays.com/hot-dog-tray-sizes/,,Tray Sizes,newly added,New footer link added during the SEO expansion
https://hotdogtrays.com/hot-dog-trays-for-food-trucks/,,https://hotdogtrays.com/footlong-hot-dog-trays/,,Footlong Trays,newly added,New footer link added during the SEO expansion
https://hotdogtrays.com/hot-dog-trays-for-food-trucks/,,https://hotdogtrays.com/hot-dog-tray-material-guide/,,Material Guide,newly added,New footer link added during the SEO expansion
https://hotdogtrays.com/hot-dog-trays-for-food-trucks/,,https://hotdogtrays.com/hot-dog-containers-to-go/,,Containers To Go,newly added,New footer link added during the SEO expansion
https://hotdogtrays.com/hot-dog-trays-for-food-trucks/,,https://hotdogtrays.com/hot-dog-trays-in-bulk/,,Buying in Bulk,newly added,New footer link added during the SEO expansion
https://hotdogtrays.com/hot-dog-trays-for-food-trucks/,,https://hotdogtrays.com/hot-dog-trays-for-food-trucks/,,For Food Trucks,newly added,New footer link added during the SEO expansion
https://hotdogtrays.com/hot-dog-trays-for-food-trucks/,,https://hotdogtrays.com/hot-dog-trays-for-concession-stands/,,For Concessions,newly added,New footer link added during the SEO expansion
https://hotdogtrays.com/hot-dog-trays-for-food-trucks/,,https://hotdogtrays.com/hot-dog-trays-for-catering/,,For Catering,newly added,New footer link added during the SEO expansion
https://hotdogtrays.com/hot-dog-trays-for-food-trucks/,,https://hotdogtrays.com/paper-vs-plastic-hot-dog-trays/,,Paper vs Plastic,newly added,New footer link added during the SEO expansion
https://hotdogtrays.com/hot-dog-trays-for-food-trucks/,,https://hotdogtrays.com/hot-dog-trays-vs-paper-boats/,,Trays vs Boats,newly added,New footer link added during the SEO expansion
https://hotdogtrays.com/hot-dog-trays-for-food-trucks/,,https://hotdogtrays.com/,,HotDogTrays.com,newly added,New footer link added during the SEO expansion
https://hotdogtrays.com/hot-dog-trays-in-bulk/,,https://hotdogtrays.com/,,🌭 HotDogTrays Premium Wholesale Trays,newly added,New navigation link added during the SEO expansion
https://hotdogtrays.com/hot-dog-trays-in-bulk/,,https://hotdogtrays.com/shop/,,All Products ▼,newly added,New navigation link added during the SEO expansion
https://hotdogtrays.com/hot-dog-trays-in-bulk/,,https://hotdogtrays.com/product/hot-dog-serving-tray/,,Hot Dog Serving Tray,newly added,New navigation link added during the SEO expansion
https://hotdogtrays.com/hot-dog-trays-in-bulk/,,https://hotdogtrays.com/product/hot-dog-food-tray/,,Hot Dog Food Tray,newly added,New navigation link added during the SEO expansion
https://hotdogtrays.com/hot-dog-trays-in-bulk/,,https://hotdogtrays.com/product/hot-dog-plates/,,Hot Dog Plates,newly added,New navigation link added during the SEO expansion
https://hotdogtrays.com/hot-dog-trays-in-bulk/,,https://hotdogtrays.com/product/paper-hot-dog-trays/,,Paper Hot Dog Trays,newly added,New navigation link added during the SEO expansion
https://hotdogtrays.com/hot-dog-trays-in-bulk/,,https://hotdogtrays.com/product/hot-dog-paper-holders/,,Hot Dog Paper Holders,newly added,New navigation link added during the SEO expansion
https://hotdogtrays.com/hot-dog-trays-in-bulk/,,https://hotdogtrays.com/product/disposable-hot-dog-trays/,,Disposable Hot Dog Trays,newly added,New navigation link added during the SEO expansion
https://hotdogtrays.com/hot-dog-trays-in-bulk/,,https://hotdogtrays.com/product/hot-dog-boats-paper/,,Hot Dog Boats Paper,newly added,New navigation link added during the SEO expansion
https://hotdogtrays.com/hot-dog-trays-in-bulk/,,https://hotdogtrays.com/product/plastic-hot-dog-trays/,,Plastic Hot Dog Trays,newly added,New navigation link added during the SEO expansion
https://hotdogtrays.com/hot-dog-trays-in-bulk/,,https://hotdogtrays.com/product/hot-dog-container-paper/,,Hot Dog Container Paper,newly added,New navigation link added during the SEO expansion
https://hotdogtrays.com/hot-dog-trays-in-bulk/,,https://hotdogtrays.com/product/cardboard-hot-dog-holders/,,Cardboard Hot Dog Holders,newly added,New navigation link added during the SEO expansion
https://hotdogtrays.com/hot-dog-trays-in-bulk/,,https://hotdogtrays.com/product/disposable-hot-dog-holders/,,Disposable Hot Dog Holders,newly added,New navigation link added during the SEO expansion
https://hotdogtrays.com/hot-dog-trays-in-bulk/,,https://hotdogtrays.com/product/cardboard-hot-dog-trays/,,Cardboard Hot Dog Trays,newly added,New navigation link added during the SEO expansion
https://hotdogtrays.com/hot-dog-trays-in-bulk/,,https://hotdogtrays.com/product/red-and-white-hot-dog-trays/,,Red and White Hot Dog Trays,newly added,New navigation link added during the SEO expansion
https://hotdogtrays.com/hot-dog-trays-in-bulk/,,https://hotdogtrays.com/product/kraft-hot-dog-tray/,,Kraft Hot Dog Tray,newly added,New navigation link added during the SEO expansion
https://hotdogtrays.com/hot-dog-trays-in-bulk/,,https://hotdogtrays.com/about/,,About Us,newly added,New navigation link added during the SEO expansion
https://hotdogtrays.com/hot-dog-trays-in-bulk/,,https://hotdogtrays.com/contact/,,Contact,newly added,New navigation link added during the SEO expansion
https://hotdogtrays.com/hot-dog-trays-in-bulk/,,https://hotdogtrays.com/get-quote/,,Get Free Quote,newly added,New navigation link added during the SEO expansion
https://hotdogtrays.com/hot-dog-trays-in-bulk/,,https://hotdogtrays.com/shop/,,All Products,newly added,New navigation link added during the SEO expansion
https://hotdogtrays.com/hot-dog-trays-in-bulk/,,https://hotdogtrays.com/,,Home,newly added,New breadcrumb link added during the SEO expansion
https://hotdogtrays.com/hot-dog-trays-in-bulk/,,https://hotdogtrays.com/shop/,,Shop,newly added,New breadcrumb link added during the SEO expansion
https://hotdogtrays.com/hot-dog-trays-in-bulk/,,https://hotdogtrays.com/hot-dog-tray-sizes/,,settle the size before the quantity,newly added,New contextual link added during the SEO expansion
https://hotdogtrays.com/hot-dog-trays-in-bulk/,,https://hotdogtrays.com/hot-dog-tray-material-guide/,,stock choice affects how artwork reproduces,newly added,New contextual link added during the SEO expansion
https://hotdogtrays.com/hot-dog-trays-in-bulk/,,https://hotdogtrays.com/shop/,,the tray formats available to order,newly added,New contextual link added during the SEO expansion
https://hotdogtrays.com/hot-dog-trays-in-bulk/,,https://hotdogtrays.com/privacy-policy/,,Privacy Policy,newly added,New contextual link added during the SEO expansion
https://hotdogtrays.com/hot-dog-trays-in-bulk/,,https://hotdogtrays.com/product/paper-hot-dog-trays/,,Get Free Quote for Paper Hot Dog Trays,newly added,New related-product link added during the SEO expansion
https://hotdogtrays.com/hot-dog-trays-in-bulk/,,https://hotdogtrays.com/product/cardboard-hot-dog-trays/,,Get Free Quote for Cardboard Hot Dog Trays,newly added,New related-product link added during the SEO expansion
https://hotdogtrays.com/hot-dog-trays-in-bulk/,,https://hotdogtrays.com/product/disposable-hot-dog-trays/,,Get Free Quote for Disposable Hot Dog Trays,newly added,New related-product link added during the SEO expansion
https://hotdogtrays.com/hot-dog-trays-in-bulk/,,https://hotdogtrays.com/product/kraft-hot-dog-tray/,,Get Free Quote for Kraft Hot Dog Tray,newly added,New related-product link added during the SEO expansion
https://hotdogtrays.com/hot-dog-trays-in-bulk/,,https://hotdogtrays.com/faq/,,FAQ,newly added,New footer link added during the SEO expansion
https://hotdogtrays.com/hot-dog-trays-in-bulk/,,https://hotdogtrays.com/shipping/,,Shipping Info,newly added,New footer link added during the SEO expansion
https://hotdogtrays.com/hot-dog-trays-in-bulk/,,https://hotdogtrays.com/terms-conditions/,,Terms & Conditions,newly added,New footer link added during the SEO expansion
https://hotdogtrays.com/hot-dog-trays-in-bulk/,,https://hotdogtrays.com/hot-dog-tray-sizes/,,Tray Sizes,newly added,New footer link added during the SEO expansion
https://hotdogtrays.com/hot-dog-trays-in-bulk/,,https://hotdogtrays.com/footlong-hot-dog-trays/,,Footlong Trays,newly added,New footer link added during the SEO expansion
https://hotdogtrays.com/hot-dog-trays-in-bulk/,,https://hotdogtrays.com/hot-dog-tray-material-guide/,,Material Guide,newly added,New footer link added during the SEO expansion
https://hotdogtrays.com/hot-dog-trays-in-bulk/,,https://hotdogtrays.com/hot-dog-containers-to-go/,,Containers To Go,newly added,New footer link added during the SEO expansion
https://hotdogtrays.com/hot-dog-trays-in-bulk/,,https://hotdogtrays.com/hot-dog-trays-in-bulk/,,Buying in Bulk,newly added,New footer link added during the SEO expansion
https://hotdogtrays.com/hot-dog-trays-in-bulk/,,https://hotdogtrays.com/hot-dog-trays-for-food-trucks/,,For Food Trucks,newly added,New footer link added during the SEO expansion
https://hotdogtrays.com/hot-dog-trays-in-bulk/,,https://hotdogtrays.com/hot-dog-trays-for-concession-stands/,,For Concessions,newly added,New footer link added during the SEO expansion
https://hotdogtrays.com/hot-dog-trays-in-bulk/,,https://hotdogtrays.com/hot-dog-trays-for-catering/,,For Catering,newly added,New footer link added during the SEO expansion
https://hotdogtrays.com/hot-dog-trays-in-bulk/,,https://hotdogtrays.com/paper-vs-plastic-hot-dog-trays/,,Paper vs Plastic,newly added,New footer link added during the SEO expansion
https://hotdogtrays.com/hot-dog-trays-in-bulk/,,https://hotdogtrays.com/hot-dog-trays-vs-paper-boats/,,Trays vs Boats,newly added,New footer link added during the SEO expansion
https://hotdogtrays.com/hot-dog-trays-in-bulk/,,https://hotdogtrays.com/,,HotDogTrays.com,newly added,New footer link added during the SEO expansion
https://hotdogtrays.com/hot-dog-trays-vs-paper-boats/,,https://hotdogtrays.com/,,🌭 HotDogTrays Premium Wholesale Trays,newly added,New navigation link added during the SEO expansion
https://hotdogtrays.com/hot-dog-trays-vs-paper-boats/,,https://hotdogtrays.com/shop/,,All Products ▼,newly added,New navigation link added during the SEO expansion
https://hotdogtrays.com/hot-dog-trays-vs-paper-boats/,,https://hotdogtrays.com/product/hot-dog-serving-tray/,,Hot Dog Serving Tray,newly added,New navigation link added during the SEO expansion
https://hotdogtrays.com/hot-dog-trays-vs-paper-boats/,,https://hotdogtrays.com/product/hot-dog-food-tray/,,Hot Dog Food Tray,newly added,New navigation link added during the SEO expansion
https://hotdogtrays.com/hot-dog-trays-vs-paper-boats/,,https://hotdogtrays.com/product/hot-dog-plates/,,Hot Dog Plates,newly added,New navigation link added during the SEO expansion
https://hotdogtrays.com/hot-dog-trays-vs-paper-boats/,,https://hotdogtrays.com/product/paper-hot-dog-trays/,,Paper Hot Dog Trays,newly added,New navigation link added during the SEO expansion
https://hotdogtrays.com/hot-dog-trays-vs-paper-boats/,,https://hotdogtrays.com/product/hot-dog-paper-holders/,,Hot Dog Paper Holders,newly added,New navigation link added during the SEO expansion
https://hotdogtrays.com/hot-dog-trays-vs-paper-boats/,,https://hotdogtrays.com/product/disposable-hot-dog-trays/,,Disposable Hot Dog Trays,newly added,New navigation link added during the SEO expansion
https://hotdogtrays.com/hot-dog-trays-vs-paper-boats/,,https://hotdogtrays.com/product/hot-dog-boats-paper/,,Hot Dog Boats Paper,newly added,New navigation link added during the SEO expansion
https://hotdogtrays.com/hot-dog-trays-vs-paper-boats/,,https://hotdogtrays.com/product/plastic-hot-dog-trays/,,Plastic Hot Dog Trays,newly added,New navigation link added during the SEO expansion
https://hotdogtrays.com/hot-dog-trays-vs-paper-boats/,,https://hotdogtrays.com/product/hot-dog-container-paper/,,Hot Dog Container Paper,newly added,New navigation link added during the SEO expansion
https://hotdogtrays.com/hot-dog-trays-vs-paper-boats/,,https://hotdogtrays.com/product/cardboard-hot-dog-holders/,,Cardboard Hot Dog Holders,newly added,New navigation link added during the SEO expansion
https://hotdogtrays.com/hot-dog-trays-vs-paper-boats/,,https://hotdogtrays.com/product/disposable-hot-dog-holders/,,Disposable Hot Dog Holders,newly added,New navigation link added during the SEO expansion
https://hotdogtrays.com/hot-dog-trays-vs-paper-boats/,,https://hotdogtrays.com/product/cardboard-hot-dog-trays/,,Cardboard Hot Dog Trays,newly added,New navigation link added during the SEO expansion
https://hotdogtrays.com/hot-dog-trays-vs-paper-boats/,,https://hotdogtrays.com/product/red-and-white-hot-dog-trays/,,Red and White Hot Dog Trays,newly added,New navigation link added during the SEO expansion
https://hotdogtrays.com/hot-dog-trays-vs-paper-boats/,,https://hotdogtrays.com/product/kraft-hot-dog-tray/,,Kraft Hot Dog Tray,newly added,New navigation link added during the SEO expansion
https://hotdogtrays.com/hot-dog-trays-vs-paper-boats/,,https://hotdogtrays.com/about/,,About Us,newly added,New navigation link added during the SEO expansion
https://hotdogtrays.com/hot-dog-trays-vs-paper-boats/,,https://hotdogtrays.com/contact/,,Contact,newly added,New navigation link added during the SEO expansion
https://hotdogtrays.com/hot-dog-trays-vs-paper-boats/,,https://hotdogtrays.com/get-quote/,,Get Free Quote,newly added,New navigation link added during the SEO expansion
https://hotdogtrays.com/hot-dog-trays-vs-paper-boats/,,https://hotdogtrays.com/shop/,,All Products,newly added,New navigation link added during the SEO expansion
https://hotdogtrays.com/hot-dog-trays-vs-paper-boats/,,https://hotdogtrays.com/,,Home,newly added,New breadcrumb link added during the SEO expansion
https://hotdogtrays.com/hot-dog-trays-vs-paper-boats/,,https://hotdogtrays.com/shop/,,Shop,newly added,New breadcrumb link added during the SEO expansion
https://hotdogtrays.com/hot-dog-trays-vs-paper-boats/,,https://hotdogtrays.com/product/hot-dog-boats-paper/,,the boat format in more detail,newly added,New contextual link added during the SEO expansion
https://hotdogtrays.com/hot-dog-trays-vs-paper-boats/,,https://hotdogtrays.com/hot-dog-trays-for-food-trucks/,,service where nobody sits down,newly added,New contextual link added during the SEO expansion
https://hotdogtrays.com/hot-dog-trays-vs-paper-boats/,,https://hotdogtrays.com/product/paper-hot-dog-trays/,,flat-panel tray formats,newly added,New contextual link added during the SEO expansion
https://hotdogtrays.com/hot-dog-trays-vs-paper-boats/,,https://hotdogtrays.com/privacy-policy/,,Privacy Policy,newly added,New contextual link added during the SEO expansion
https://hotdogtrays.com/hot-dog-trays-vs-paper-boats/,,https://hotdogtrays.com/product/hot-dog-boats-paper/,,Get Free Quote for Hot Dog Boats Paper,newly added,New related-product link added during the SEO expansion
https://hotdogtrays.com/hot-dog-trays-vs-paper-boats/,,https://hotdogtrays.com/product/paper-hot-dog-trays/,,Get Free Quote for Paper Hot Dog Trays,newly added,New related-product link added during the SEO expansion
https://hotdogtrays.com/hot-dog-trays-vs-paper-boats/,,https://hotdogtrays.com/product/hot-dog-serving-tray/,,Get Free Quote for Hot Dog Serving Tray,newly added,New related-product link added during the SEO expansion
https://hotdogtrays.com/hot-dog-trays-vs-paper-boats/,,https://hotdogtrays.com/product/cardboard-hot-dog-trays/,,Get Free Quote for Cardboard Hot Dog Trays,newly added,New related-product link added during the SEO expansion
https://hotdogtrays.com/hot-dog-trays-vs-paper-boats/,,https://hotdogtrays.com/faq/,,FAQ,newly added,New footer link added during the SEO expansion
https://hotdogtrays.com/hot-dog-trays-vs-paper-boats/,,https://hotdogtrays.com/shipping/,,Shipping Info,newly added,New footer link added during the SEO expansion
https://hotdogtrays.com/hot-dog-trays-vs-paper-boats/,,https://hotdogtrays.com/terms-conditions/,,Terms & Conditions,newly added,New footer link added during the SEO expansion
https://hotdogtrays.com/hot-dog-trays-vs-paper-boats/,,https://hotdogtrays.com/hot-dog-tray-sizes/,,Tray Sizes,newly added,New footer link added during the SEO expansion
https://hotdogtrays.com/hot-dog-trays-vs-paper-boats/,,https://hotdogtrays.com/footlong-hot-dog-trays/,,Footlong Trays,newly added,New footer link added during the SEO expansion
https://hotdogtrays.com/hot-dog-trays-vs-paper-boats/,,https://hotdogtrays.com/hot-dog-tray-material-guide/,,Material Guide,newly added,New footer link added during the SEO expansion
https://hotdogtrays.com/hot-dog-trays-vs-paper-boats/,,https://hotdogtrays.com/hot-dog-containers-to-go/,,Containers To Go,newly added,New footer link added during the SEO expansion
https://hotdogtrays.com/hot-dog-trays-vs-paper-boats/,,https://hotdogtrays.com/hot-dog-trays-in-bulk/,,Buying in Bulk,newly added,New footer link added during the SEO expansion
https://hotdogtrays.com/hot-dog-trays-vs-paper-boats/,,https://hotdogtrays.com/hot-dog-trays-for-food-trucks/,,For Food Trucks,newly added,New footer link added during the SEO expansion
https://hotdogtrays.com/hot-dog-trays-vs-paper-boats/,,https://hotdogtrays.com/hot-dog-trays-for-concession-stands/,,For Concessions,newly added,New footer link added during the SEO expansion
https://hotdogtrays.com/hot-dog-trays-vs-paper-boats/,,https://hotdogtrays.com/hot-dog-trays-for-catering/,,For Catering,newly added,New footer link added during the SEO expansion
https://hotdogtrays.com/hot-dog-trays-vs-paper-boats/,,https://hotdogtrays.com/paper-vs-plastic-hot-dog-trays/,,Paper vs Plastic,newly added,New footer link added during the SEO expansion
https://hotdogtrays.com/hot-dog-trays-vs-paper-boats/,,https://hotdogtrays.com/hot-dog-trays-vs-paper-boats/,,Trays vs Boats,newly added,New footer link added during the SEO expansion
https://hotdogtrays.com/hot-dog-trays-vs-paper-boats/,,https://hotdogtrays.com/,,HotDogTrays.com,newly added,New footer link added during the SEO expansion
https://hotdogtrays.com/,,https://hotdogtrays.com/hot-dog-tray-sizes/,,measuring the portion before the tray,newly added,New contextual link added during the SEO expansion
https://hotdogtrays.com/,,https://hotdogtrays.com/paper-vs-plastic-hot-dog-trays/,,paper against plastic,newly added,New contextual link added during the SEO expansion
https://hotdogtrays.com/,,https://hotdogtrays.com/hot-dog-trays-in-bulk/,,Ordering in bulk,newly added,New contextual link added during the SEO expansion
https://hotdogtrays.com/,,https://hotdogtrays.com/hot-dog-tray-sizes/,,Tray Sizes,newly added,New footer link added during the SEO expansion
https://hotdogtrays.com/,,https://hotdogtrays.com/footlong-hot-dog-trays/,,Footlong Trays,newly added,New footer link added during the SEO expansion
https://hotdogtrays.com/,,https://hotdogtrays.com/hot-dog-tray-material-guide/,,Material Guide,newly added,New footer link added during the SEO expansion
https://hotdogtrays.com/,,https://hotdogtrays.com/hot-dog-containers-to-go/,,Containers To Go,newly added,New footer link added during the SEO expansion
https://hotdogtrays.com/,,https://hotdogtrays.com/hot-dog-trays-in-bulk/,,Buying in Bulk,newly added,New footer link added during the SEO expansion
https://hotdogtrays.com/,,https://hotdogtrays.com/hot-dog-trays-for-food-trucks/,,For Food Trucks,newly added,New footer link added during the SEO expansion
https://hotdogtrays.com/,,https://hotdogtrays.com/hot-dog-trays-for-concession-stands/,,For Concessions,newly added,New footer link added during the SEO expansion
https://hotdogtrays.com/,,https://hotdogtrays.com/hot-dog-trays-for-catering/,,For Catering,newly added,New footer link added during the SEO expansion
https://hotdogtrays.com/,,https://hotdogtrays.com/paper-vs-plastic-hot-dog-trays/,,Paper vs Plastic,newly added,New footer link added during the SEO expansion
https://hotdogtrays.com/,,https://hotdogtrays.com/hot-dog-trays-vs-paper-boats/,,Trays vs Boats,newly added,New footer link added during the SEO expansion
https://hotdogtrays.com/paper-vs-plastic-hot-dog-trays/,,https://hotdogtrays.com/,,🌭 HotDogTrays Premium Wholesale Trays,newly added,New navigation link added during the SEO expansion
https://hotdogtrays.com/paper-vs-plastic-hot-dog-trays/,,https://hotdogtrays.com/shop/,,All Products ▼,newly added,New navigation link added during the SEO expansion
https://hotdogtrays.com/paper-vs-plastic-hot-dog-trays/,,https://hotdogtrays.com/product/hot-dog-serving-tray/,,Hot Dog Serving Tray,newly added,New navigation link added during the SEO expansion
https://hotdogtrays.com/paper-vs-plastic-hot-dog-trays/,,https://hotdogtrays.com/product/hot-dog-food-tray/,,Hot Dog Food Tray,newly added,New navigation link added during the SEO expansion
https://hotdogtrays.com/paper-vs-plastic-hot-dog-trays/,,https://hotdogtrays.com/product/hot-dog-plates/,,Hot Dog Plates,newly added,New navigation link added during the SEO expansion
https://hotdogtrays.com/paper-vs-plastic-hot-dog-trays/,,https://hotdogtrays.com/product/paper-hot-dog-trays/,,Paper Hot Dog Trays,newly added,New navigation link added during the SEO expansion
https://hotdogtrays.com/paper-vs-plastic-hot-dog-trays/,,https://hotdogtrays.com/product/hot-dog-paper-holders/,,Hot Dog Paper Holders,newly added,New navigation link added during the SEO expansion
https://hotdogtrays.com/paper-vs-plastic-hot-dog-trays/,,https://hotdogtrays.com/product/disposable-hot-dog-trays/,,Disposable Hot Dog Trays,newly added,New navigation link added during the SEO expansion
https://hotdogtrays.com/paper-vs-plastic-hot-dog-trays/,,https://hotdogtrays.com/product/hot-dog-boats-paper/,,Hot Dog Boats Paper,newly added,New navigation link added during the SEO expansion
https://hotdogtrays.com/paper-vs-plastic-hot-dog-trays/,,https://hotdogtrays.com/product/plastic-hot-dog-trays/,,Plastic Hot Dog Trays,newly added,New navigation link added during the SEO expansion
https://hotdogtrays.com/paper-vs-plastic-hot-dog-trays/,,https://hotdogtrays.com/product/hot-dog-container-paper/,,Hot Dog Container Paper,newly added,New navigation link added during the SEO expansion
https://hotdogtrays.com/paper-vs-plastic-hot-dog-trays/,,https://hotdogtrays.com/product/cardboard-hot-dog-holders/,,Cardboard Hot Dog Holders,newly added,New navigation link added during the SEO expansion
https://hotdogtrays.com/paper-vs-plastic-hot-dog-trays/,,https://hotdogtrays.com/product/disposable-hot-dog-holders/,,Disposable Hot Dog Holders,newly added,New navigation link added during the SEO expansion
https://hotdogtrays.com/paper-vs-plastic-hot-dog-trays/,,https://hotdogtrays.com/product/cardboard-hot-dog-trays/,,Cardboard Hot Dog Trays,newly added,New navigation link added during the SEO expansion
https://hotdogtrays.com/paper-vs-plastic-hot-dog-trays/,,https://hotdogtrays.com/product/red-and-white-hot-dog-trays/,,Red and White Hot Dog Trays,newly added,New navigation link added during the SEO expansion
https://hotdogtrays.com/paper-vs-plastic-hot-dog-trays/,,https://hotdogtrays.com/product/kraft-hot-dog-tray/,,Kraft Hot Dog Tray,newly added,New navigation link added during the SEO expansion
https://hotdogtrays.com/paper-vs-plastic-hot-dog-trays/,,https://hotdogtrays.com/about/,,About Us,newly added,New navigation link added during the SEO expansion
https://hotdogtrays.com/paper-vs-plastic-hot-dog-trays/,,https://hotdogtrays.com/contact/,,Contact,newly added,New navigation link added during the SEO expansion
https://hotdogtrays.com/paper-vs-plastic-hot-dog-trays/,,https://hotdogtrays.com/get-quote/,,Get Free Quote,newly added,New navigation link added during the SEO expansion
https://hotdogtrays.com/paper-vs-plastic-hot-dog-trays/,,https://hotdogtrays.com/shop/,,All Products,newly added,New navigation link added during the SEO expansion
https://hotdogtrays.com/paper-vs-plastic-hot-dog-trays/,,https://hotdogtrays.com/,,Home,newly added,New breadcrumb link added during the SEO expansion
https://hotdogtrays.com/paper-vs-plastic-hot-dog-trays/,,https://hotdogtrays.com/shop/,,Shop,newly added,New breadcrumb link added during the SEO expansion
https://hotdogtrays.com/paper-vs-plastic-hot-dog-trays/,,https://hotdogtrays.com/product/plastic-hot-dog-trays/,,a rigid tray format,newly added,New contextual link added during the SEO expansion
https://hotdogtrays.com/paper-vs-plastic-hot-dog-trays/,,https://hotdogtrays.com/hot-dog-trays-in-bulk/,,ordering volume against available space,newly added,New contextual link added during the SEO expansion
https://hotdogtrays.com/paper-vs-plastic-hot-dog-trays/,,https://hotdogtrays.com/product/paper-hot-dog-trays/,,fibre tray options,newly added,New contextual link added during the SEO expansion
https://hotdogtrays.com/paper-vs-plastic-hot-dog-trays/,,https://hotdogtrays.com/privacy-policy/,,Privacy Policy,newly added,New contextual link added during the SEO expansion
https://hotdogtrays.com/paper-vs-plastic-hot-dog-trays/,,https://hotdogtrays.com/product/plastic-hot-dog-trays/,,Get Free Quote for Plastic Hot Dog Trays,newly added,New related-product link added during the SEO expansion
https://hotdogtrays.com/paper-vs-plastic-hot-dog-trays/,,https://hotdogtrays.com/product/paper-hot-dog-trays/,,Get Free Quote for Paper Hot Dog Trays,newly added,New related-product link added during the SEO expansion
https://hotdogtrays.com/paper-vs-plastic-hot-dog-trays/,,https://hotdogtrays.com/product/cardboard-hot-dog-trays/,,Get Free Quote for Cardboard Hot Dog Trays,newly added,New related-product link added during the SEO expansion
https://hotdogtrays.com/paper-vs-plastic-hot-dog-trays/,,https://hotdogtrays.com/product/hot-dog-container-paper/,,Get Free Quote for Hot Dog Container Paper,newly added,New related-product link added during the SEO expansion
https://hotdogtrays.com/paper-vs-plastic-hot-dog-trays/,,https://hotdogtrays.com/faq/,,FAQ,newly added,New footer link added during the SEO expansion
https://hotdogtrays.com/paper-vs-plastic-hot-dog-trays/,,https://hotdogtrays.com/shipping/,,Shipping Info,newly added,New footer link added during the SEO expansion
https://hotdogtrays.com/paper-vs-plastic-hot-dog-trays/,,https://hotdogtrays.com/terms-conditions/,,Terms & Conditions,newly added,New footer link added during the SEO expansion
https://hotdogtrays.com/paper-vs-plastic-hot-dog-trays/,,https://hotdogtrays.com/hot-dog-tray-sizes/,,Tray Sizes,newly added,New footer link added during the SEO expansion
https://hotdogtrays.com/paper-vs-plastic-hot-dog-trays/,,https://hotdogtrays.com/footlong-hot-dog-trays/,,Footlong Trays,newly added,New footer link added during the SEO expansion
https://hotdogtrays.com/paper-vs-plastic-hot-dog-trays/,,https://hotdogtrays.com/hot-dog-tray-material-guide/,,Material Guide,newly added,New footer link added during the SEO expansion
https://hotdogtrays.com/paper-vs-plastic-hot-dog-trays/,,https://hotdogtrays.com/hot-dog-containers-to-go/,,Containers To Go,newly added,New footer link added during the SEO expansion
https://hotdogtrays.com/paper-vs-plastic-hot-dog-trays/,,https://hotdogtrays.com/hot-dog-trays-in-bulk/,,Buying in Bulk,newly added,New footer link added during the SEO expansion
https://hotdogtrays.com/paper-vs-plastic-hot-dog-trays/,,https://hotdogtrays.com/hot-dog-trays-for-food-trucks/,,For Food Trucks,newly added,New footer link added during the SEO expansion
https://hotdogtrays.com/paper-vs-plastic-hot-dog-trays/,,https://hotdogtrays.com/hot-dog-trays-for-concession-stands/,,For Concessions,newly added,New footer link added during the SEO expansion
https://hotdogtrays.com/paper-vs-plastic-hot-dog-trays/,,https://hotdogtrays.com/hot-dog-trays-for-catering/,,For Catering,newly added,New footer link added during the SEO expansion
https://hotdogtrays.com/paper-vs-plastic-hot-dog-trays/,,https://hotdogtrays.com/paper-vs-plastic-hot-dog-trays/,,Paper vs Plastic,newly added,New footer link added during the SEO expansion
https://hotdogtrays.com/paper-vs-plastic-hot-dog-trays/,,https://hotdogtrays.com/hot-dog-trays-vs-paper-boats/,,Trays vs Boats,newly added,New footer link added during the SEO expansion
https://hotdogtrays.com/paper-vs-plastic-hot-dog-trays/,,https://hotdogtrays.com/,,HotDogTrays.com,newly added,New footer link added during the SEO expansion
https://hotdogtrays.com/privacy-policy/,,https://hotdogtrays.com/hot-dog-tray-sizes/,,Tray Sizes,newly added,New footer link added during the SEO expansion
https://hotdogtrays.com/privacy-policy/,,https://hotdogtrays.com/footlong-hot-dog-trays/,,Footlong Trays,newly added,New footer link added during the SEO expansion
https://hotdogtrays.com/privacy-policy/,,https://hotdogtrays.com/hot-dog-tray-material-guide/,,Material Guide,newly added,New footer link added during the SEO expansion
https://hotdogtrays.com/privacy-policy/,,https://hotdogtrays.com/hot-dog-containers-to-go/,,Containers To Go,newly added,New footer link added during the SEO expansion
https://hotdogtrays.com/privacy-policy/,,https://hotdogtrays.com/hot-dog-trays-in-bulk/,,Buying in Bulk,newly added,New footer link added during the SEO expansion
https://hotdogtrays.com/privacy-policy/,,https://hotdogtrays.com/hot-dog-trays-for-food-trucks/,,For Food Trucks,newly added,New footer link added during the SEO expansion
https://hotdogtrays.com/privacy-policy/,,https://hotdogtrays.com/hot-dog-trays-for-concession-stands/,,For Concessions,newly added,New footer link added during the SEO expansion
https://hotdogtrays.com/privacy-policy/,,https://hotdogtrays.com/hot-dog-trays-for-catering/,,For Catering,newly added,New footer link added during the SEO expansion
https://hotdogtrays.com/privacy-policy/,,https://hotdogtrays.com/paper-vs-plastic-hot-dog-trays/,,Paper vs Plastic,newly added,New footer link added during the SEO expansion
https://hotdogtrays.com/privacy-policy/,,https://hotdogtrays.com/hot-dog-trays-vs-paper-boats/,,Trays vs Boats,newly added,New footer link added during the SEO expansion
https://hotdogtrays.com/product/cardboard-hot-dog-holders/,,https://hotdogtrays.com/hot-dog-trays-for-concession-stands/,,pre-staging before a rush,newly added,New contextual link added during the SEO expansion
https://hotdogtrays.com/product/cardboard-hot-dog-holders/,,https://hotdogtrays.com/hot-dog-tray-sizes/,,Tray Sizes,newly added,New footer link added during the SEO expansion
https://hotdogtrays.com/product/cardboard-hot-dog-holders/,,https://hotdogtrays.com/footlong-hot-dog-trays/,,Footlong Trays,newly added,New footer link added during the SEO expansion
https://hotdogtrays.com/product/cardboard-hot-dog-holders/,,https://hotdogtrays.com/hot-dog-tray-material-guide/,,Material Guide,newly added,New footer link added during the SEO expansion
https://hotdogtrays.com/product/cardboard-hot-dog-holders/,,https://hotdogtrays.com/hot-dog-containers-to-go/,,Containers To Go,newly added,New footer link added during the SEO expansion
https://hotdogtrays.com/product/cardboard-hot-dog-holders/,,https://hotdogtrays.com/hot-dog-trays-in-bulk/,,Buying in Bulk,newly added,New footer link added during the SEO expansion
https://hotdogtrays.com/product/cardboard-hot-dog-holders/,,https://hotdogtrays.com/hot-dog-trays-for-food-trucks/,,For Food Trucks,newly added,New footer link added during the SEO expansion
https://hotdogtrays.com/product/cardboard-hot-dog-holders/,,https://hotdogtrays.com/hot-dog-trays-for-concession-stands/,,For Concessions,newly added,New footer link added during the SEO expansion
https://hotdogtrays.com/product/cardboard-hot-dog-holders/,,https://hotdogtrays.com/hot-dog-trays-for-catering/,,For Catering,newly added,New footer link added during the SEO expansion
https://hotdogtrays.com/product/cardboard-hot-dog-holders/,,https://hotdogtrays.com/paper-vs-plastic-hot-dog-trays/,,Paper vs Plastic,newly added,New footer link added during the SEO expansion
https://hotdogtrays.com/product/cardboard-hot-dog-holders/,,https://hotdogtrays.com/hot-dog-trays-vs-paper-boats/,,Trays vs Boats,newly added,New footer link added during the SEO expansion
https://hotdogtrays.com/product/cardboard-hot-dog-trays/,,https://hotdogtrays.com/footlong-hot-dog-trays/,,longer trays are specified differently,newly added,New contextual link added during the SEO expansion
https://hotdogtrays.com/product/cardboard-hot-dog-trays/,,https://hotdogtrays.com/hot-dog-tray-sizes/,,Tray Sizes,newly added,New footer link added during the SEO expansion
https://hotdogtrays.com/product/cardboard-hot-dog-trays/,,https://hotdogtrays.com/footlong-hot-dog-trays/,,Footlong Trays,newly added,New footer link added during the SEO expansion
https://hotdogtrays.com/product/cardboard-hot-dog-trays/,,https://hotdogtrays.com/hot-dog-tray-material-guide/,,Material Guide,newly added,New footer link added during the SEO expansion
https://hotdogtrays.com/product/cardboard-hot-dog-trays/,,https://hotdogtrays.com/hot-dog-containers-to-go/,,Containers To Go,newly added,New footer link added during the SEO expansion
https://hotdogtrays.com/product/cardboard-hot-dog-trays/,,https://hotdogtrays.com/hot-dog-trays-in-bulk/,,Buying in Bulk,newly added,New footer link added during the SEO expansion
https://hotdogtrays.com/product/cardboard-hot-dog-trays/,,https://hotdogtrays.com/hot-dog-trays-for-food-trucks/,,For Food Trucks,newly added,New footer link added during the SEO expansion
https://hotdogtrays.com/product/cardboard-hot-dog-trays/,,https://hotdogtrays.com/hot-dog-trays-for-concession-stands/,,For Concessions,newly added,New footer link added during the SEO expansion
https://hotdogtrays.com/product/cardboard-hot-dog-trays/,,https://hotdogtrays.com/hot-dog-trays-for-catering/,,For Catering,newly added,New footer link added during the SEO expansion
https://hotdogtrays.com/product/cardboard-hot-dog-trays/,,https://hotdogtrays.com/paper-vs-plastic-hot-dog-trays/,,Paper vs Plastic,newly added,New footer link added during the SEO expansion
https://hotdogtrays.com/product/cardboard-hot-dog-trays/,,https://hotdogtrays.com/hot-dog-trays-vs-paper-boats/,,Trays vs Boats,newly added,New footer link added during the SEO expansion
https://hotdogtrays.com/product/disposable-hot-dog-holders/,,https://hotdogtrays.com/hot-dog-trays-in-bulk/,,setting a reorder point,newly added,New contextual link added during the SEO expansion
https://hotdogtrays.com/product/disposable-hot-dog-holders/,,https://hotdogtrays.com/hot-dog-tray-sizes/,,Tray Sizes,newly added,New footer link added during the SEO expansion
https://hotdogtrays.com/product/disposable-hot-dog-holders/,,https://hotdogtrays.com/footlong-hot-dog-trays/,,Footlong Trays,newly added,New footer link added during the SEO expansion
https://hotdogtrays.com/product/disposable-hot-dog-holders/,,https://hotdogtrays.com/hot-dog-tray-material-guide/,,Material Guide,newly added,New footer link added during the SEO expansion
https://hotdogtrays.com/product/disposable-hot-dog-holders/,,https://hotdogtrays.com/hot-dog-containers-to-go/,,Containers To Go,newly added,New footer link added during the SEO expansion
https://hotdogtrays.com/product/disposable-hot-dog-holders/,,https://hotdogtrays.com/hot-dog-trays-in-bulk/,,Buying in Bulk,newly added,New footer link added during the SEO expansion
https://hotdogtrays.com/product/disposable-hot-dog-holders/,,https://hotdogtrays.com/hot-dog-trays-for-food-trucks/,,For Food Trucks,newly added,New footer link added during the SEO expansion
https://hotdogtrays.com/product/disposable-hot-dog-holders/,,https://hotdogtrays.com/hot-dog-trays-for-concession-stands/,,For Concessions,newly added,New footer link added during the SEO expansion
https://hotdogtrays.com/product/disposable-hot-dog-holders/,,https://hotdogtrays.com/hot-dog-trays-for-catering/,,For Catering,newly added,New footer link added during the SEO expansion
https://hotdogtrays.com/product/disposable-hot-dog-holders/,,https://hotdogtrays.com/paper-vs-plastic-hot-dog-trays/,,Paper vs Plastic,newly added,New footer link added during the SEO expansion
https://hotdogtrays.com/product/disposable-hot-dog-holders/,,https://hotdogtrays.com/hot-dog-trays-vs-paper-boats/,,Trays vs Boats,newly added,New footer link added during the SEO expansion
https://hotdogtrays.com/product/disposable-hot-dog-trays/,,https://hotdogtrays.com/hot-dog-trays-for-concession-stands/,,throughput at a busy counter,newly added,New contextual link added during the SEO expansion
https://hotdogtrays.com/product/disposable-hot-dog-trays/,,https://hotdogtrays.com/hot-dog-tray-sizes/,,Tray Sizes,newly added,New footer link added during the SEO expansion
https://hotdogtrays.com/product/disposable-hot-dog-trays/,,https://hotdogtrays.com/footlong-hot-dog-trays/,,Footlong Trays,newly added,New footer link added during the SEO expansion
https://hotdogtrays.com/product/disposable-hot-dog-trays/,,https://hotdogtrays.com/hot-dog-tray-material-guide/,,Material Guide,newly added,New footer link added during the SEO expansion
https://hotdogtrays.com/product/disposable-hot-dog-trays/,,https://hotdogtrays.com/hot-dog-containers-to-go/,,Containers To Go,newly added,New footer link added during the SEO expansion
https://hotdogtrays.com/product/disposable-hot-dog-trays/,,https://hotdogtrays.com/hot-dog-trays-in-bulk/,,Buying in Bulk,newly added,New footer link added during the SEO expansion
https://hotdogtrays.com/product/disposable-hot-dog-trays/,,https://hotdogtrays.com/hot-dog-trays-for-food-trucks/,,For Food Trucks,newly added,New footer link added during the SEO expansion
https://hotdogtrays.com/product/disposable-hot-dog-trays/,,https://hotdogtrays.com/hot-dog-trays-for-concession-stands/,,For Concessions,newly added,New footer link added during the SEO expansion
https://hotdogtrays.com/product/disposable-hot-dog-trays/,,https://hotdogtrays.com/hot-dog-trays-for-catering/,,For Catering,newly added,New footer link added during the SEO expansion
https://hotdogtrays.com/product/disposable-hot-dog-trays/,,https://hotdogtrays.com/paper-vs-plastic-hot-dog-trays/,,Paper vs Plastic,newly added,New footer link added during the SEO expansion
https://hotdogtrays.com/product/disposable-hot-dog-trays/,,https://hotdogtrays.com/hot-dog-trays-vs-paper-boats/,,Trays vs Boats,newly added,New footer link added during the SEO expansion
https://hotdogtrays.com/product/hot-dog-boats-paper/,,https://hotdogtrays.com/hot-dog-trays-vs-paper-boats/,,how they hold the food,newly added,New contextual link added during the SEO expansion
https://hotdogtrays.com/product/hot-dog-boats-paper/,,https://hotdogtrays.com/hot-dog-tray-sizes/,,Tray Sizes,newly added,New footer link added during the SEO expansion
https://hotdogtrays.com/product/hot-dog-boats-paper/,,https://hotdogtrays.com/footlong-hot-dog-trays/,,Footlong Trays,newly added,New footer link added during the SEO expansion
https://hotdogtrays.com/product/hot-dog-boats-paper/,,https://hotdogtrays.com/hot-dog-tray-material-guide/,,Material Guide,newly added,New footer link added during the SEO expansion
https://hotdogtrays.com/product/hot-dog-boats-paper/,,https://hotdogtrays.com/hot-dog-containers-to-go/,,Containers To Go,newly added,New footer link added during the SEO expansion
https://hotdogtrays.com/product/hot-dog-boats-paper/,,https://hotdogtrays.com/hot-dog-trays-in-bulk/,,Buying in Bulk,newly added,New footer link added during the SEO expansion
https://hotdogtrays.com/product/hot-dog-boats-paper/,,https://hotdogtrays.com/hot-dog-trays-for-food-trucks/,,For Food Trucks,newly added,New footer link added during the SEO expansion
https://hotdogtrays.com/product/hot-dog-boats-paper/,,https://hotdogtrays.com/hot-dog-trays-for-concession-stands/,,For Concessions,newly added,New footer link added during the SEO expansion
https://hotdogtrays.com/product/hot-dog-boats-paper/,,https://hotdogtrays.com/hot-dog-trays-for-catering/,,For Catering,newly added,New footer link added during the SEO expansion
https://hotdogtrays.com/product/hot-dog-boats-paper/,,https://hotdogtrays.com/paper-vs-plastic-hot-dog-trays/,,Paper vs Plastic,newly added,New footer link added during the SEO expansion
https://hotdogtrays.com/product/hot-dog-boats-paper/,,https://hotdogtrays.com/hot-dog-trays-vs-paper-boats/,,Trays vs Boats,newly added,New footer link added during the SEO expansion
https://hotdogtrays.com/product/hot-dog-container-paper/,,https://hotdogtrays.com/hot-dog-containers-to-go/,,steam softening the bun,newly added,New contextual link added during the SEO expansion
https://hotdogtrays.com/product/hot-dog-container-paper/,,https://hotdogtrays.com/hot-dog-tray-sizes/,,Tray Sizes,newly added,New footer link added during the SEO expansion
https://hotdogtrays.com/product/hot-dog-container-paper/,,https://hotdogtrays.com/footlong-hot-dog-trays/,,Footlong Trays,newly added,New footer link added during the SEO expansion
https://hotdogtrays.com/product/hot-dog-container-paper/,,https://hotdogtrays.com/hot-dog-tray-material-guide/,,Material Guide,newly added,New footer link added during the SEO expansion
https://hotdogtrays.com/product/hot-dog-container-paper/,,https://hotdogtrays.com/hot-dog-containers-to-go/,,Containers To Go,newly added,New footer link added during the SEO expansion
https://hotdogtrays.com/product/hot-dog-container-paper/,,https://hotdogtrays.com/hot-dog-trays-in-bulk/,,Buying in Bulk,newly added,New footer link added during the SEO expansion
https://hotdogtrays.com/product/hot-dog-container-paper/,,https://hotdogtrays.com/hot-dog-trays-for-food-trucks/,,For Food Trucks,newly added,New footer link added during the SEO expansion
https://hotdogtrays.com/product/hot-dog-container-paper/,,https://hotdogtrays.com/hot-dog-trays-for-concession-stands/,,For Concessions,newly added,New footer link added during the SEO expansion
https://hotdogtrays.com/product/hot-dog-container-paper/,,https://hotdogtrays.com/hot-dog-trays-for-catering/,,For Catering,newly added,New footer link added during the SEO expansion
https://hotdogtrays.com/product/hot-dog-container-paper/,,https://hotdogtrays.com/paper-vs-plastic-hot-dog-trays/,,Paper vs Plastic,newly added,New footer link added during the SEO expansion
https://hotdogtrays.com/product/hot-dog-container-paper/,,https://hotdogtrays.com/hot-dog-trays-vs-paper-boats/,,Trays vs Boats,newly added,New footer link added during the SEO expansion
https://hotdogtrays.com/product/hot-dog-food-tray/,,https://hotdogtrays.com/hot-dog-tray-material-guide/,,what each stock is good at,newly added,New contextual link added during the SEO expansion
https://hotdogtrays.com/product/hot-dog-food-tray/,,https://hotdogtrays.com/hot-dog-tray-sizes/,,Tray Sizes,newly added,New footer link added during the SEO expansion
https://hotdogtrays.com/product/hot-dog-food-tray/,,https://hotdogtrays.com/footlong-hot-dog-trays/,,Footlong Trays,newly added,New footer link added during the SEO expansion
https://hotdogtrays.com/product/hot-dog-food-tray/,,https://hotdogtrays.com/hot-dog-tray-material-guide/,,Material Guide,newly added,New footer link added during the SEO expansion
https://hotdogtrays.com/product/hot-dog-food-tray/,,https://hotdogtrays.com/hot-dog-containers-to-go/,,Containers To Go,newly added,New footer link added during the SEO expansion
https://hotdogtrays.com/product/hot-dog-food-tray/,,https://hotdogtrays.com/hot-dog-trays-in-bulk/,,Buying in Bulk,newly added,New footer link added during the SEO expansion
https://hotdogtrays.com/product/hot-dog-food-tray/,,https://hotdogtrays.com/hot-dog-trays-for-food-trucks/,,For Food Trucks,newly added,New footer link added during the SEO expansion
https://hotdogtrays.com/product/hot-dog-food-tray/,,https://hotdogtrays.com/hot-dog-trays-for-concession-stands/,,For Concessions,newly added,New footer link added during the SEO expansion
https://hotdogtrays.com/product/hot-dog-food-tray/,,https://hotdogtrays.com/hot-dog-trays-for-catering/,,For Catering,newly added,New footer link added during the SEO expansion
https://hotdogtrays.com/product/hot-dog-food-tray/,,https://hotdogtrays.com/paper-vs-plastic-hot-dog-trays/,,Paper vs Plastic,newly added,New footer link added during the SEO expansion
https://hotdogtrays.com/product/hot-dog-food-tray/,,https://hotdogtrays.com/hot-dog-trays-vs-paper-boats/,,Trays vs Boats,newly added,New footer link added during the SEO expansion
https://hotdogtrays.com/product/hot-dog-paper-holders/,,https://hotdogtrays.com/hot-dog-trays-for-food-trucks/,,a market or festival pitch,newly added,New contextual link added during the SEO expansion
https://hotdogtrays.com/product/hot-dog-paper-holders/,,https://hotdogtrays.com/hot-dog-tray-sizes/,,Tray Sizes,newly added,New footer link added during the SEO expansion
https://hotdogtrays.com/product/hot-dog-paper-holders/,,https://hotdogtrays.com/footlong-hot-dog-trays/,,Footlong Trays,newly added,New footer link added during the SEO expansion
https://hotdogtrays.com/product/hot-dog-paper-holders/,,https://hotdogtrays.com/hot-dog-tray-material-guide/,,Material Guide,newly added,New footer link added during the SEO expansion
https://hotdogtrays.com/product/hot-dog-paper-holders/,,https://hotdogtrays.com/hot-dog-containers-to-go/,,Containers To Go,newly added,New footer link added during the SEO expansion
https://hotdogtrays.com/product/hot-dog-paper-holders/,,https://hotdogtrays.com/hot-dog-trays-in-bulk/,,Buying in Bulk,newly added,New footer link added during the SEO expansion
https://hotdogtrays.com/product/hot-dog-paper-holders/,,https://hotdogtrays.com/hot-dog-trays-for-food-trucks/,,For Food Trucks,newly added,New footer link added during the SEO expansion
https://hotdogtrays.com/product/hot-dog-paper-holders/,,https://hotdogtrays.com/hot-dog-trays-for-concession-stands/,,For Concessions,newly added,New footer link added during the SEO expansion
https://hotdogtrays.com/product/hot-dog-paper-holders/,,https://hotdogtrays.com/hot-dog-trays-for-catering/,,For Catering,newly added,New footer link added during the SEO expansion
https://hotdogtrays.com/product/hot-dog-paper-holders/,,https://hotdogtrays.com/paper-vs-plastic-hot-dog-trays/,,Paper vs Plastic,newly added,New footer link added during the SEO expansion
https://hotdogtrays.com/product/hot-dog-paper-holders/,,https://hotdogtrays.com/hot-dog-trays-vs-paper-boats/,,Trays vs Boats,newly added,New footer link added during the SEO expansion
https://hotdogtrays.com/product/hot-dog-plates/,,https://hotdogtrays.com/hot-dog-trays-for-catering/,,guest-loaded stations,newly added,New contextual link added during the SEO expansion
https://hotdogtrays.com/product/hot-dog-plates/,,https://hotdogtrays.com/hot-dog-tray-sizes/,,Tray Sizes,newly added,New footer link added during the SEO expansion
https://hotdogtrays.com/product/hot-dog-plates/,,https://hotdogtrays.com/footlong-hot-dog-trays/,,Footlong Trays,newly added,New footer link added during the SEO expansion
https://hotdogtrays.com/product/hot-dog-plates/,,https://hotdogtrays.com/hot-dog-tray-material-guide/,,Material Guide,newly added,New footer link added during the SEO expansion
https://hotdogtrays.com/product/hot-dog-plates/,,https://hotdogtrays.com/hot-dog-containers-to-go/,,Containers To Go,newly added,New footer link added during the SEO expansion
https://hotdogtrays.com/product/hot-dog-plates/,,https://hotdogtrays.com/hot-dog-trays-in-bulk/,,Buying in Bulk,newly added,New footer link added during the SEO expansion
https://hotdogtrays.com/product/hot-dog-plates/,,https://hotdogtrays.com/hot-dog-trays-for-food-trucks/,,For Food Trucks,newly added,New footer link added during the SEO expansion
https://hotdogtrays.com/product/hot-dog-plates/,,https://hotdogtrays.com/hot-dog-trays-for-concession-stands/,,For Concessions,newly added,New footer link added during the SEO expansion
https://hotdogtrays.com/product/hot-dog-plates/,,https://hotdogtrays.com/hot-dog-trays-for-catering/,,For Catering,newly added,New footer link added during the SEO expansion
https://hotdogtrays.com/product/hot-dog-plates/,,https://hotdogtrays.com/paper-vs-plastic-hot-dog-trays/,,Paper vs Plastic,newly added,New footer link added during the SEO expansion
https://hotdogtrays.com/product/hot-dog-plates/,,https://hotdogtrays.com/hot-dog-trays-vs-paper-boats/,,Trays vs Boats,newly added,New footer link added during the SEO expansion
https://hotdogtrays.com/product/hot-dog-serving-tray/,,https://hotdogtrays.com/hot-dog-tray-sizes/,,measuring bun length and topping height,newly added,New contextual link added during the SEO expansion
https://hotdogtrays.com/product/hot-dog-serving-tray/,,https://hotdogtrays.com/hot-dog-tray-sizes/,,Tray Sizes,newly added,New footer link added during the SEO expansion
https://hotdogtrays.com/product/hot-dog-serving-tray/,,https://hotdogtrays.com/footlong-hot-dog-trays/,,Footlong Trays,newly added,New footer link added during the SEO expansion
https://hotdogtrays.com/product/hot-dog-serving-tray/,,https://hotdogtrays.com/hot-dog-tray-material-guide/,,Material Guide,newly added,New footer link added during the SEO expansion
https://hotdogtrays.com/product/hot-dog-serving-tray/,,https://hotdogtrays.com/hot-dog-containers-to-go/,,Containers To Go,newly added,New footer link added during the SEO expansion
https://hotdogtrays.com/product/hot-dog-serving-tray/,,https://hotdogtrays.com/hot-dog-trays-in-bulk/,,Buying in Bulk,newly added,New footer link added during the SEO expansion
https://hotdogtrays.com/product/hot-dog-serving-tray/,,https://hotdogtrays.com/hot-dog-trays-for-food-trucks/,,For Food Trucks,newly added,New footer link added during the SEO expansion
https://hotdogtrays.com/product/hot-dog-serving-tray/,,https://hotdogtrays.com/hot-dog-trays-for-concession-stands/,,For Concessions,newly added,New footer link added during the SEO expansion
https://hotdogtrays.com/product/hot-dog-serving-tray/,,https://hotdogtrays.com/hot-dog-trays-for-catering/,,For Catering,newly added,New footer link added during the SEO expansion
https://hotdogtrays.com/product/hot-dog-serving-tray/,,https://hotdogtrays.com/paper-vs-plastic-hot-dog-trays/,,Paper vs Plastic,newly added,New footer link added during the SEO expansion
https://hotdogtrays.com/product/hot-dog-serving-tray/,,https://hotdogtrays.com/hot-dog-trays-vs-paper-boats/,,Trays vs Boats,newly added,New footer link added during the SEO expansion
https://hotdogtrays.com/product/kraft-hot-dog-tray/,,https://hotdogtrays.com/hot-dog-tray-material-guide/,,how each stock takes ink,newly added,New contextual link added during the SEO expansion
https://hotdogtrays.com/product/kraft-hot-dog-tray/,,https://hotdogtrays.com/hot-dog-tray-sizes/,,Tray Sizes,newly added,New footer link added during the SEO expansion
https://hotdogtrays.com/product/kraft-hot-dog-tray/,,https://hotdogtrays.com/footlong-hot-dog-trays/,,Footlong Trays,newly added,New footer link added during the SEO expansion
https://hotdogtrays.com/product/kraft-hot-dog-tray/,,https://hotdogtrays.com/hot-dog-tray-material-guide/,,Material Guide,newly added,New footer link added during the SEO expansion
https://hotdogtrays.com/product/kraft-hot-dog-tray/,,https://hotdogtrays.com/hot-dog-containers-to-go/,,Containers To Go,newly added,New footer link added during the SEO expansion
https://hotdogtrays.com/product/kraft-hot-dog-tray/,,https://hotdogtrays.com/hot-dog-trays-in-bulk/,,Buying in Bulk,newly added,New footer link added during the SEO expansion
https://hotdogtrays.com/product/kraft-hot-dog-tray/,,https://hotdogtrays.com/hot-dog-trays-for-food-trucks/,,For Food Trucks,newly added,New footer link added during the SEO expansion
https://hotdogtrays.com/product/kraft-hot-dog-tray/,,https://hotdogtrays.com/hot-dog-trays-for-concession-stands/,,For Concessions,newly added,New footer link added during the SEO expansion
https://hotdogtrays.com/product/kraft-hot-dog-tray/,,https://hotdogtrays.com/hot-dog-trays-for-catering/,,For Catering,newly added,New footer link added during the SEO expansion
https://hotdogtrays.com/product/kraft-hot-dog-tray/,,https://hotdogtrays.com/paper-vs-plastic-hot-dog-trays/,,Paper vs Plastic,newly added,New footer link added during the SEO expansion
https://hotdogtrays.com/product/kraft-hot-dog-tray/,,https://hotdogtrays.com/hot-dog-trays-vs-paper-boats/,,Trays vs Boats,newly added,New footer link added during the SEO expansion
https://hotdogtrays.com/product/paper-hot-dog-trays/,,https://hotdogtrays.com/hot-dog-tray-sizes/,,measuring the assembled portion,newly added,New contextual link added during the SEO expansion
https://hotdogtrays.com/product/paper-hot-dog-trays/,,https://hotdogtrays.com/hot-dog-tray-sizes/,,Tray Sizes,newly added,New footer link added during the SEO expansion
https://hotdogtrays.com/product/paper-hot-dog-trays/,,https://hotdogtrays.com/footlong-hot-dog-trays/,,Footlong Trays,newly added,New footer link added during the SEO expansion
https://hotdogtrays.com/product/paper-hot-dog-trays/,,https://hotdogtrays.com/hot-dog-tray-material-guide/,,Material Guide,newly added,New footer link added during the SEO expansion
https://hotdogtrays.com/product/paper-hot-dog-trays/,,https://hotdogtrays.com/hot-dog-containers-to-go/,,Containers To Go,newly added,New footer link added during the SEO expansion
https://hotdogtrays.com/product/paper-hot-dog-trays/,,https://hotdogtrays.com/hot-dog-trays-in-bulk/,,Buying in Bulk,newly added,New footer link added during the SEO expansion
https://hotdogtrays.com/product/paper-hot-dog-trays/,,https://hotdogtrays.com/hot-dog-trays-for-food-trucks/,,For Food Trucks,newly added,New footer link added during the SEO expansion
https://hotdogtrays.com/product/paper-hot-dog-trays/,,https://hotdogtrays.com/hot-dog-trays-for-concession-stands/,,For Concessions,newly added,New footer link added during the SEO expansion
https://hotdogtrays.com/product/paper-hot-dog-trays/,,https://hotdogtrays.com/hot-dog-trays-for-catering/,,For Catering,newly added,New footer link added during the SEO expansion
https://hotdogtrays.com/product/paper-hot-dog-trays/,,https://hotdogtrays.com/paper-vs-plastic-hot-dog-trays/,,Paper vs Plastic,newly added,New footer link added during the SEO expansion
https://hotdogtrays.com/product/paper-hot-dog-trays/,,https://hotdogtrays.com/hot-dog-trays-vs-paper-boats/,,Trays vs Boats,newly added,New footer link added during the SEO expansion
https://hotdogtrays.com/product/plastic-hot-dog-trays/,,https://hotdogtrays.com/paper-vs-plastic-hot-dog-trays/,,a direct comparison,newly added,New contextual link added during the SEO expansion
https://hotdogtrays.com/product/plastic-hot-dog-trays/,,https://hotdogtrays.com/hot-dog-tray-sizes/,,Tray Sizes,newly added,New footer link added during the SEO expansion
https://hotdogtrays.com/product/plastic-hot-dog-trays/,,https://hotdogtrays.com/footlong-hot-dog-trays/,,Footlong Trays,newly added,New footer link added during the SEO expansion
https://hotdogtrays.com/product/plastic-hot-dog-trays/,,https://hotdogtrays.com/hot-dog-tray-material-guide/,,Material Guide,newly added,New footer link added during the SEO expansion
https://hotdogtrays.com/product/plastic-hot-dog-trays/,,https://hotdogtrays.com/hot-dog-containers-to-go/,,Containers To Go,newly added,New footer link added during the SEO expansion
https://hotdogtrays.com/product/plastic-hot-dog-trays/,,https://hotdogtrays.com/hot-dog-trays-in-bulk/,,Buying in Bulk,newly added,New footer link added during the SEO expansion
https://hotdogtrays.com/product/plastic-hot-dog-trays/,,https://hotdogtrays.com/hot-dog-trays-for-food-trucks/,,For Food Trucks,newly added,New footer link added during the SEO expansion
https://hotdogtrays.com/product/plastic-hot-dog-trays/,,https://hotdogtrays.com/hot-dog-trays-for-concession-stands/,,For Concessions,newly added,New footer link added during the SEO expansion
https://hotdogtrays.com/product/plastic-hot-dog-trays/,,https://hotdogtrays.com/hot-dog-trays-for-catering/,,For Catering,newly added,New footer link added during the SEO expansion
https://hotdogtrays.com/product/plastic-hot-dog-trays/,,https://hotdogtrays.com/paper-vs-plastic-hot-dog-trays/,,Paper vs Plastic,newly added,New footer link added during the SEO expansion
https://hotdogtrays.com/product/plastic-hot-dog-trays/,,https://hotdogtrays.com/hot-dog-trays-vs-paper-boats/,,Trays vs Boats,newly added,New footer link added during the SEO expansion
https://hotdogtrays.com/product/red-and-white-hot-dog-trays/,,https://hotdogtrays.com/hot-dog-trays-for-concession-stands/,,planning for interval rushes,newly added,New contextual link added during the SEO expansion
https://hotdogtrays.com/product/red-and-white-hot-dog-trays/,,https://hotdogtrays.com/hot-dog-tray-sizes/,,Tray Sizes,newly added,New footer link added during the SEO expansion
https://hotdogtrays.com/product/red-and-white-hot-dog-trays/,,https://hotdogtrays.com/footlong-hot-dog-trays/,,Footlong Trays,newly added,New footer link added during the SEO expansion
https://hotdogtrays.com/product/red-and-white-hot-dog-trays/,,https://hotdogtrays.com/hot-dog-tray-material-guide/,,Material Guide,newly added,New footer link added during the SEO expansion
https://hotdogtrays.com/product/red-and-white-hot-dog-trays/,,https://hotdogtrays.com/hot-dog-containers-to-go/,,Containers To Go,newly added,New footer link added during the SEO expansion
https://hotdogtrays.com/product/red-and-white-hot-dog-trays/,,https://hotdogtrays.com/hot-dog-trays-in-bulk/,,Buying in Bulk,newly added,New footer link added during the SEO expansion
https://hotdogtrays.com/product/red-and-white-hot-dog-trays/,,https://hotdogtrays.com/hot-dog-trays-for-food-trucks/,,For Food Trucks,newly added,New footer link added during the SEO expansion
https://hotdogtrays.com/product/red-and-white-hot-dog-trays/,,https://hotdogtrays.com/hot-dog-trays-for-concession-stands/,,For Concessions,newly added,New footer link added during the SEO expansion
https://hotdogtrays.com/product/red-and-white-hot-dog-trays/,,https://hotdogtrays.com/hot-dog-trays-for-catering/,,For Catering,newly added,New footer link added during the SEO expansion
https://hotdogtrays.com/product/red-and-white-hot-dog-trays/,,https://hotdogtrays.com/paper-vs-plastic-hot-dog-trays/,,Paper vs Plastic,newly added,New footer link added during the SEO expansion
https://hotdogtrays.com/product/red-and-white-hot-dog-trays/,,https://hotdogtrays.com/hot-dog-trays-vs-paper-boats/,,Trays vs Boats,newly added,New footer link added during the SEO expansion
https://hotdogtrays.com/sample-page/,,https://hotdogtrays.com/hot-dog-tray-sizes/,,Tray Sizes,newly added,New footer link added during the SEO expansion
https://hotdogtrays.com/sample-page/,,https://hotdogtrays.com/footlong-hot-dog-trays/,,Footlong Trays,newly added,New footer link added during the SEO expansion
https://hotdogtrays.com/sample-page/,,https://hotdogtrays.com/hot-dog-tray-material-guide/,,Material Guide,newly added,New footer link added during the SEO expansion
https://hotdogtrays.com/sample-page/,,https://hotdogtrays.com/hot-dog-containers-to-go/,,Containers To Go,newly added,New footer link added during the SEO expansion
https://hotdogtrays.com/sample-page/,,https://hotdogtrays.com/hot-dog-trays-in-bulk/,,Buying in Bulk,newly added,New footer link added during the SEO expansion
https://hotdogtrays.com/sample-page/,,https://hotdogtrays.com/hot-dog-trays-for-food-trucks/,,For Food Trucks,newly added,New footer link added during the SEO expansion
https://hotdogtrays.com/sample-page/,,https://hotdogtrays.com/hot-dog-trays-for-concession-stands/,,For Concessions,newly added,New footer link added during the SEO expansion
https://hotdogtrays.com/sample-page/,,https://hotdogtrays.com/hot-dog-trays-for-catering/,,For Catering,newly added,New footer link added during the SEO expansion
https://hotdogtrays.com/sample-page/,,https://hotdogtrays.com/paper-vs-plastic-hot-dog-trays/,,Paper vs Plastic,newly added,New footer link added during the SEO expansion
https://hotdogtrays.com/sample-page/,,https://hotdogtrays.com/hot-dog-trays-vs-paper-boats/,,Trays vs Boats,newly added,New footer link added during the SEO expansion
https://hotdogtrays.com/shipping/,,https://hotdogtrays.com/hot-dog-tray-sizes/,,Tray Sizes,newly added,New footer link added during the SEO expansion
https://hotdogtrays.com/shipping/,,https://hotdogtrays.com/footlong-hot-dog-trays/,,Footlong Trays,newly added,New footer link added during the SEO expansion
https://hotdogtrays.com/shipping/,,https://hotdogtrays.com/hot-dog-tray-material-guide/,,Material Guide,newly added,New footer link added during the SEO expansion
https://hotdogtrays.com/shipping/,,https://hotdogtrays.com/hot-dog-containers-to-go/,,Containers To Go,newly added,New footer link added during the SEO expansion
https://hotdogtrays.com/shipping/,,https://hotdogtrays.com/hot-dog-trays-in-bulk/,,Buying in Bulk,newly added,New footer link added during the SEO expansion
https://hotdogtrays.com/shipping/,,https://hotdogtrays.com/hot-dog-trays-for-food-trucks/,,For Food Trucks,newly added,New footer link added during the SEO expansion
https://hotdogtrays.com/shipping/,,https://hotdogtrays.com/hot-dog-trays-for-concession-stands/,,For Concessions,newly added,New footer link added during the SEO expansion
https://hotdogtrays.com/shipping/,,https://hotdogtrays.com/hot-dog-trays-for-catering/,,For Catering,newly added,New footer link added during the SEO expansion
https://hotdogtrays.com/shipping/,,https://hotdogtrays.com/paper-vs-plastic-hot-dog-trays/,,Paper vs Plastic,newly added,New footer link added during the SEO expansion
https://hotdogtrays.com/shipping/,,https://hotdogtrays.com/hot-dog-trays-vs-paper-boats/,,Trays vs Boats,newly added,New footer link added during the SEO expansion
https://hotdogtrays.com/shop/,,https://hotdogtrays.com/hot-dog-tray-sizes/,,Tray Sizes,newly added,New footer link added during the SEO expansion
https://hotdogtrays.com/shop/,,https://hotdogtrays.com/footlong-hot-dog-trays/,,Footlong Trays,newly added,New footer link added during the SEO expansion
https://hotdogtrays.com/shop/,,https://hotdogtrays.com/hot-dog-tray-material-guide/,,Material Guide,newly added,New footer link added during the SEO expansion
https://hotdogtrays.com/shop/,,https://hotdogtrays.com/hot-dog-containers-to-go/,,Containers To Go,newly added,New footer link added during the SEO expansion
https://hotdogtrays.com/shop/,,https://hotdogtrays.com/hot-dog-trays-in-bulk/,,Buying in Bulk,newly added,New footer link added during the SEO expansion
https://hotdogtrays.com/shop/,,https://hotdogtrays.com/hot-dog-trays-for-food-trucks/,,For Food Trucks,newly added,New footer link added during the SEO expansion
https://hotdogtrays.com/shop/,,https://hotdogtrays.com/hot-dog-trays-for-concession-stands/,,For Concessions,newly added,New footer link added during the SEO expansion
https://hotdogtrays.com/shop/,,https://hotdogtrays.com/hot-dog-trays-for-catering/,,For Catering,newly added,New footer link added during the SEO expansion
https://hotdogtrays.com/shop/,,https://hotdogtrays.com/paper-vs-plastic-hot-dog-trays/,,Paper vs Plastic,newly added,New footer link added during the SEO expansion
https://hotdogtrays.com/shop/,,https://hotdogtrays.com/hot-dog-trays-vs-paper-boats/,,Trays vs Boats,newly added,New footer link added during the SEO expansion
https://hotdogtrays.com/terms-conditions/,,https://hotdogtrays.com/hot-dog-tray-sizes/,,Tray Sizes,newly added,New footer link added during the SEO expansion
https://hotdogtrays.com/terms-conditions/,,https://hotdogtrays.com/footlong-hot-dog-trays/,,Footlong Trays,newly added,New footer link added during the SEO expansion
https://hotdogtrays.com/terms-conditions/,,https://hotdogtrays.com/hot-dog-tray-material-guide/,,Material Guide,newly added,New footer link added during the SEO expansion
https://hotdogtrays.com/terms-conditions/,,https://hotdogtrays.com/hot-dog-containers-to-go/,,Containers To Go,newly added,New footer link added during the SEO expansion
https://hotdogtrays.com/terms-conditions/,,https://hotdogtrays.com/hot-dog-trays-in-bulk/,,Buying in Bulk,newly added,New footer link added during the SEO expansion
https://hotdogtrays.com/terms-conditions/,,https://hotdogtrays.com/hot-dog-trays-for-food-trucks/,,For Food Trucks,newly added,New footer link added during the SEO expansion
https://hotdogtrays.com/terms-conditions/,,https://hotdogtrays.com/hot-dog-trays-for-concession-stands/,,For Concessions,newly added,New footer link added during the SEO expansion
https://hotdogtrays.com/terms-conditions/,,https://hotdogtrays.com/hot-dog-trays-for-catering/,,For Catering,newly added,New footer link added during the SEO expansion
https://hotdogtrays.com/terms-conditions/,,https://hotdogtrays.com/paper-vs-plastic-hot-dog-trays/,,Paper vs Plastic,newly added,New footer link added during the SEO expansion
https://hotdogtrays.com/terms-conditions/,,https://hotdogtrays.com/hot-dog-trays-vs-paper-boats/,,Trays vs Boats,newly added,New footer link added during the SEO expansion
