"source_url","destination_url","anchor_text","section","link_type","http_status","notes"
"https://hotdogtrays.com/about/","https://hotdogtrays.com/","🌭 HotDogTrays Premium Wholesale Trays","(page top)","navigation","200",""
"https://hotdogtrays.com/about/","https://hotdogtrays.com/shop/","All Products ▼","(page top)","navigation","200",""
"https://hotdogtrays.com/about/","https://hotdogtrays.com/product/hot-dog-serving-tray/","Hot Dog Serving Tray","(page top)","navigation","200",""
"https://hotdogtrays.com/about/","https://hotdogtrays.com/product/hot-dog-food-tray/","Hot Dog Food Tray","(page top)","navigation","200",""
"https://hotdogtrays.com/about/","https://hotdogtrays.com/product/hot-dog-plates/","Hot Dog Plates","(page top)","navigation","200",""
"https://hotdogtrays.com/about/","https://hotdogtrays.com/product/paper-hot-dog-trays/","Paper Hot Dog Trays","(page top)","navigation","200",""
"https://hotdogtrays.com/about/","https://hotdogtrays.com/product/hot-dog-paper-holders/","Hot Dog Paper Holders","(page top)","navigation","200",""
"https://hotdogtrays.com/about/","https://hotdogtrays.com/product/disposable-hot-dog-trays/","Disposable Hot Dog Trays","(page top)","navigation","200",""
"https://hotdogtrays.com/about/","https://hotdogtrays.com/product/hot-dog-boats-paper/","Hot Dog Boats Paper","(page top)","navigation","200",""
"https://hotdogtrays.com/about/","https://hotdogtrays.com/product/plastic-hot-dog-trays/","Plastic Hot Dog Trays","(page top)","navigation","200",""
"https://hotdogtrays.com/about/","https://hotdogtrays.com/product/hot-dog-container-paper/","Hot Dog Container Paper","(page top)","navigation","200",""
"https://hotdogtrays.com/about/","https://hotdogtrays.com/product/cardboard-hot-dog-holders/","Cardboard Hot Dog Holders","(page top)","navigation","200",""
"https://hotdogtrays.com/about/","https://hotdogtrays.com/product/disposable-hot-dog-holders/","Disposable Hot Dog Holders","(page top)","navigation","200",""
"https://hotdogtrays.com/about/","https://hotdogtrays.com/product/cardboard-hot-dog-trays/","Cardboard Hot Dog Trays","(page top)","navigation","200",""
"https://hotdogtrays.com/about/","https://hotdogtrays.com/product/red-and-white-hot-dog-trays/","Red and White Hot Dog Trays","(page top)","navigation","200",""
"https://hotdogtrays.com/about/","https://hotdogtrays.com/product/kraft-hot-dog-tray/","Kraft Hot Dog Tray","(page top)","navigation","200",""
"https://hotdogtrays.com/about/","https://hotdogtrays.com/about/","About Us","(page top)","navigation","200",""
"https://hotdogtrays.com/about/","https://hotdogtrays.com/contact/","Contact","(page top)","navigation","200",""
"https://hotdogtrays.com/about/","https://hotdogtrays.com/get-quote/","Get Free Quote","(page top)","navigation","200",""
"https://hotdogtrays.com/about/","https://hotdogtrays.com/shop/","All Products","(page top)","navigation","200",""
"https://hotdogtrays.com/about/","https://hotdogtrays.com/","Home","(page top)","breadcrumb","200",""
"https://hotdogtrays.com/about/","https://hotdogtrays.com/contact/","Contact Us","Ready to Get Started?","cta","200",""
"https://hotdogtrays.com/about/","https://hotdogtrays.com/privacy-policy/","Privacy Policy","Request Your Quote","contextual","200",""
"https://hotdogtrays.com/about/","https://hotdogtrays.com/faq/","FAQ","Quick Links","footer","200",""
"https://hotdogtrays.com/about/","https://hotdogtrays.com/shipping/","Shipping Info","Quick Links","footer","200",""
"https://hotdogtrays.com/about/","https://hotdogtrays.com/terms-conditions/","Terms & Conditions","Quick Links","footer","200",""
"https://hotdogtrays.com/about/","https://hotdogtrays.com/hot-dog-tray-sizes/","Tray Sizes","Buying guides","footer","200",""
"https://hotdogtrays.com/about/","https://hotdogtrays.com/footlong-hot-dog-trays/","Footlong Trays","Buying guides","footer","200",""
"https://hotdogtrays.com/about/","https://hotdogtrays.com/hot-dog-tray-material-guide/","Material Guide","Buying guides","footer","200",""
"https://hotdogtrays.com/about/","https://hotdogtrays.com/hot-dog-containers-to-go/","Containers To Go","Buying guides","footer","200",""
"https://hotdogtrays.com/about/","https://hotdogtrays.com/hot-dog-trays-in-bulk/","Buying in Bulk","Buying guides","footer","200",""
"https://hotdogtrays.com/about/","https://hotdogtrays.com/hot-dog-trays-for-food-trucks/","For Food Trucks","Buying guides","footer","200",""
"https://hotdogtrays.com/about/","https://hotdogtrays.com/hot-dog-trays-for-concession-stands/","For Concessions","Buying guides","footer","200",""
"https://hotdogtrays.com/about/","https://hotdogtrays.com/hot-dog-trays-for-catering/","For Catering","Buying guides","footer","200",""
"https://hotdogtrays.com/about/","https://hotdogtrays.com/paper-vs-plastic-hot-dog-trays/","Paper vs Plastic","Buying guides","footer","200",""
"https://hotdogtrays.com/about/","https://hotdogtrays.com/hot-dog-trays-vs-paper-boats/","Trays vs Boats","Buying guides","footer","200",""
"https://hotdogtrays.com/about/","https://hotdogtrays.com/","HotDogTrays.com","Buying guides","footer","200",""
"https://hotdogtrays.com/contact/","https://hotdogtrays.com/","🌭 HotDogTrays Premium Wholesale Trays","(page top)","navigation","200",""
"https://hotdogtrays.com/contact/","https://hotdogtrays.com/shop/","All Products ▼","(page top)","navigation","200",""
"https://hotdogtrays.com/contact/","https://hotdogtrays.com/product/hot-dog-serving-tray/","Hot Dog Serving Tray","(page top)","navigation","200",""
"https://hotdogtrays.com/contact/","https://hotdogtrays.com/product/hot-dog-food-tray/","Hot Dog Food Tray","(page top)","navigation","200",""
"https://hotdogtrays.com/contact/","https://hotdogtrays.com/product/hot-dog-plates/","Hot Dog Plates","(page top)","navigation","200",""
"https://hotdogtrays.com/contact/","https://hotdogtrays.com/product/paper-hot-dog-trays/","Paper Hot Dog Trays","(page top)","navigation","200",""
"https://hotdogtrays.com/contact/","https://hotdogtrays.com/product/hot-dog-paper-holders/","Hot Dog Paper Holders","(page top)","navigation","200",""
"https://hotdogtrays.com/contact/","https://hotdogtrays.com/product/disposable-hot-dog-trays/","Disposable Hot Dog Trays","(page top)","navigation","200",""
"https://hotdogtrays.com/contact/","https://hotdogtrays.com/product/hot-dog-boats-paper/","Hot Dog Boats Paper","(page top)","navigation","200",""
"https://hotdogtrays.com/contact/","https://hotdogtrays.com/product/plastic-hot-dog-trays/","Plastic Hot Dog Trays","(page top)","navigation","200",""
"https://hotdogtrays.com/contact/","https://hotdogtrays.com/product/hot-dog-container-paper/","Hot Dog Container Paper","(page top)","navigation","200",""
"https://hotdogtrays.com/contact/","https://hotdogtrays.com/product/cardboard-hot-dog-holders/","Cardboard Hot Dog Holders","(page top)","navigation","200",""
"https://hotdogtrays.com/contact/","https://hotdogtrays.com/product/disposable-hot-dog-holders/","Disposable Hot Dog Holders","(page top)","navigation","200",""
"https://hotdogtrays.com/contact/","https://hotdogtrays.com/product/cardboard-hot-dog-trays/","Cardboard Hot Dog Trays","(page top)","navigation","200",""
"https://hotdogtrays.com/contact/","https://hotdogtrays.com/product/red-and-white-hot-dog-trays/","Red and White Hot Dog Trays","(page top)","navigation","200",""
"https://hotdogtrays.com/contact/","https://hotdogtrays.com/product/kraft-hot-dog-tray/","Kraft Hot Dog Tray","(page top)","navigation","200",""
"https://hotdogtrays.com/contact/","https://hotdogtrays.com/about/","About Us","(page top)","navigation","200",""
"https://hotdogtrays.com/contact/","https://hotdogtrays.com/contact/","Contact","(page top)","navigation","200",""
"https://hotdogtrays.com/contact/","https://hotdogtrays.com/get-quote/","Get Free Quote","(page top)","navigation","200",""
"https://hotdogtrays.com/contact/","https://hotdogtrays.com/shop/","All Products","(page top)","navigation","200",""
"https://hotdogtrays.com/contact/","https://hotdogtrays.com/","Home","(page top)","breadcrumb","200",""
"https://hotdogtrays.com/contact/","https://hotdogtrays.com/","www.hotdogtrays.com","Contact Information","contextual","200",""
"https://hotdogtrays.com/contact/","https://hotdogtrays.com/get-quote/","Get a Quote","Follow Us","contextual","200",""
"https://hotdogtrays.com/contact/","https://hotdogtrays.com/shop/","View Products","Follow Us","contextual","200",""
"https://hotdogtrays.com/contact/","https://hotdogtrays.com/faq/","FAQs","Follow Us","contextual","200",""
"https://hotdogtrays.com/contact/","https://hotdogtrays.com/privacy-policy/","Privacy Policy","Request Your Quote","contextual","200",""
"https://hotdogtrays.com/contact/","https://hotdogtrays.com/faq/","FAQ","Quick Links","footer","200",""
"https://hotdogtrays.com/contact/","https://hotdogtrays.com/shipping/","Shipping Info","Quick Links","footer","200",""
"https://hotdogtrays.com/contact/","https://hotdogtrays.com/terms-conditions/","Terms & Conditions","Quick Links","footer","200",""
"https://hotdogtrays.com/contact/","https://hotdogtrays.com/hot-dog-tray-sizes/","Tray Sizes","Buying guides","footer","200",""
"https://hotdogtrays.com/contact/","https://hotdogtrays.com/footlong-hot-dog-trays/","Footlong Trays","Buying guides","footer","200",""
"https://hotdogtrays.com/contact/","https://hotdogtrays.com/hot-dog-tray-material-guide/","Material Guide","Buying guides","footer","200",""
"https://hotdogtrays.com/contact/","https://hotdogtrays.com/hot-dog-containers-to-go/","Containers To Go","Buying guides","footer","200",""
"https://hotdogtrays.com/contact/","https://hotdogtrays.com/hot-dog-trays-in-bulk/","Buying in Bulk","Buying guides","footer","200",""
"https://hotdogtrays.com/contact/","https://hotdogtrays.com/hot-dog-trays-for-food-trucks/","For Food Trucks","Buying guides","footer","200",""
"https://hotdogtrays.com/contact/","https://hotdogtrays.com/hot-dog-trays-for-concession-stands/","For Concessions","Buying guides","footer","200",""
"https://hotdogtrays.com/contact/","https://hotdogtrays.com/hot-dog-trays-for-catering/","For Catering","Buying guides","footer","200",""
"https://hotdogtrays.com/contact/","https://hotdogtrays.com/paper-vs-plastic-hot-dog-trays/","Paper vs Plastic","Buying guides","footer","200",""
"https://hotdogtrays.com/contact/","https://hotdogtrays.com/hot-dog-trays-vs-paper-boats/","Trays vs Boats","Buying guides","footer","200",""
"https://hotdogtrays.com/contact/","https://hotdogtrays.com/","HotDogTrays.com","Buying guides","footer","200",""
"https://hotdogtrays.com/faq/","https://hotdogtrays.com/","🌭 HotDogTrays Premium Wholesale Trays","(page top)","navigation","200",""
"https://hotdogtrays.com/faq/","https://hotdogtrays.com/shop/","All Products ▼","(page top)","navigation","200",""
"https://hotdogtrays.com/faq/","https://hotdogtrays.com/product/hot-dog-serving-tray/","Hot Dog Serving Tray","(page top)","navigation","200",""
"https://hotdogtrays.com/faq/","https://hotdogtrays.com/product/hot-dog-food-tray/","Hot Dog Food Tray","(page top)","navigation","200",""
"https://hotdogtrays.com/faq/","https://hotdogtrays.com/product/hot-dog-plates/","Hot Dog Plates","(page top)","navigation","200",""
"https://hotdogtrays.com/faq/","https://hotdogtrays.com/product/paper-hot-dog-trays/","Paper Hot Dog Trays","(page top)","navigation","200",""
"https://hotdogtrays.com/faq/","https://hotdogtrays.com/product/hot-dog-paper-holders/","Hot Dog Paper Holders","(page top)","navigation","200",""
"https://hotdogtrays.com/faq/","https://hotdogtrays.com/product/disposable-hot-dog-trays/","Disposable Hot Dog Trays","(page top)","navigation","200",""
"https://hotdogtrays.com/faq/","https://hotdogtrays.com/product/hot-dog-boats-paper/","Hot Dog Boats Paper","(page top)","navigation","200",""
"https://hotdogtrays.com/faq/","https://hotdogtrays.com/product/plastic-hot-dog-trays/","Plastic Hot Dog Trays","(page top)","navigation","200",""
"https://hotdogtrays.com/faq/","https://hotdogtrays.com/product/hot-dog-container-paper/","Hot Dog Container Paper","(page top)","navigation","200",""
"https://hotdogtrays.com/faq/","https://hotdogtrays.com/product/cardboard-hot-dog-holders/","Cardboard Hot Dog Holders","(page top)","navigation","200",""
"https://hotdogtrays.com/faq/","https://hotdogtrays.com/product/disposable-hot-dog-holders/","Disposable Hot Dog Holders","(page top)","navigation","200",""
"https://hotdogtrays.com/faq/","https://hotdogtrays.com/product/cardboard-hot-dog-trays/","Cardboard Hot Dog Trays","(page top)","navigation","200",""
"https://hotdogtrays.com/faq/","https://hotdogtrays.com/product/red-and-white-hot-dog-trays/","Red and White Hot Dog Trays","(page top)","navigation","200",""
"https://hotdogtrays.com/faq/","https://hotdogtrays.com/product/kraft-hot-dog-tray/","Kraft Hot Dog Tray","(page top)","navigation","200",""
"https://hotdogtrays.com/faq/","https://hotdogtrays.com/about/","About Us","(page top)","navigation","200",""
"https://hotdogtrays.com/faq/","https://hotdogtrays.com/contact/","Contact","(page top)","navigation","200",""
"https://hotdogtrays.com/faq/","https://hotdogtrays.com/get-quote/","Get Free Quote","(page top)","navigation","200",""
"https://hotdogtrays.com/faq/","https://hotdogtrays.com/shop/","All Products","(page top)","navigation","200",""
"https://hotdogtrays.com/faq/","https://hotdogtrays.com/","Home","(page top)","breadcrumb","200",""
"https://hotdogtrays.com/faq/","https://hotdogtrays.com/contact/","contact us","Ordering & Pricing","contextual","200",""
"https://hotdogtrays.com/faq/","https://hotdogtrays.com/get-quote/","quote form","Ordering & Pricing","contextual","200",""
"https://hotdogtrays.com/faq/","https://hotdogtrays.com/get-quote/","free quote","Ordering & Pricing","contextual","200",""
"https://hotdogtrays.com/faq/","https://hotdogtrays.com/terms-conditions/","Returns & Refunds Policy","Payment & Returns","contextual","200",""
"https://hotdogtrays.com/faq/","https://hotdogtrays.com/contact/","Contact Support","Still Have Questions?","contextual","200",""
"https://hotdogtrays.com/faq/","https://hotdogtrays.com/privacy-policy/","Privacy Policy","Request Your Quote","contextual","200",""
"https://hotdogtrays.com/faq/","https://hotdogtrays.com/faq/","FAQ","Quick Links","footer","200",""
"https://hotdogtrays.com/faq/","https://hotdogtrays.com/shipping/","Shipping Info","Quick Links","footer","200",""
"https://hotdogtrays.com/faq/","https://hotdogtrays.com/terms-conditions/","Terms & Conditions","Quick Links","footer","200",""
"https://hotdogtrays.com/faq/","https://hotdogtrays.com/hot-dog-tray-sizes/","Tray Sizes","Buying guides","footer","200",""
"https://hotdogtrays.com/faq/","https://hotdogtrays.com/footlong-hot-dog-trays/","Footlong Trays","Buying guides","footer","200",""
"https://hotdogtrays.com/faq/","https://hotdogtrays.com/hot-dog-tray-material-guide/","Material Guide","Buying guides","footer","200",""
"https://hotdogtrays.com/faq/","https://hotdogtrays.com/hot-dog-containers-to-go/","Containers To Go","Buying guides","footer","200",""
"https://hotdogtrays.com/faq/","https://hotdogtrays.com/hot-dog-trays-in-bulk/","Buying in Bulk","Buying guides","footer","200",""
"https://hotdogtrays.com/faq/","https://hotdogtrays.com/hot-dog-trays-for-food-trucks/","For Food Trucks","Buying guides","footer","200",""
"https://hotdogtrays.com/faq/","https://hotdogtrays.com/hot-dog-trays-for-concession-stands/","For Concessions","Buying guides","footer","200",""
"https://hotdogtrays.com/faq/","https://hotdogtrays.com/hot-dog-trays-for-catering/","For Catering","Buying guides","footer","200",""
"https://hotdogtrays.com/faq/","https://hotdogtrays.com/paper-vs-plastic-hot-dog-trays/","Paper vs Plastic","Buying guides","footer","200",""
"https://hotdogtrays.com/faq/","https://hotdogtrays.com/hot-dog-trays-vs-paper-boats/","Trays vs Boats","Buying guides","footer","200",""
"https://hotdogtrays.com/faq/","https://hotdogtrays.com/","HotDogTrays.com","Buying guides","footer","200",""
"https://hotdogtrays.com/footlong-hot-dog-trays/","https://hotdogtrays.com/","🌭 HotDogTrays Premium Wholesale Trays","(page top)","navigation","200",""
"https://hotdogtrays.com/footlong-hot-dog-trays/","https://hotdogtrays.com/shop/","All Products ▼","(page top)","navigation","200",""
"https://hotdogtrays.com/footlong-hot-dog-trays/","https://hotdogtrays.com/product/hot-dog-serving-tray/","Hot Dog Serving Tray","(page top)","navigation","200",""
"https://hotdogtrays.com/footlong-hot-dog-trays/","https://hotdogtrays.com/product/hot-dog-food-tray/","Hot Dog Food Tray","(page top)","navigation","200",""
"https://hotdogtrays.com/footlong-hot-dog-trays/","https://hotdogtrays.com/product/hot-dog-plates/","Hot Dog Plates","(page top)","navigation","200",""
"https://hotdogtrays.com/footlong-hot-dog-trays/","https://hotdogtrays.com/product/paper-hot-dog-trays/","Paper Hot Dog Trays","(page top)","navigation","200",""
"https://hotdogtrays.com/footlong-hot-dog-trays/","https://hotdogtrays.com/product/hot-dog-paper-holders/","Hot Dog Paper Holders","(page top)","navigation","200",""
"https://hotdogtrays.com/footlong-hot-dog-trays/","https://hotdogtrays.com/product/disposable-hot-dog-trays/","Disposable Hot Dog Trays","(page top)","navigation","200",""
"https://hotdogtrays.com/footlong-hot-dog-trays/","https://hotdogtrays.com/product/hot-dog-boats-paper/","Hot Dog Boats Paper","(page top)","navigation","200",""
"https://hotdogtrays.com/footlong-hot-dog-trays/","https://hotdogtrays.com/product/plastic-hot-dog-trays/","Plastic Hot Dog Trays","(page top)","navigation","200",""
"https://hotdogtrays.com/footlong-hot-dog-trays/","https://hotdogtrays.com/product/hot-dog-container-paper/","Hot Dog Container Paper","(page top)","navigation","200",""
"https://hotdogtrays.com/footlong-hot-dog-trays/","https://hotdogtrays.com/product/cardboard-hot-dog-holders/","Cardboard Hot Dog Holders","(page top)","navigation","200",""
"https://hotdogtrays.com/footlong-hot-dog-trays/","https://hotdogtrays.com/product/disposable-hot-dog-holders/","Disposable Hot Dog Holders","(page top)","navigation","200",""
"https://hotdogtrays.com/footlong-hot-dog-trays/","https://hotdogtrays.com/product/cardboard-hot-dog-trays/","Cardboard Hot Dog Trays","(page top)","navigation","200",""
"https://hotdogtrays.com/footlong-hot-dog-trays/","https://hotdogtrays.com/product/red-and-white-hot-dog-trays/","Red and White Hot Dog Trays","(page top)","navigation","200",""
"https://hotdogtrays.com/footlong-hot-dog-trays/","https://hotdogtrays.com/product/kraft-hot-dog-tray/","Kraft Hot Dog Tray","(page top)","navigation","200",""
"https://hotdogtrays.com/footlong-hot-dog-trays/","https://hotdogtrays.com/about/","About Us","(page top)","navigation","200",""
"https://hotdogtrays.com/footlong-hot-dog-trays/","https://hotdogtrays.com/contact/","Contact","(page top)","navigation","200",""
"https://hotdogtrays.com/footlong-hot-dog-trays/","https://hotdogtrays.com/get-quote/","Get Free Quote","(page top)","navigation","200",""
"https://hotdogtrays.com/footlong-hot-dog-trays/","https://hotdogtrays.com/shop/","All Products","(page top)","navigation","200",""
"https://hotdogtrays.com/footlong-hot-dog-trays/","https://hotdogtrays.com/","Home","(page top)","breadcrumb","200",""
"https://hotdogtrays.com/footlong-hot-dog-trays/","https://hotdogtrays.com/shop/","Shop","(page top)","breadcrumb","200",""
"https://hotdogtrays.com/footlong-hot-dog-trays/","https://hotdogtrays.com/hot-dog-tray-sizes/","measuring the assembled portion first","End support matters more than you expect","contextual","200",""
"https://hotdogtrays.com/footlong-hot-dog-trays/","https://hotdogtrays.com/hot-dog-trays-for-food-trucks/","confined service windows change the handover","Carrying, handing over and eating","contextual","200",""
"https://hotdogtrays.com/footlong-hot-dog-trays/","https://hotdogtrays.com/product/kraft-hot-dog-tray/","kraft board shifts printed colours","Printing on a long panel","contextual","200",""
"https://hotdogtrays.com/footlong-hot-dog-trays/","https://hotdogtrays.com/privacy-policy/","Privacy Policy","Get pricing in 2 hours","contextual","200",""
"https://hotdogtrays.com/footlong-hot-dog-trays/","https://hotdogtrays.com/product/cardboard-hot-dog-trays/","Get Free Quote for Cardboard Hot Dog Trays","Cardboard Hot Dog Trays","related-product","200",""
"https://hotdogtrays.com/footlong-hot-dog-trays/","https://hotdogtrays.com/product/kraft-hot-dog-tray/","Get Free Quote for Kraft Hot Dog Tray","Kraft Hot Dog Tray","related-product","200",""
"https://hotdogtrays.com/footlong-hot-dog-trays/","https://hotdogtrays.com/product/hot-dog-boats-paper/","Get Free Quote for Hot Dog Boats Paper","Hot Dog Boats Paper","related-product","200",""
"https://hotdogtrays.com/footlong-hot-dog-trays/","https://hotdogtrays.com/product/paper-hot-dog-trays/","Get Free Quote for Paper Hot Dog Trays","Paper Hot Dog Trays","related-product","200",""
"https://hotdogtrays.com/footlong-hot-dog-trays/","https://hotdogtrays.com/faq/","FAQ","Quick Links","footer","200",""
"https://hotdogtrays.com/footlong-hot-dog-trays/","https://hotdogtrays.com/shipping/","Shipping Info","Quick Links","footer","200",""
"https://hotdogtrays.com/footlong-hot-dog-trays/","https://hotdogtrays.com/terms-conditions/","Terms & Conditions","Quick Links","footer","200",""
"https://hotdogtrays.com/footlong-hot-dog-trays/","https://hotdogtrays.com/hot-dog-tray-sizes/","Tray Sizes","Buying guides","footer","200",""
"https://hotdogtrays.com/footlong-hot-dog-trays/","https://hotdogtrays.com/footlong-hot-dog-trays/","Footlong Trays","Buying guides","footer","200",""
"https://hotdogtrays.com/footlong-hot-dog-trays/","https://hotdogtrays.com/hot-dog-tray-material-guide/","Material Guide","Buying guides","footer","200",""
"https://hotdogtrays.com/footlong-hot-dog-trays/","https://hotdogtrays.com/hot-dog-containers-to-go/","Containers To Go","Buying guides","footer","200",""
"https://hotdogtrays.com/footlong-hot-dog-trays/","https://hotdogtrays.com/hot-dog-trays-in-bulk/","Buying in Bulk","Buying guides","footer","200",""
"https://hotdogtrays.com/footlong-hot-dog-trays/","https://hotdogtrays.com/hot-dog-trays-for-food-trucks/","For Food Trucks","Buying guides","footer","200",""
"https://hotdogtrays.com/footlong-hot-dog-trays/","https://hotdogtrays.com/hot-dog-trays-for-concession-stands/","For Concessions","Buying guides","footer","200",""
"https://hotdogtrays.com/footlong-hot-dog-trays/","https://hotdogtrays.com/hot-dog-trays-for-catering/","For Catering","Buying guides","footer","200",""
"https://hotdogtrays.com/footlong-hot-dog-trays/","https://hotdogtrays.com/paper-vs-plastic-hot-dog-trays/","Paper vs Plastic","Buying guides","footer","200",""
"https://hotdogtrays.com/footlong-hot-dog-trays/","https://hotdogtrays.com/hot-dog-trays-vs-paper-boats/","Trays vs Boats","Buying guides","footer","200",""
"https://hotdogtrays.com/footlong-hot-dog-trays/","https://hotdogtrays.com/","HotDogTrays.com","Buying guides","footer","200",""
"https://hotdogtrays.com/get-quote/","https://hotdogtrays.com/","🌭 HotDogTrays Premium Wholesale Trays","(page top)","navigation","200",""
"https://hotdogtrays.com/get-quote/","https://hotdogtrays.com/shop/","All Products ▼","(page top)","navigation","200",""
"https://hotdogtrays.com/get-quote/","https://hotdogtrays.com/product/hot-dog-serving-tray/","Hot Dog Serving Tray","(page top)","navigation","200",""
"https://hotdogtrays.com/get-quote/","https://hotdogtrays.com/product/hot-dog-food-tray/","Hot Dog Food Tray","(page top)","navigation","200",""
"https://hotdogtrays.com/get-quote/","https://hotdogtrays.com/product/hot-dog-plates/","Hot Dog Plates","(page top)","navigation","200",""
"https://hotdogtrays.com/get-quote/","https://hotdogtrays.com/product/paper-hot-dog-trays/","Paper Hot Dog Trays","(page top)","navigation","200",""
"https://hotdogtrays.com/get-quote/","https://hotdogtrays.com/product/hot-dog-paper-holders/","Hot Dog Paper Holders","(page top)","navigation","200",""
"https://hotdogtrays.com/get-quote/","https://hotdogtrays.com/product/disposable-hot-dog-trays/","Disposable Hot Dog Trays","(page top)","navigation","200",""
"https://hotdogtrays.com/get-quote/","https://hotdogtrays.com/product/hot-dog-boats-paper/","Hot Dog Boats Paper","(page top)","navigation","200",""
"https://hotdogtrays.com/get-quote/","https://hotdogtrays.com/product/plastic-hot-dog-trays/","Plastic Hot Dog Trays","(page top)","navigation","200",""
"https://hotdogtrays.com/get-quote/","https://hotdogtrays.com/product/hot-dog-container-paper/","Hot Dog Container Paper","(page top)","navigation","200",""
"https://hotdogtrays.com/get-quote/","https://hotdogtrays.com/product/cardboard-hot-dog-holders/","Cardboard Hot Dog Holders","(page top)","navigation","200",""
"https://hotdogtrays.com/get-quote/","https://hotdogtrays.com/product/disposable-hot-dog-holders/","Disposable Hot Dog Holders","(page top)","navigation","200",""
"https://hotdogtrays.com/get-quote/","https://hotdogtrays.com/product/cardboard-hot-dog-trays/","Cardboard Hot Dog Trays","(page top)","navigation","200",""
"https://hotdogtrays.com/get-quote/","https://hotdogtrays.com/product/red-and-white-hot-dog-trays/","Red and White Hot Dog Trays","(page top)","navigation","200",""
"https://hotdogtrays.com/get-quote/","https://hotdogtrays.com/product/kraft-hot-dog-tray/","Kraft Hot Dog Tray","(page top)","navigation","200",""
"https://hotdogtrays.com/get-quote/","https://hotdogtrays.com/about/","About Us","(page top)","navigation","200",""
"https://hotdogtrays.com/get-quote/","https://hotdogtrays.com/contact/","Contact","(page top)","navigation","200",""
"https://hotdogtrays.com/get-quote/","https://hotdogtrays.com/get-quote/","Get Free Quote","(page top)","navigation","200",""
"https://hotdogtrays.com/get-quote/","https://hotdogtrays.com/shop/","All Products","(page top)","navigation","200",""
"https://hotdogtrays.com/get-quote/","https://hotdogtrays.com/","Home","(page top)","breadcrumb","200",""
"https://hotdogtrays.com/get-quote/","https://hotdogtrays.com/privacy-policy/","Privacy Policy","Request Your Quote","contextual","200",""
"https://hotdogtrays.com/get-quote/","https://hotdogtrays.com/faq/","FAQ","Quick Links","footer","200",""
"https://hotdogtrays.com/get-quote/","https://hotdogtrays.com/shipping/","Shipping Info","Quick Links","footer","200",""
"https://hotdogtrays.com/get-quote/","https://hotdogtrays.com/terms-conditions/","Terms & Conditions","Quick Links","footer","200",""
"https://hotdogtrays.com/get-quote/","https://hotdogtrays.com/hot-dog-tray-sizes/","Tray Sizes","Buying guides","footer","200",""
"https://hotdogtrays.com/get-quote/","https://hotdogtrays.com/footlong-hot-dog-trays/","Footlong Trays","Buying guides","footer","200",""
"https://hotdogtrays.com/get-quote/","https://hotdogtrays.com/hot-dog-tray-material-guide/","Material Guide","Buying guides","footer","200",""
"https://hotdogtrays.com/get-quote/","https://hotdogtrays.com/hot-dog-containers-to-go/","Containers To Go","Buying guides","footer","200",""
"https://hotdogtrays.com/get-quote/","https://hotdogtrays.com/hot-dog-trays-in-bulk/","Buying in Bulk","Buying guides","footer","200",""
"https://hotdogtrays.com/get-quote/","https://hotdogtrays.com/hot-dog-trays-for-food-trucks/","For Food Trucks","Buying guides","footer","200",""
"https://hotdogtrays.com/get-quote/","https://hotdogtrays.com/hot-dog-trays-for-concession-stands/","For Concessions","Buying guides","footer","200",""
"https://hotdogtrays.com/get-quote/","https://hotdogtrays.com/hot-dog-trays-for-catering/","For Catering","Buying guides","footer","200",""
"https://hotdogtrays.com/get-quote/","https://hotdogtrays.com/paper-vs-plastic-hot-dog-trays/","Paper vs Plastic","Buying guides","footer","200",""
"https://hotdogtrays.com/get-quote/","https://hotdogtrays.com/hot-dog-trays-vs-paper-boats/","Trays vs Boats","Buying guides","footer","200",""
"https://hotdogtrays.com/get-quote/","https://hotdogtrays.com/","HotDogTrays.com","Buying guides","footer","200",""
"https://hotdogtrays.com/hot-dog-containers-to-go/","https://hotdogtrays.com/","🌭 HotDogTrays Premium Wholesale Trays","(page top)","navigation","200",""
"https://hotdogtrays.com/hot-dog-containers-to-go/","https://hotdogtrays.com/shop/","All Products ▼","(page top)","navigation","200",""
"https://hotdogtrays.com/hot-dog-containers-to-go/","https://hotdogtrays.com/product/hot-dog-serving-tray/","Hot Dog Serving Tray","(page top)","navigation","200",""
"https://hotdogtrays.com/hot-dog-containers-to-go/","https://hotdogtrays.com/product/hot-dog-food-tray/","Hot Dog Food Tray","(page top)","navigation","200",""
"https://hotdogtrays.com/hot-dog-containers-to-go/","https://hotdogtrays.com/product/hot-dog-plates/","Hot Dog Plates","(page top)","navigation","200",""
"https://hotdogtrays.com/hot-dog-containers-to-go/","https://hotdogtrays.com/product/paper-hot-dog-trays/","Paper Hot Dog Trays","(page top)","navigation","200",""
"https://hotdogtrays.com/hot-dog-containers-to-go/","https://hotdogtrays.com/product/hot-dog-paper-holders/","Hot Dog Paper Holders","(page top)","navigation","200",""
"https://hotdogtrays.com/hot-dog-containers-to-go/","https://hotdogtrays.com/product/disposable-hot-dog-trays/","Disposable Hot Dog Trays","(page top)","navigation","200",""
"https://hotdogtrays.com/hot-dog-containers-to-go/","https://hotdogtrays.com/product/hot-dog-boats-paper/","Hot Dog Boats Paper","(page top)","navigation","200",""
"https://hotdogtrays.com/hot-dog-containers-to-go/","https://hotdogtrays.com/product/plastic-hot-dog-trays/","Plastic Hot Dog Trays","(page top)","navigation","200",""
"https://hotdogtrays.com/hot-dog-containers-to-go/","https://hotdogtrays.com/product/hot-dog-container-paper/","Hot Dog Container Paper","(page top)","navigation","200",""
"https://hotdogtrays.com/hot-dog-containers-to-go/","https://hotdogtrays.com/product/cardboard-hot-dog-holders/","Cardboard Hot Dog Holders","(page top)","navigation","200",""
"https://hotdogtrays.com/hot-dog-containers-to-go/","https://hotdogtrays.com/product/disposable-hot-dog-holders/","Disposable Hot Dog Holders","(page top)","navigation","200",""
"https://hotdogtrays.com/hot-dog-containers-to-go/","https://hotdogtrays.com/product/cardboard-hot-dog-trays/","Cardboard Hot Dog Trays","(page top)","navigation","200",""
"https://hotdogtrays.com/hot-dog-containers-to-go/","https://hotdogtrays.com/product/red-and-white-hot-dog-trays/","Red and White Hot Dog Trays","(page top)","navigation","200",""
"https://hotdogtrays.com/hot-dog-containers-to-go/","https://hotdogtrays.com/product/kraft-hot-dog-tray/","Kraft Hot Dog Tray","(page top)","navigation","200",""
"https://hotdogtrays.com/hot-dog-containers-to-go/","https://hotdogtrays.com/about/","About Us","(page top)","navigation","200",""
"https://hotdogtrays.com/hot-dog-containers-to-go/","https://hotdogtrays.com/contact/","Contact","(page top)","navigation","200",""
"https://hotdogtrays.com/hot-dog-containers-to-go/","https://hotdogtrays.com/get-quote/","Get Free Quote","(page top)","navigation","200",""
"https://hotdogtrays.com/hot-dog-containers-to-go/","https://hotdogtrays.com/shop/","All Products","(page top)","navigation","200",""
"https://hotdogtrays.com/hot-dog-containers-to-go/","https://hotdogtrays.com/","Home","(page top)","breadcrumb","200",""
"https://hotdogtrays.com/hot-dog-containers-to-go/","https://hotdogtrays.com/shop/","Shop","(page top)","breadcrumb","200",""
"https://hotdogtrays.com/hot-dog-containers-to-go/","https://hotdogtrays.com/product/hot-dog-container-paper/","a paper container format","Why sealing tight can backfire","contextual","200",""
"https://hotdogtrays.com/hot-dog-containers-to-go/","https://hotdogtrays.com/hot-dog-trays-for-food-trucks/","a fast-moving service window","Making orders identifiable","contextual","200",""
"https://hotdogtrays.com/hot-dog-containers-to-go/","https://hotdogtrays.com/product/plastic-hot-dog-trays/","a rigid tray that ignores moisture","Paper or plastic for takeaway","contextual","200",""
"https://hotdogtrays.com/hot-dog-containers-to-go/","https://hotdogtrays.com/privacy-policy/","Privacy Policy","Get pricing in 2 hours","contextual","200",""
"https://hotdogtrays.com/hot-dog-containers-to-go/","https://hotdogtrays.com/product/hot-dog-container-paper/","Get Free Quote for Hot Dog Container Paper","Hot Dog Container Paper","related-product","200",""
"https://hotdogtrays.com/hot-dog-containers-to-go/","https://hotdogtrays.com/product/plastic-hot-dog-trays/","Get Free Quote for Plastic Hot Dog Trays","Plastic Hot Dog Trays","related-product","200",""
"https://hotdogtrays.com/hot-dog-containers-to-go/","https://hotdogtrays.com/product/disposable-hot-dog-holders/","Get Free Quote for Disposable Hot Dog Holders","Disposable Hot Dog Holders","related-product","200",""
"https://hotdogtrays.com/hot-dog-containers-to-go/","https://hotdogtrays.com/product/hot-dog-paper-holders/","Get Free Quote for Hot Dog Paper Holders","Hot Dog Paper Holders","related-product","200",""
"https://hotdogtrays.com/hot-dog-containers-to-go/","https://hotdogtrays.com/faq/","FAQ","Quick Links","footer","200",""
"https://hotdogtrays.com/hot-dog-containers-to-go/","https://hotdogtrays.com/shipping/","Shipping Info","Quick Links","footer","200",""
"https://hotdogtrays.com/hot-dog-containers-to-go/","https://hotdogtrays.com/terms-conditions/","Terms & Conditions","Quick Links","footer","200",""
"https://hotdogtrays.com/hot-dog-containers-to-go/","https://hotdogtrays.com/hot-dog-tray-sizes/","Tray Sizes","Buying guides","footer","200",""
"https://hotdogtrays.com/hot-dog-containers-to-go/","https://hotdogtrays.com/footlong-hot-dog-trays/","Footlong Trays","Buying guides","footer","200",""
"https://hotdogtrays.com/hot-dog-containers-to-go/","https://hotdogtrays.com/hot-dog-tray-material-guide/","Material Guide","Buying guides","footer","200",""
"https://hotdogtrays.com/hot-dog-containers-to-go/","https://hotdogtrays.com/hot-dog-containers-to-go/","Containers To Go","Buying guides","footer","200",""
"https://hotdogtrays.com/hot-dog-containers-to-go/","https://hotdogtrays.com/hot-dog-trays-in-bulk/","Buying in Bulk","Buying guides","footer","200",""
"https://hotdogtrays.com/hot-dog-containers-to-go/","https://hotdogtrays.com/hot-dog-trays-for-food-trucks/","For Food Trucks","Buying guides","footer","200",""
"https://hotdogtrays.com/hot-dog-containers-to-go/","https://hotdogtrays.com/hot-dog-trays-for-concession-stands/","For Concessions","Buying guides","footer","200",""
"https://hotdogtrays.com/hot-dog-containers-to-go/","https://hotdogtrays.com/hot-dog-trays-for-catering/","For Catering","Buying guides","footer","200",""
"https://hotdogtrays.com/hot-dog-containers-to-go/","https://hotdogtrays.com/paper-vs-plastic-hot-dog-trays/","Paper vs Plastic","Buying guides","footer","200",""
"https://hotdogtrays.com/hot-dog-containers-to-go/","https://hotdogtrays.com/hot-dog-trays-vs-paper-boats/","Trays vs Boats","Buying guides","footer","200",""
"https://hotdogtrays.com/hot-dog-containers-to-go/","https://hotdogtrays.com/","HotDogTrays.com","Buying guides","footer","200",""
"https://hotdogtrays.com/hot-dog-tray-material-guide/","https://hotdogtrays.com/","🌭 HotDogTrays Premium Wholesale Trays","(page top)","navigation","200",""
"https://hotdogtrays.com/hot-dog-tray-material-guide/","https://hotdogtrays.com/shop/","All Products ▼","(page top)","navigation","200",""
"https://hotdogtrays.com/hot-dog-tray-material-guide/","https://hotdogtrays.com/product/hot-dog-serving-tray/","Hot Dog Serving Tray","(page top)","navigation","200",""
"https://hotdogtrays.com/hot-dog-tray-material-guide/","https://hotdogtrays.com/product/hot-dog-food-tray/","Hot Dog Food Tray","(page top)","navigation","200",""
"https://hotdogtrays.com/hot-dog-tray-material-guide/","https://hotdogtrays.com/product/hot-dog-plates/","Hot Dog Plates","(page top)","navigation","200",""
"https://hotdogtrays.com/hot-dog-tray-material-guide/","https://hotdogtrays.com/product/paper-hot-dog-trays/","Paper Hot Dog Trays","(page top)","navigation","200",""
"https://hotdogtrays.com/hot-dog-tray-material-guide/","https://hotdogtrays.com/product/hot-dog-paper-holders/","Hot Dog Paper Holders","(page top)","navigation","200",""
"https://hotdogtrays.com/hot-dog-tray-material-guide/","https://hotdogtrays.com/product/disposable-hot-dog-trays/","Disposable Hot Dog Trays","(page top)","navigation","200",""
"https://hotdogtrays.com/hot-dog-tray-material-guide/","https://hotdogtrays.com/product/hot-dog-boats-paper/","Hot Dog Boats Paper","(page top)","navigation","200",""
"https://hotdogtrays.com/hot-dog-tray-material-guide/","https://hotdogtrays.com/product/plastic-hot-dog-trays/","Plastic Hot Dog Trays","(page top)","navigation","200",""
"https://hotdogtrays.com/hot-dog-tray-material-guide/","https://hotdogtrays.com/product/hot-dog-container-paper/","Hot Dog Container Paper","(page top)","navigation","200",""
"https://hotdogtrays.com/hot-dog-tray-material-guide/","https://hotdogtrays.com/product/cardboard-hot-dog-holders/","Cardboard Hot Dog Holders","(page top)","navigation","200",""
"https://hotdogtrays.com/hot-dog-tray-material-guide/","https://hotdogtrays.com/product/disposable-hot-dog-holders/","Disposable Hot Dog Holders","(page top)","navigation","200",""
"https://hotdogtrays.com/hot-dog-tray-material-guide/","https://hotdogtrays.com/product/cardboard-hot-dog-trays/","Cardboard Hot Dog Trays","(page top)","navigation","200",""
"https://hotdogtrays.com/hot-dog-tray-material-guide/","https://hotdogtrays.com/product/red-and-white-hot-dog-trays/","Red and White Hot Dog Trays","(page top)","navigation","200",""
"https://hotdogtrays.com/hot-dog-tray-material-guide/","https://hotdogtrays.com/product/kraft-hot-dog-tray/","Kraft Hot Dog Tray","(page top)","navigation","200",""
"https://hotdogtrays.com/hot-dog-tray-material-guide/","https://hotdogtrays.com/about/","About Us","(page top)","navigation","200",""
"https://hotdogtrays.com/hot-dog-tray-material-guide/","https://hotdogtrays.com/contact/","Contact","(page top)","navigation","200",""
"https://hotdogtrays.com/hot-dog-tray-material-guide/","https://hotdogtrays.com/get-quote/","Get Free Quote","(page top)","navigation","200",""
"https://hotdogtrays.com/hot-dog-tray-material-guide/","https://hotdogtrays.com/shop/","All Products","(page top)","navigation","200",""
"https://hotdogtrays.com/hot-dog-tray-material-guide/","https://hotdogtrays.com/","Home","(page top)","breadcrumb","200",""
"https://hotdogtrays.com/hot-dog-tray-material-guide/","https://hotdogtrays.com/shop/","Shop","(page top)","breadcrumb","200",""
"https://hotdogtrays.com/hot-dog-tray-material-guide/","https://hotdogtrays.com/hot-dog-tray-sizes/","sizing the tray to the portion","The four material families","contextual","200",""
"https://hotdogtrays.com/hot-dog-tray-material-guide/","https://hotdogtrays.com/paper-vs-plastic-hot-dog-trays/","a direct comparison of the two families","Barrier choices affect recycling","contextual","200",""
"https://hotdogtrays.com/hot-dog-tray-material-guide/","https://hotdogtrays.com/hot-dog-trays-in-bulk/","ordering quantity against available storage","Storage, stacking and handling","contextual","200",""
"https://hotdogtrays.com/hot-dog-tray-material-guide/","https://hotdogtrays.com/privacy-policy/","Privacy Policy","Get pricing in 2 hours","contextual","200",""
"https://hotdogtrays.com/hot-dog-tray-material-guide/","https://hotdogtrays.com/product/kraft-hot-dog-tray/","Get Free Quote for Kraft Hot Dog Tray","Kraft Hot Dog Tray","related-product","200",""
"https://hotdogtrays.com/hot-dog-tray-material-guide/","https://hotdogtrays.com/product/plastic-hot-dog-trays/","Get Free Quote for Plastic Hot Dog Trays","Plastic Hot Dog Trays","related-product","200",""
"https://hotdogtrays.com/hot-dog-tray-material-guide/","https://hotdogtrays.com/product/cardboard-hot-dog-trays/","Get Free Quote for Cardboard Hot Dog Trays","Cardboard Hot Dog Trays","related-product","200",""
"https://hotdogtrays.com/hot-dog-tray-material-guide/","https://hotdogtrays.com/product/paper-hot-dog-trays/","Get Free Quote for Paper Hot Dog Trays","Paper Hot Dog Trays","related-product","200",""
"https://hotdogtrays.com/hot-dog-tray-material-guide/","https://hotdogtrays.com/faq/","FAQ","Quick Links","footer","200",""
"https://hotdogtrays.com/hot-dog-tray-material-guide/","https://hotdogtrays.com/shipping/","Shipping Info","Quick Links","footer","200",""
"https://hotdogtrays.com/hot-dog-tray-material-guide/","https://hotdogtrays.com/terms-conditions/","Terms & Conditions","Quick Links","footer","200",""
"https://hotdogtrays.com/hot-dog-tray-material-guide/","https://hotdogtrays.com/hot-dog-tray-sizes/","Tray Sizes","Buying guides","footer","200",""
"https://hotdogtrays.com/hot-dog-tray-material-guide/","https://hotdogtrays.com/footlong-hot-dog-trays/","Footlong Trays","Buying guides","footer","200",""
"https://hotdogtrays.com/hot-dog-tray-material-guide/","https://hotdogtrays.com/hot-dog-tray-material-guide/","Material Guide","Buying guides","footer","200",""
"https://hotdogtrays.com/hot-dog-tray-material-guide/","https://hotdogtrays.com/hot-dog-containers-to-go/","Containers To Go","Buying guides","footer","200",""
"https://hotdogtrays.com/hot-dog-tray-material-guide/","https://hotdogtrays.com/hot-dog-trays-in-bulk/","Buying in Bulk","Buying guides","footer","200",""
"https://hotdogtrays.com/hot-dog-tray-material-guide/","https://hotdogtrays.com/hot-dog-trays-for-food-trucks/","For Food Trucks","Buying guides","footer","200",""
"https://hotdogtrays.com/hot-dog-tray-material-guide/","https://hotdogtrays.com/hot-dog-trays-for-concession-stands/","For Concessions","Buying guides","footer","200",""
"https://hotdogtrays.com/hot-dog-tray-material-guide/","https://hotdogtrays.com/hot-dog-trays-for-catering/","For Catering","Buying guides","footer","200",""
"https://hotdogtrays.com/hot-dog-tray-material-guide/","https://hotdogtrays.com/paper-vs-plastic-hot-dog-trays/","Paper vs Plastic","Buying guides","footer","200",""
"https://hotdogtrays.com/hot-dog-tray-material-guide/","https://hotdogtrays.com/hot-dog-trays-vs-paper-boats/","Trays vs Boats","Buying guides","footer","200",""
"https://hotdogtrays.com/hot-dog-tray-material-guide/","https://hotdogtrays.com/","HotDogTrays.com","Buying guides","footer","200",""
"https://hotdogtrays.com/hot-dog-tray-sizes/","https://hotdogtrays.com/","🌭 HotDogTrays Premium Wholesale Trays","(page top)","navigation","200",""
"https://hotdogtrays.com/hot-dog-tray-sizes/","https://hotdogtrays.com/shop/","All Products ▼","(page top)","navigation","200",""
"https://hotdogtrays.com/hot-dog-tray-sizes/","https://hotdogtrays.com/product/hot-dog-serving-tray/","Hot Dog Serving Tray","(page top)","navigation","200",""
"https://hotdogtrays.com/hot-dog-tray-sizes/","https://hotdogtrays.com/product/hot-dog-food-tray/","Hot Dog Food Tray","(page top)","navigation","200",""
"https://hotdogtrays.com/hot-dog-tray-sizes/","https://hotdogtrays.com/product/hot-dog-plates/","Hot Dog Plates","(page top)","navigation","200",""
"https://hotdogtrays.com/hot-dog-tray-sizes/","https://hotdogtrays.com/product/paper-hot-dog-trays/","Paper Hot Dog Trays","(page top)","navigation","200",""
"https://hotdogtrays.com/hot-dog-tray-sizes/","https://hotdogtrays.com/product/hot-dog-paper-holders/","Hot Dog Paper Holders","(page top)","navigation","200",""
"https://hotdogtrays.com/hot-dog-tray-sizes/","https://hotdogtrays.com/product/disposable-hot-dog-trays/","Disposable Hot Dog Trays","(page top)","navigation","200",""
"https://hotdogtrays.com/hot-dog-tray-sizes/","https://hotdogtrays.com/product/hot-dog-boats-paper/","Hot Dog Boats Paper","(page top)","navigation","200",""
"https://hotdogtrays.com/hot-dog-tray-sizes/","https://hotdogtrays.com/product/plastic-hot-dog-trays/","Plastic Hot Dog Trays","(page top)","navigation","200",""
"https://hotdogtrays.com/hot-dog-tray-sizes/","https://hotdogtrays.com/product/hot-dog-container-paper/","Hot Dog Container Paper","(page top)","navigation","200",""
"https://hotdogtrays.com/hot-dog-tray-sizes/","https://hotdogtrays.com/product/cardboard-hot-dog-holders/","Cardboard Hot Dog Holders","(page top)","navigation","200",""
"https://hotdogtrays.com/hot-dog-tray-sizes/","https://hotdogtrays.com/product/disposable-hot-dog-holders/","Disposable Hot Dog Holders","(page top)","navigation","200",""
"https://hotdogtrays.com/hot-dog-tray-sizes/","https://hotdogtrays.com/product/cardboard-hot-dog-trays/","Cardboard Hot Dog Trays","(page top)","navigation","200",""
"https://hotdogtrays.com/hot-dog-tray-sizes/","https://hotdogtrays.com/product/red-and-white-hot-dog-trays/","Red and White Hot Dog Trays","(page top)","navigation","200",""
"https://hotdogtrays.com/hot-dog-tray-sizes/","https://hotdogtrays.com/product/kraft-hot-dog-tray/","Kraft Hot Dog Tray","(page top)","navigation","200",""
"https://hotdogtrays.com/hot-dog-tray-sizes/","https://hotdogtrays.com/about/","About Us","(page top)","navigation","200",""
"https://hotdogtrays.com/hot-dog-tray-sizes/","https://hotdogtrays.com/contact/","Contact","(page top)","navigation","200",""
"https://hotdogtrays.com/hot-dog-tray-sizes/","https://hotdogtrays.com/get-quote/","Get Free Quote","(page top)","navigation","200",""
"https://hotdogtrays.com/hot-dog-tray-sizes/","https://hotdogtrays.com/shop/","All Products","(page top)","navigation","200",""
"https://hotdogtrays.com/hot-dog-tray-sizes/","https://hotdogtrays.com/","Home","(page top)","breadcrumb","200",""
"https://hotdogtrays.com/hot-dog-tray-sizes/","https://hotdogtrays.com/shop/","Shop","(page top)","breadcrumb","200",""
"https://hotdogtrays.com/hot-dog-tray-sizes/","https://hotdogtrays.com/product/hot-dog-serving-tray/","open serving tray","Width changes once the bun is filled","contextual","200",""
"https://hotdogtrays.com/hot-dog-tray-sizes/","https://hotdogtrays.com/footlong-hot-dog-trays/","longer buns need extra end support","Sidewall depth and topping height","contextual","200",""
"https://hotdogtrays.com/hot-dog-tray-sizes/","https://hotdogtrays.com/hot-dog-trays-in-bulk/","planning quantities across two sizes","When one size is not enough","contextual","200",""
"https://hotdogtrays.com/hot-dog-tray-sizes/","https://hotdogtrays.com/privacy-policy/","Privacy Policy","Get pricing in 2 hours","contextual","200",""
"https://hotdogtrays.com/hot-dog-tray-sizes/","https://hotdogtrays.com/product/hot-dog-serving-tray/","Get Free Quote for Hot Dog Serving Tray","Hot Dog Serving Tray","related-product","200",""
"https://hotdogtrays.com/hot-dog-tray-sizes/","https://hotdogtrays.com/product/paper-hot-dog-trays/","Get Free Quote for Paper Hot Dog Trays","Paper Hot Dog Trays","related-product","200",""
"https://hotdogtrays.com/hot-dog-tray-sizes/","https://hotdogtrays.com/product/cardboard-hot-dog-trays/","Get Free Quote for Cardboard Hot Dog Trays","Cardboard Hot Dog Trays","related-product","200",""
"https://hotdogtrays.com/hot-dog-tray-sizes/","https://hotdogtrays.com/product/kraft-hot-dog-tray/","Get Free Quote for Kraft Hot Dog Tray","Kraft Hot Dog Tray","related-product","200",""
"https://hotdogtrays.com/hot-dog-tray-sizes/","https://hotdogtrays.com/faq/","FAQ","Quick Links","footer","200",""
"https://hotdogtrays.com/hot-dog-tray-sizes/","https://hotdogtrays.com/shipping/","Shipping Info","Quick Links","footer","200",""
"https://hotdogtrays.com/hot-dog-tray-sizes/","https://hotdogtrays.com/terms-conditions/","Terms & Conditions","Quick Links","footer","200",""
"https://hotdogtrays.com/hot-dog-tray-sizes/","https://hotdogtrays.com/hot-dog-tray-sizes/","Tray Sizes","Buying guides","footer","200",""
"https://hotdogtrays.com/hot-dog-tray-sizes/","https://hotdogtrays.com/footlong-hot-dog-trays/","Footlong Trays","Buying guides","footer","200",""
"https://hotdogtrays.com/hot-dog-tray-sizes/","https://hotdogtrays.com/hot-dog-tray-material-guide/","Material Guide","Buying guides","footer","200",""
"https://hotdogtrays.com/hot-dog-tray-sizes/","https://hotdogtrays.com/hot-dog-containers-to-go/","Containers To Go","Buying guides","footer","200",""
"https://hotdogtrays.com/hot-dog-tray-sizes/","https://hotdogtrays.com/hot-dog-trays-in-bulk/","Buying in Bulk","Buying guides","footer","200",""
"https://hotdogtrays.com/hot-dog-tray-sizes/","https://hotdogtrays.com/hot-dog-trays-for-food-trucks/","For Food Trucks","Buying guides","footer","200",""
"https://hotdogtrays.com/hot-dog-tray-sizes/","https://hotdogtrays.com/hot-dog-trays-for-concession-stands/","For Concessions","Buying guides","footer","200",""
"https://hotdogtrays.com/hot-dog-tray-sizes/","https://hotdogtrays.com/hot-dog-trays-for-catering/","For Catering","Buying guides","footer","200",""
"https://hotdogtrays.com/hot-dog-tray-sizes/","https://hotdogtrays.com/paper-vs-plastic-hot-dog-trays/","Paper vs Plastic","Buying guides","footer","200",""
"https://hotdogtrays.com/hot-dog-tray-sizes/","https://hotdogtrays.com/hot-dog-trays-vs-paper-boats/","Trays vs Boats","Buying guides","footer","200",""
"https://hotdogtrays.com/hot-dog-tray-sizes/","https://hotdogtrays.com/","HotDogTrays.com","Buying guides","footer","200",""
"https://hotdogtrays.com/hot-dog-trays-for-catering/","https://hotdogtrays.com/","🌭 HotDogTrays Premium Wholesale Trays","(page top)","navigation","200",""
"https://hotdogtrays.com/hot-dog-trays-for-catering/","https://hotdogtrays.com/shop/","All Products ▼","(page top)","navigation","200",""
"https://hotdogtrays.com/hot-dog-trays-for-catering/","https://hotdogtrays.com/product/hot-dog-serving-tray/","Hot Dog Serving Tray","(page top)","navigation","200",""
"https://hotdogtrays.com/hot-dog-trays-for-catering/","https://hotdogtrays.com/product/hot-dog-food-tray/","Hot Dog Food Tray","(page top)","navigation","200",""
"https://hotdogtrays.com/hot-dog-trays-for-catering/","https://hotdogtrays.com/product/hot-dog-plates/","Hot Dog Plates","(page top)","navigation","200",""
"https://hotdogtrays.com/hot-dog-trays-for-catering/","https://hotdogtrays.com/product/paper-hot-dog-trays/","Paper Hot Dog Trays","(page top)","navigation","200",""
"https://hotdogtrays.com/hot-dog-trays-for-catering/","https://hotdogtrays.com/product/hot-dog-paper-holders/","Hot Dog Paper Holders","(page top)","navigation","200",""
"https://hotdogtrays.com/hot-dog-trays-for-catering/","https://hotdogtrays.com/product/disposable-hot-dog-trays/","Disposable Hot Dog Trays","(page top)","navigation","200",""
"https://hotdogtrays.com/hot-dog-trays-for-catering/","https://hotdogtrays.com/product/hot-dog-boats-paper/","Hot Dog Boats Paper","(page top)","navigation","200",""
"https://hotdogtrays.com/hot-dog-trays-for-catering/","https://hotdogtrays.com/product/plastic-hot-dog-trays/","Plastic Hot Dog Trays","(page top)","navigation","200",""
"https://hotdogtrays.com/hot-dog-trays-for-catering/","https://hotdogtrays.com/product/hot-dog-container-paper/","Hot Dog Container Paper","(page top)","navigation","200",""
"https://hotdogtrays.com/hot-dog-trays-for-catering/","https://hotdogtrays.com/product/cardboard-hot-dog-holders/","Cardboard Hot Dog Holders","(page top)","navigation","200",""
"https://hotdogtrays.com/hot-dog-trays-for-catering/","https://hotdogtrays.com/product/disposable-hot-dog-holders/","Disposable Hot Dog Holders","(page top)","navigation","200",""
"https://hotdogtrays.com/hot-dog-trays-for-catering/","https://hotdogtrays.com/product/cardboard-hot-dog-trays/","Cardboard Hot Dog Trays","(page top)","navigation","200",""
"https://hotdogtrays.com/hot-dog-trays-for-catering/","https://hotdogtrays.com/product/red-and-white-hot-dog-trays/","Red and White Hot Dog Trays","(page top)","navigation","200",""
"https://hotdogtrays.com/hot-dog-trays-for-catering/","https://hotdogtrays.com/product/kraft-hot-dog-tray/","Kraft Hot Dog Tray","(page top)","navigation","200",""
"https://hotdogtrays.com/hot-dog-trays-for-catering/","https://hotdogtrays.com/about/","About Us","(page top)","navigation","200",""
"https://hotdogtrays.com/hot-dog-trays-for-catering/","https://hotdogtrays.com/contact/","Contact","(page top)","navigation","200",""
"https://hotdogtrays.com/hot-dog-trays-for-catering/","https://hotdogtrays.com/get-quote/","Get Free Quote","(page top)","navigation","200",""
"https://hotdogtrays.com/hot-dog-trays-for-catering/","https://hotdogtrays.com/shop/","All Products","(page top)","navigation","200",""
"https://hotdogtrays.com/hot-dog-trays-for-catering/","https://hotdogtrays.com/","Home","(page top)","breadcrumb","200",""
"https://hotdogtrays.com/hot-dog-trays-for-catering/","https://hotdogtrays.com/shop/","Shop","(page top)","breadcrumb","200",""
"https://hotdogtrays.com/hot-dog-trays-for-catering/","https://hotdogtrays.com/hot-dog-tray-material-guide/","barrier choice under longer holding","Sauces are best applied last","contextual","200",""
"https://hotdogtrays.com/hot-dog-trays-for-catering/","https://hotdogtrays.com/product/hot-dog-plates/","a flatter plate format","Buffet stations and self-service","contextual","200",""
"https://hotdogtrays.com/hot-dog-trays-for-catering/","https://hotdogtrays.com/hot-dog-trays-in-bulk/","lead times and print setup","Branding for one occasion","contextual","200",""
"https://hotdogtrays.com/hot-dog-trays-for-catering/","https://hotdogtrays.com/privacy-policy/","Privacy Policy","Get pricing in 2 hours","contextual","200",""
"https://hotdogtrays.com/hot-dog-trays-for-catering/","https://hotdogtrays.com/product/hot-dog-serving-tray/","Get Free Quote for Hot Dog Serving Tray","Hot Dog Serving Tray","related-product","200",""
"https://hotdogtrays.com/hot-dog-trays-for-catering/","https://hotdogtrays.com/product/cardboard-hot-dog-trays/","Get Free Quote for Cardboard Hot Dog Trays","Cardboard Hot Dog Trays","related-product","200",""
"https://hotdogtrays.com/hot-dog-trays-for-catering/","https://hotdogtrays.com/product/hot-dog-plates/","Get Free Quote for Hot Dog Plates","Hot Dog Plates","related-product","200",""
"https://hotdogtrays.com/hot-dog-trays-for-catering/","https://hotdogtrays.com/product/paper-hot-dog-trays/","Get Free Quote for Paper Hot Dog Trays","Paper Hot Dog Trays","related-product","200",""
"https://hotdogtrays.com/hot-dog-trays-for-catering/","https://hotdogtrays.com/faq/","FAQ","Quick Links","footer","200",""
"https://hotdogtrays.com/hot-dog-trays-for-catering/","https://hotdogtrays.com/shipping/","Shipping Info","Quick Links","footer","200",""
"https://hotdogtrays.com/hot-dog-trays-for-catering/","https://hotdogtrays.com/terms-conditions/","Terms & Conditions","Quick Links","footer","200",""
"https://hotdogtrays.com/hot-dog-trays-for-catering/","https://hotdogtrays.com/hot-dog-tray-sizes/","Tray Sizes","Buying guides","footer","200",""
"https://hotdogtrays.com/hot-dog-trays-for-catering/","https://hotdogtrays.com/footlong-hot-dog-trays/","Footlong Trays","Buying guides","footer","200",""
"https://hotdogtrays.com/hot-dog-trays-for-catering/","https://hotdogtrays.com/hot-dog-tray-material-guide/","Material Guide","Buying guides","footer","200",""
"https://hotdogtrays.com/hot-dog-trays-for-catering/","https://hotdogtrays.com/hot-dog-containers-to-go/","Containers To Go","Buying guides","footer","200",""
"https://hotdogtrays.com/hot-dog-trays-for-catering/","https://hotdogtrays.com/hot-dog-trays-in-bulk/","Buying in Bulk","Buying guides","footer","200",""
"https://hotdogtrays.com/hot-dog-trays-for-catering/","https://hotdogtrays.com/hot-dog-trays-for-food-trucks/","For Food Trucks","Buying guides","footer","200",""
"https://hotdogtrays.com/hot-dog-trays-for-catering/","https://hotdogtrays.com/hot-dog-trays-for-concession-stands/","For Concessions","Buying guides","footer","200",""
"https://hotdogtrays.com/hot-dog-trays-for-catering/","https://hotdogtrays.com/hot-dog-trays-for-catering/","For Catering","Buying guides","footer","200",""
"https://hotdogtrays.com/hot-dog-trays-for-catering/","https://hotdogtrays.com/paper-vs-plastic-hot-dog-trays/","Paper vs Plastic","Buying guides","footer","200",""
"https://hotdogtrays.com/hot-dog-trays-for-catering/","https://hotdogtrays.com/hot-dog-trays-vs-paper-boats/","Trays vs Boats","Buying guides","footer","200",""
"https://hotdogtrays.com/hot-dog-trays-for-catering/","https://hotdogtrays.com/","HotDogTrays.com","Buying guides","footer","200",""
"https://hotdogtrays.com/hot-dog-trays-for-concession-stands/","https://hotdogtrays.com/","🌭 HotDogTrays Premium Wholesale Trays","(page top)","navigation","200",""
"https://hotdogtrays.com/hot-dog-trays-for-concession-stands/","https://hotdogtrays.com/shop/","All Products ▼","(page top)","navigation","200",""
"https://hotdogtrays.com/hot-dog-trays-for-concession-stands/","https://hotdogtrays.com/product/hot-dog-serving-tray/","Hot Dog Serving Tray","(page top)","navigation","200",""
"https://hotdogtrays.com/hot-dog-trays-for-concession-stands/","https://hotdogtrays.com/product/hot-dog-food-tray/","Hot Dog Food Tray","(page top)","navigation","200",""
"https://hotdogtrays.com/hot-dog-trays-for-concession-stands/","https://hotdogtrays.com/product/hot-dog-plates/","Hot Dog Plates","(page top)","navigation","200",""
"https://hotdogtrays.com/hot-dog-trays-for-concession-stands/","https://hotdogtrays.com/product/paper-hot-dog-trays/","Paper Hot Dog Trays","(page top)","navigation","200",""
"https://hotdogtrays.com/hot-dog-trays-for-concession-stands/","https://hotdogtrays.com/product/hot-dog-paper-holders/","Hot Dog Paper Holders","(page top)","navigation","200",""
"https://hotdogtrays.com/hot-dog-trays-for-concession-stands/","https://hotdogtrays.com/product/disposable-hot-dog-trays/","Disposable Hot Dog Trays","(page top)","navigation","200",""
"https://hotdogtrays.com/hot-dog-trays-for-concession-stands/","https://hotdogtrays.com/product/hot-dog-boats-paper/","Hot Dog Boats Paper","(page top)","navigation","200",""
"https://hotdogtrays.com/hot-dog-trays-for-concession-stands/","https://hotdogtrays.com/product/plastic-hot-dog-trays/","Plastic Hot Dog Trays","(page top)","navigation","200",""
"https://hotdogtrays.com/hot-dog-trays-for-concession-stands/","https://hotdogtrays.com/product/hot-dog-container-paper/","Hot Dog Container Paper","(page top)","navigation","200",""
"https://hotdogtrays.com/hot-dog-trays-for-concession-stands/","https://hotdogtrays.com/product/cardboard-hot-dog-holders/","Cardboard Hot Dog Holders","(page top)","navigation","200",""
"https://hotdogtrays.com/hot-dog-trays-for-concession-stands/","https://hotdogtrays.com/product/disposable-hot-dog-holders/","Disposable Hot Dog Holders","(page top)","navigation","200",""
"https://hotdogtrays.com/hot-dog-trays-for-concession-stands/","https://hotdogtrays.com/product/cardboard-hot-dog-trays/","Cardboard Hot Dog Trays","(page top)","navigation","200",""
"https://hotdogtrays.com/hot-dog-trays-for-concession-stands/","https://hotdogtrays.com/product/red-and-white-hot-dog-trays/","Red and White Hot Dog Trays","(page top)","navigation","200",""
"https://hotdogtrays.com/hot-dog-trays-for-concession-stands/","https://hotdogtrays.com/product/kraft-hot-dog-tray/","Kraft Hot Dog Tray","(page top)","navigation","200",""
"https://hotdogtrays.com/hot-dog-trays-for-concession-stands/","https://hotdogtrays.com/about/","About Us","(page top)","navigation","200",""
"https://hotdogtrays.com/hot-dog-trays-for-concession-stands/","https://hotdogtrays.com/contact/","Contact","(page top)","navigation","200",""
"https://hotdogtrays.com/hot-dog-trays-for-concession-stands/","https://hotdogtrays.com/get-quote/","Get Free Quote","(page top)","navigation","200",""
"https://hotdogtrays.com/hot-dog-trays-for-concession-stands/","https://hotdogtrays.com/shop/","All Products","(page top)","navigation","200",""
"https://hotdogtrays.com/hot-dog-trays-for-concession-stands/","https://hotdogtrays.com/","Home","(page top)","breadcrumb","200",""
"https://hotdogtrays.com/hot-dog-trays-for-concession-stands/","https://hotdogtrays.com/shop/","Shop","(page top)","breadcrumb","200",""
"https://hotdogtrays.com/hot-dog-trays-for-concession-stands/","https://hotdogtrays.com/product/disposable-hot-dog-trays/","single-use formats that need no washing up","Throughput is the only metric that matters","contextual","200",""
"https://hotdogtrays.com/hot-dog-trays-for-concession-stands/","https://hotdogtrays.com/hot-dog-trays-in-bulk/","planning stock for an event calendar","Where the stack sits","contextual","200",""
"https://hotdogtrays.com/hot-dog-trays-for-concession-stands/","https://hotdogtrays.com/product/red-and-white-hot-dog-trays/","the classic striped format","Branding at arm’s length","contextual","200",""
"https://hotdogtrays.com/hot-dog-trays-for-concession-stands/","https://hotdogtrays.com/privacy-policy/","Privacy Policy","Get pricing in 2 hours","contextual","200",""
"https://hotdogtrays.com/hot-dog-trays-for-concession-stands/","https://hotdogtrays.com/product/red-and-white-hot-dog-trays/","Get Free Quote for Red and White Hot Dog Trays","Red and White Hot Dog Trays","related-product","200",""
"https://hotdogtrays.com/hot-dog-trays-for-concession-stands/","https://hotdogtrays.com/product/cardboard-hot-dog-holders/","Get Free Quote for Cardboard Hot Dog Holders","Cardboard Hot Dog Holders","related-product","200",""
"https://hotdogtrays.com/hot-dog-trays-for-concession-stands/","https://hotdogtrays.com/product/disposable-hot-dog-trays/","Get Free Quote for Disposable Hot Dog Trays","Disposable Hot Dog Trays","related-product","200",""
"https://hotdogtrays.com/hot-dog-trays-for-concession-stands/","https://hotdogtrays.com/product/hot-dog-serving-tray/","Get Free Quote for Hot Dog Serving Tray","Hot Dog Serving Tray","related-product","200",""
"https://hotdogtrays.com/hot-dog-trays-for-concession-stands/","https://hotdogtrays.com/faq/","FAQ","Quick Links","footer","200",""
"https://hotdogtrays.com/hot-dog-trays-for-concession-stands/","https://hotdogtrays.com/shipping/","Shipping Info","Quick Links","footer","200",""
"https://hotdogtrays.com/hot-dog-trays-for-concession-stands/","https://hotdogtrays.com/terms-conditions/","Terms & Conditions","Quick Links","footer","200",""
"https://hotdogtrays.com/hot-dog-trays-for-concession-stands/","https://hotdogtrays.com/hot-dog-tray-sizes/","Tray Sizes","Buying guides","footer","200",""
"https://hotdogtrays.com/hot-dog-trays-for-concession-stands/","https://hotdogtrays.com/footlong-hot-dog-trays/","Footlong Trays","Buying guides","footer","200",""
"https://hotdogtrays.com/hot-dog-trays-for-concession-stands/","https://hotdogtrays.com/hot-dog-tray-material-guide/","Material Guide","Buying guides","footer","200",""
"https://hotdogtrays.com/hot-dog-trays-for-concession-stands/","https://hotdogtrays.com/hot-dog-containers-to-go/","Containers To Go","Buying guides","footer","200",""
"https://hotdogtrays.com/hot-dog-trays-for-concession-stands/","https://hotdogtrays.com/hot-dog-trays-in-bulk/","Buying in Bulk","Buying guides","footer","200",""
"https://hotdogtrays.com/hot-dog-trays-for-concession-stands/","https://hotdogtrays.com/hot-dog-trays-for-food-trucks/","For Food Trucks","Buying guides","footer","200",""
"https://hotdogtrays.com/hot-dog-trays-for-concession-stands/","https://hotdogtrays.com/hot-dog-trays-for-concession-stands/","For Concessions","Buying guides","footer","200",""
"https://hotdogtrays.com/hot-dog-trays-for-concession-stands/","https://hotdogtrays.com/hot-dog-trays-for-catering/","For Catering","Buying guides","footer","200",""
"https://hotdogtrays.com/hot-dog-trays-for-concession-stands/","https://hotdogtrays.com/paper-vs-plastic-hot-dog-trays/","Paper vs Plastic","Buying guides","footer","200",""
"https://hotdogtrays.com/hot-dog-trays-for-concession-stands/","https://hotdogtrays.com/hot-dog-trays-vs-paper-boats/","Trays vs Boats","Buying guides","footer","200",""
"https://hotdogtrays.com/hot-dog-trays-for-concession-stands/","https://hotdogtrays.com/","HotDogTrays.com","Buying guides","footer","200",""
"https://hotdogtrays.com/hot-dog-trays-for-food-trucks/","https://hotdogtrays.com/","🌭 HotDogTrays Premium Wholesale Trays","(page top)","navigation","200",""
"https://hotdogtrays.com/hot-dog-trays-for-food-trucks/","https://hotdogtrays.com/shop/","All Products ▼","(page top)","navigation","200",""
"https://hotdogtrays.com/hot-dog-trays-for-food-trucks/","https://hotdogtrays.com/product/hot-dog-serving-tray/","Hot Dog Serving Tray","(page top)","navigation","200",""
"https://hotdogtrays.com/hot-dog-trays-for-food-trucks/","https://hotdogtrays.com/product/hot-dog-food-tray/","Hot Dog Food Tray","(page top)","navigation","200",""
"https://hotdogtrays.com/hot-dog-trays-for-food-trucks/","https://hotdogtrays.com/product/hot-dog-plates/","Hot Dog Plates","(page top)","navigation","200",""
"https://hotdogtrays.com/hot-dog-trays-for-food-trucks/","https://hotdogtrays.com/product/paper-hot-dog-trays/","Paper Hot Dog Trays","(page top)","navigation","200",""
"https://hotdogtrays.com/hot-dog-trays-for-food-trucks/","https://hotdogtrays.com/product/hot-dog-paper-holders/","Hot Dog Paper Holders","(page top)","navigation","200",""
"https://hotdogtrays.com/hot-dog-trays-for-food-trucks/","https://hotdogtrays.com/product/disposable-hot-dog-trays/","Disposable Hot Dog Trays","(page top)","navigation","200",""
"https://hotdogtrays.com/hot-dog-trays-for-food-trucks/","https://hotdogtrays.com/product/hot-dog-boats-paper/","Hot Dog Boats Paper","(page top)","navigation","200",""
"https://hotdogtrays.com/hot-dog-trays-for-food-trucks/","https://hotdogtrays.com/product/plastic-hot-dog-trays/","Plastic Hot Dog Trays","(page top)","navigation","200",""
"https://hotdogtrays.com/hot-dog-trays-for-food-trucks/","https://hotdogtrays.com/product/hot-dog-container-paper/","Hot Dog Container Paper","(page top)","navigation","200",""
"https://hotdogtrays.com/hot-dog-trays-for-food-trucks/","https://hotdogtrays.com/product/cardboard-hot-dog-holders/","Cardboard Hot Dog Holders","(page top)","navigation","200",""
"https://hotdogtrays.com/hot-dog-trays-for-food-trucks/","https://hotdogtrays.com/product/disposable-hot-dog-holders/","Disposable Hot Dog Holders","(page top)","navigation","200",""
"https://hotdogtrays.com/hot-dog-trays-for-food-trucks/","https://hotdogtrays.com/product/cardboard-hot-dog-trays/","Cardboard Hot Dog Trays","(page top)","navigation","200",""
"https://hotdogtrays.com/hot-dog-trays-for-food-trucks/","https://hotdogtrays.com/product/red-and-white-hot-dog-trays/","Red and White Hot Dog Trays","(page top)","navigation","200",""
"https://hotdogtrays.com/hot-dog-trays-for-food-trucks/","https://hotdogtrays.com/product/kraft-hot-dog-tray/","Kraft Hot Dog Tray","(page top)","navigation","200",""
"https://hotdogtrays.com/hot-dog-trays-for-food-trucks/","https://hotdogtrays.com/about/","About Us","(page top)","navigation","200",""
"https://hotdogtrays.com/hot-dog-trays-for-food-trucks/","https://hotdogtrays.com/contact/","Contact","(page top)","navigation","200",""
"https://hotdogtrays.com/hot-dog-trays-for-food-trucks/","https://hotdogtrays.com/get-quote/","Get Free Quote","(page top)","navigation","200",""
"https://hotdogtrays.com/hot-dog-trays-for-food-trucks/","https://hotdogtrays.com/shop/","All Products","(page top)","navigation","200",""
"https://hotdogtrays.com/hot-dog-trays-for-food-trucks/","https://hotdogtrays.com/","Home","(page top)","breadcrumb","200",""
"https://hotdogtrays.com/hot-dog-trays-for-food-trucks/","https://hotdogtrays.com/shop/","Shop","(page top)","breadcrumb","200",""
"https://hotdogtrays.com/hot-dog-trays-for-food-trucks/","https://hotdogtrays.com/hot-dog-tray-material-guide/","how each stock stores before use","Storage decides more than you would like","contextual","200",""
"https://hotdogtrays.com/hot-dog-trays-for-food-trucks/","https://hotdogtrays.com/footlong-hot-dog-trays/","longer formats are harder to pass through a window","The handover through a window","contextual","200",""
"https://hotdogtrays.com/hot-dog-trays-for-food-trucks/","https://hotdogtrays.com/hot-dog-trays-in-bulk/","ordering printed stock in sensible quantities","Branding that travels beyond the truck","contextual","200",""
"https://hotdogtrays.com/hot-dog-trays-for-food-trucks/","https://hotdogtrays.com/privacy-policy/","Privacy Policy","Get pricing in 2 hours","contextual","200",""
"https://hotdogtrays.com/hot-dog-trays-for-food-trucks/","https://hotdogtrays.com/product/hot-dog-boats-paper/","Get Free Quote for Hot Dog Boats Paper","Hot Dog Boats Paper","related-product","200",""
"https://hotdogtrays.com/hot-dog-trays-for-food-trucks/","https://hotdogtrays.com/product/paper-hot-dog-trays/","Get Free Quote for Paper Hot Dog Trays","Paper Hot Dog Trays","related-product","200",""
"https://hotdogtrays.com/hot-dog-trays-for-food-trucks/","https://hotdogtrays.com/product/disposable-hot-dog-trays/","Get Free Quote for Disposable Hot Dog Trays","Disposable Hot Dog Trays","related-product","200",""
"https://hotdogtrays.com/hot-dog-trays-for-food-trucks/","https://hotdogtrays.com/product/kraft-hot-dog-tray/","Get Free Quote for Kraft Hot Dog Tray","Kraft Hot Dog Tray","related-product","200",""
"https://hotdogtrays.com/hot-dog-trays-for-food-trucks/","https://hotdogtrays.com/faq/","FAQ","Quick Links","footer","200",""
"https://hotdogtrays.com/hot-dog-trays-for-food-trucks/","https://hotdogtrays.com/shipping/","Shipping Info","Quick Links","footer","200",""
"https://hotdogtrays.com/hot-dog-trays-for-food-trucks/","https://hotdogtrays.com/terms-conditions/","Terms & Conditions","Quick Links","footer","200",""
"https://hotdogtrays.com/hot-dog-trays-for-food-trucks/","https://hotdogtrays.com/hot-dog-tray-sizes/","Tray Sizes","Buying guides","footer","200",""
"https://hotdogtrays.com/hot-dog-trays-for-food-trucks/","https://hotdogtrays.com/footlong-hot-dog-trays/","Footlong Trays","Buying guides","footer","200",""
"https://hotdogtrays.com/hot-dog-trays-for-food-trucks/","https://hotdogtrays.com/hot-dog-tray-material-guide/","Material Guide","Buying guides","footer","200",""
"https://hotdogtrays.com/hot-dog-trays-for-food-trucks/","https://hotdogtrays.com/hot-dog-containers-to-go/","Containers To Go","Buying guides","footer","200",""
"https://hotdogtrays.com/hot-dog-trays-for-food-trucks/","https://hotdogtrays.com/hot-dog-trays-in-bulk/","Buying in Bulk","Buying guides","footer","200",""
"https://hotdogtrays.com/hot-dog-trays-for-food-trucks/","https://hotdogtrays.com/hot-dog-trays-for-food-trucks/","For Food Trucks","Buying guides","footer","200",""
"https://hotdogtrays.com/hot-dog-trays-for-food-trucks/","https://hotdogtrays.com/hot-dog-trays-for-concession-stands/","For Concessions","Buying guides","footer","200",""
"https://hotdogtrays.com/hot-dog-trays-for-food-trucks/","https://hotdogtrays.com/hot-dog-trays-for-catering/","For Catering","Buying guides","footer","200",""
"https://hotdogtrays.com/hot-dog-trays-for-food-trucks/","https://hotdogtrays.com/paper-vs-plastic-hot-dog-trays/","Paper vs Plastic","Buying guides","footer","200",""
"https://hotdogtrays.com/hot-dog-trays-for-food-trucks/","https://hotdogtrays.com/hot-dog-trays-vs-paper-boats/","Trays vs Boats","Buying guides","footer","200",""
"https://hotdogtrays.com/hot-dog-trays-for-food-trucks/","https://hotdogtrays.com/","HotDogTrays.com","Buying guides","footer","200",""
"https://hotdogtrays.com/hot-dog-trays-in-bulk/","https://hotdogtrays.com/","🌭 HotDogTrays Premium Wholesale Trays","(page top)","navigation","200",""
"https://hotdogtrays.com/hot-dog-trays-in-bulk/","https://hotdogtrays.com/shop/","All Products ▼","(page top)","navigation","200",""
"https://hotdogtrays.com/hot-dog-trays-in-bulk/","https://hotdogtrays.com/product/hot-dog-serving-tray/","Hot Dog Serving Tray","(page top)","navigation","200",""
"https://hotdogtrays.com/hot-dog-trays-in-bulk/","https://hotdogtrays.com/product/hot-dog-food-tray/","Hot Dog Food Tray","(page top)","navigation","200",""
"https://hotdogtrays.com/hot-dog-trays-in-bulk/","https://hotdogtrays.com/product/hot-dog-plates/","Hot Dog Plates","(page top)","navigation","200",""
"https://hotdogtrays.com/hot-dog-trays-in-bulk/","https://hotdogtrays.com/product/paper-hot-dog-trays/","Paper Hot Dog Trays","(page top)","navigation","200",""
"https://hotdogtrays.com/hot-dog-trays-in-bulk/","https://hotdogtrays.com/product/hot-dog-paper-holders/","Hot Dog Paper Holders","(page top)","navigation","200",""
"https://hotdogtrays.com/hot-dog-trays-in-bulk/","https://hotdogtrays.com/product/disposable-hot-dog-trays/","Disposable Hot Dog Trays","(page top)","navigation","200",""
"https://hotdogtrays.com/hot-dog-trays-in-bulk/","https://hotdogtrays.com/product/hot-dog-boats-paper/","Hot Dog Boats Paper","(page top)","navigation","200",""
"https://hotdogtrays.com/hot-dog-trays-in-bulk/","https://hotdogtrays.com/product/plastic-hot-dog-trays/","Plastic Hot Dog Trays","(page top)","navigation","200",""
"https://hotdogtrays.com/hot-dog-trays-in-bulk/","https://hotdogtrays.com/product/hot-dog-container-paper/","Hot Dog Container Paper","(page top)","navigation","200",""
"https://hotdogtrays.com/hot-dog-trays-in-bulk/","https://hotdogtrays.com/product/cardboard-hot-dog-holders/","Cardboard Hot Dog Holders","(page top)","navigation","200",""
"https://hotdogtrays.com/hot-dog-trays-in-bulk/","https://hotdogtrays.com/product/disposable-hot-dog-holders/","Disposable Hot Dog Holders","(page top)","navigation","200",""
"https://hotdogtrays.com/hot-dog-trays-in-bulk/","https://hotdogtrays.com/product/cardboard-hot-dog-trays/","Cardboard Hot Dog Trays","(page top)","navigation","200",""
"https://hotdogtrays.com/hot-dog-trays-in-bulk/","https://hotdogtrays.com/product/red-and-white-hot-dog-trays/","Red and White Hot Dog Trays","(page top)","navigation","200",""
"https://hotdogtrays.com/hot-dog-trays-in-bulk/","https://hotdogtrays.com/product/kraft-hot-dog-tray/","Kraft Hot Dog Tray","(page top)","navigation","200",""
"https://hotdogtrays.com/hot-dog-trays-in-bulk/","https://hotdogtrays.com/about/","About Us","(page top)","navigation","200",""
"https://hotdogtrays.com/hot-dog-trays-in-bulk/","https://hotdogtrays.com/contact/","Contact","(page top)","navigation","200",""
"https://hotdogtrays.com/hot-dog-trays-in-bulk/","https://hotdogtrays.com/get-quote/","Get Free Quote","(page top)","navigation","200",""
"https://hotdogtrays.com/hot-dog-trays-in-bulk/","https://hotdogtrays.com/shop/","All Products","(page top)","navigation","200",""
"https://hotdogtrays.com/hot-dog-trays-in-bulk/","https://hotdogtrays.com/","Home","(page top)","breadcrumb","200",""
"https://hotdogtrays.com/hot-dog-trays-in-bulk/","https://hotdogtrays.com/shop/","Shop","(page top)","breadcrumb","200",""
"https://hotdogtrays.com/hot-dog-trays-in-bulk/","https://hotdogtrays.com/hot-dog-tray-sizes/","settle the size before the quantity","Sizing the order to your actual usage","contextual","200",""
"https://hotdogtrays.com/hot-dog-trays-in-bulk/","https://hotdogtrays.com/hot-dog-tray-material-guide/","stock choice affects how artwork reproduces","Approve a proof before the run","contextual","200",""
"https://hotdogtrays.com/hot-dog-trays-in-bulk/","https://hotdogtrays.com/shop/","the tray formats available to order","Building a reorder rhythm","contextual","200",""
"https://hotdogtrays.com/hot-dog-trays-in-bulk/","https://hotdogtrays.com/privacy-policy/","Privacy Policy","Get pricing in 2 hours","contextual","200",""
"https://hotdogtrays.com/hot-dog-trays-in-bulk/","https://hotdogtrays.com/product/paper-hot-dog-trays/","Get Free Quote for Paper Hot Dog Trays","Paper Hot Dog Trays","related-product","200",""
"https://hotdogtrays.com/hot-dog-trays-in-bulk/","https://hotdogtrays.com/product/cardboard-hot-dog-trays/","Get Free Quote for Cardboard Hot Dog Trays","Cardboard Hot Dog Trays","related-product","200",""
"https://hotdogtrays.com/hot-dog-trays-in-bulk/","https://hotdogtrays.com/product/disposable-hot-dog-trays/","Get Free Quote for Disposable Hot Dog Trays","Disposable Hot Dog Trays","related-product","200",""
"https://hotdogtrays.com/hot-dog-trays-in-bulk/","https://hotdogtrays.com/product/kraft-hot-dog-tray/","Get Free Quote for Kraft Hot Dog Tray","Kraft Hot Dog Tray","related-product","200",""
"https://hotdogtrays.com/hot-dog-trays-in-bulk/","https://hotdogtrays.com/faq/","FAQ","Quick Links","footer","200",""
"https://hotdogtrays.com/hot-dog-trays-in-bulk/","https://hotdogtrays.com/shipping/","Shipping Info","Quick Links","footer","200",""
"https://hotdogtrays.com/hot-dog-trays-in-bulk/","https://hotdogtrays.com/terms-conditions/","Terms & Conditions","Quick Links","footer","200",""
"https://hotdogtrays.com/hot-dog-trays-in-bulk/","https://hotdogtrays.com/hot-dog-tray-sizes/","Tray Sizes","Buying guides","footer","200",""
"https://hotdogtrays.com/hot-dog-trays-in-bulk/","https://hotdogtrays.com/footlong-hot-dog-trays/","Footlong Trays","Buying guides","footer","200",""
"https://hotdogtrays.com/hot-dog-trays-in-bulk/","https://hotdogtrays.com/hot-dog-tray-material-guide/","Material Guide","Buying guides","footer","200",""
"https://hotdogtrays.com/hot-dog-trays-in-bulk/","https://hotdogtrays.com/hot-dog-containers-to-go/","Containers To Go","Buying guides","footer","200",""
"https://hotdogtrays.com/hot-dog-trays-in-bulk/","https://hotdogtrays.com/hot-dog-trays-in-bulk/","Buying in Bulk","Buying guides","footer","200",""
"https://hotdogtrays.com/hot-dog-trays-in-bulk/","https://hotdogtrays.com/hot-dog-trays-for-food-trucks/","For Food Trucks","Buying guides","footer","200",""
"https://hotdogtrays.com/hot-dog-trays-in-bulk/","https://hotdogtrays.com/hot-dog-trays-for-concession-stands/","For Concessions","Buying guides","footer","200",""
"https://hotdogtrays.com/hot-dog-trays-in-bulk/","https://hotdogtrays.com/hot-dog-trays-for-catering/","For Catering","Buying guides","footer","200",""
"https://hotdogtrays.com/hot-dog-trays-in-bulk/","https://hotdogtrays.com/paper-vs-plastic-hot-dog-trays/","Paper vs Plastic","Buying guides","footer","200",""
"https://hotdogtrays.com/hot-dog-trays-in-bulk/","https://hotdogtrays.com/hot-dog-trays-vs-paper-boats/","Trays vs Boats","Buying guides","footer","200",""
"https://hotdogtrays.com/hot-dog-trays-in-bulk/","https://hotdogtrays.com/","HotDogTrays.com","Buying guides","footer","200",""
"https://hotdogtrays.com/hot-dog-trays-vs-paper-boats/","https://hotdogtrays.com/","🌭 HotDogTrays Premium Wholesale Trays","(page top)","navigation","200",""
"https://hotdogtrays.com/hot-dog-trays-vs-paper-boats/","https://hotdogtrays.com/shop/","All Products ▼","(page top)","navigation","200",""
"https://hotdogtrays.com/hot-dog-trays-vs-paper-boats/","https://hotdogtrays.com/product/hot-dog-serving-tray/","Hot Dog Serving Tray","(page top)","navigation","200",""
"https://hotdogtrays.com/hot-dog-trays-vs-paper-boats/","https://hotdogtrays.com/product/hot-dog-food-tray/","Hot Dog Food Tray","(page top)","navigation","200",""
"https://hotdogtrays.com/hot-dog-trays-vs-paper-boats/","https://hotdogtrays.com/product/hot-dog-plates/","Hot Dog Plates","(page top)","navigation","200",""
"https://hotdogtrays.com/hot-dog-trays-vs-paper-boats/","https://hotdogtrays.com/product/paper-hot-dog-trays/","Paper Hot Dog Trays","(page top)","navigation","200",""
"https://hotdogtrays.com/hot-dog-trays-vs-paper-boats/","https://hotdogtrays.com/product/hot-dog-paper-holders/","Hot Dog Paper Holders","(page top)","navigation","200",""
"https://hotdogtrays.com/hot-dog-trays-vs-paper-boats/","https://hotdogtrays.com/product/disposable-hot-dog-trays/","Disposable Hot Dog Trays","(page top)","navigation","200",""
"https://hotdogtrays.com/hot-dog-trays-vs-paper-boats/","https://hotdogtrays.com/product/hot-dog-boats-paper/","Hot Dog Boats Paper","(page top)","navigation","200",""
"https://hotdogtrays.com/hot-dog-trays-vs-paper-boats/","https://hotdogtrays.com/product/plastic-hot-dog-trays/","Plastic Hot Dog Trays","(page top)","navigation","200",""
"https://hotdogtrays.com/hot-dog-trays-vs-paper-boats/","https://hotdogtrays.com/product/hot-dog-container-paper/","Hot Dog Container Paper","(page top)","navigation","200",""
"https://hotdogtrays.com/hot-dog-trays-vs-paper-boats/","https://hotdogtrays.com/product/cardboard-hot-dog-holders/","Cardboard Hot Dog Holders","(page top)","navigation","200",""
"https://hotdogtrays.com/hot-dog-trays-vs-paper-boats/","https://hotdogtrays.com/product/disposable-hot-dog-holders/","Disposable Hot Dog Holders","(page top)","navigation","200",""
"https://hotdogtrays.com/hot-dog-trays-vs-paper-boats/","https://hotdogtrays.com/product/cardboard-hot-dog-trays/","Cardboard Hot Dog Trays","(page top)","navigation","200",""
"https://hotdogtrays.com/hot-dog-trays-vs-paper-boats/","https://hotdogtrays.com/product/red-and-white-hot-dog-trays/","Red and White Hot Dog Trays","(page top)","navigation","200",""
"https://hotdogtrays.com/hot-dog-trays-vs-paper-boats/","https://hotdogtrays.com/product/kraft-hot-dog-tray/","Kraft Hot Dog Tray","(page top)","navigation","200",""
"https://hotdogtrays.com/hot-dog-trays-vs-paper-boats/","https://hotdogtrays.com/about/","About Us","(page top)","navigation","200",""
"https://hotdogtrays.com/hot-dog-trays-vs-paper-boats/","https://hotdogtrays.com/contact/","Contact","(page top)","navigation","200",""
"https://hotdogtrays.com/hot-dog-trays-vs-paper-boats/","https://hotdogtrays.com/get-quote/","Get Free Quote","(page top)","navigation","200",""
"https://hotdogtrays.com/hot-dog-trays-vs-paper-boats/","https://hotdogtrays.com/shop/","All Products","(page top)","navigation","200",""
"https://hotdogtrays.com/hot-dog-trays-vs-paper-boats/","https://hotdogtrays.com/","Home","(page top)","breadcrumb","200",""
"https://hotdogtrays.com/hot-dog-trays-vs-paper-boats/","https://hotdogtrays.com/shop/","Shop","(page top)","breadcrumb","200",""
"https://hotdogtrays.com/hot-dog-trays-vs-paper-boats/","https://hotdogtrays.com/product/hot-dog-boats-paper/","the boat format in more detail","Where each wastes space","contextual","200",""
"https://hotdogtrays.com/hot-dog-trays-vs-paper-boats/","https://hotdogtrays.com/hot-dog-trays-for-food-trucks/","service where nobody sits down","Carrying and eating","contextual","200",""
"https://hotdogtrays.com/hot-dog-trays-vs-paper-boats/","https://hotdogtrays.com/product/paper-hot-dog-trays/","flat-panel tray formats","Printing on each shape","contextual","200",""
"https://hotdogtrays.com/hot-dog-trays-vs-paper-boats/","https://hotdogtrays.com/privacy-policy/","Privacy Policy","Get pricing in 2 hours","contextual","200",""
"https://hotdogtrays.com/hot-dog-trays-vs-paper-boats/","https://hotdogtrays.com/product/hot-dog-boats-paper/","Get Free Quote for Hot Dog Boats Paper","Hot Dog Boats Paper","related-product","200",""
"https://hotdogtrays.com/hot-dog-trays-vs-paper-boats/","https://hotdogtrays.com/product/paper-hot-dog-trays/","Get Free Quote for Paper Hot Dog Trays","Paper Hot Dog Trays","related-product","200",""
"https://hotdogtrays.com/hot-dog-trays-vs-paper-boats/","https://hotdogtrays.com/product/hot-dog-serving-tray/","Get Free Quote for Hot Dog Serving Tray","Hot Dog Serving Tray","related-product","200",""
"https://hotdogtrays.com/hot-dog-trays-vs-paper-boats/","https://hotdogtrays.com/product/cardboard-hot-dog-trays/","Get Free Quote for Cardboard Hot Dog Trays","Cardboard Hot Dog Trays","related-product","200",""
"https://hotdogtrays.com/hot-dog-trays-vs-paper-boats/","https://hotdogtrays.com/faq/","FAQ","Quick Links","footer","200",""
"https://hotdogtrays.com/hot-dog-trays-vs-paper-boats/","https://hotdogtrays.com/shipping/","Shipping Info","Quick Links","footer","200",""
"https://hotdogtrays.com/hot-dog-trays-vs-paper-boats/","https://hotdogtrays.com/terms-conditions/","Terms & Conditions","Quick Links","footer","200",""
"https://hotdogtrays.com/hot-dog-trays-vs-paper-boats/","https://hotdogtrays.com/hot-dog-tray-sizes/","Tray Sizes","Buying guides","footer","200",""
"https://hotdogtrays.com/hot-dog-trays-vs-paper-boats/","https://hotdogtrays.com/footlong-hot-dog-trays/","Footlong Trays","Buying guides","footer","200",""
"https://hotdogtrays.com/hot-dog-trays-vs-paper-boats/","https://hotdogtrays.com/hot-dog-tray-material-guide/","Material Guide","Buying guides","footer","200",""
"https://hotdogtrays.com/hot-dog-trays-vs-paper-boats/","https://hotdogtrays.com/hot-dog-containers-to-go/","Containers To Go","Buying guides","footer","200",""
"https://hotdogtrays.com/hot-dog-trays-vs-paper-boats/","https://hotdogtrays.com/hot-dog-trays-in-bulk/","Buying in Bulk","Buying guides","footer","200",""
"https://hotdogtrays.com/hot-dog-trays-vs-paper-boats/","https://hotdogtrays.com/hot-dog-trays-for-food-trucks/","For Food Trucks","Buying guides","footer","200",""
"https://hotdogtrays.com/hot-dog-trays-vs-paper-boats/","https://hotdogtrays.com/hot-dog-trays-for-concession-stands/","For Concessions","Buying guides","footer","200",""
"https://hotdogtrays.com/hot-dog-trays-vs-paper-boats/","https://hotdogtrays.com/hot-dog-trays-for-catering/","For Catering","Buying guides","footer","200",""
"https://hotdogtrays.com/hot-dog-trays-vs-paper-boats/","https://hotdogtrays.com/paper-vs-plastic-hot-dog-trays/","Paper vs Plastic","Buying guides","footer","200",""
"https://hotdogtrays.com/hot-dog-trays-vs-paper-boats/","https://hotdogtrays.com/hot-dog-trays-vs-paper-boats/","Trays vs Boats","Buying guides","footer","200",""
"https://hotdogtrays.com/hot-dog-trays-vs-paper-boats/","https://hotdogtrays.com/","HotDogTrays.com","Buying guides","footer","200",""
"https://hotdogtrays.com/","https://hotdogtrays.com/","🌭 HotDogTrays Premium Wholesale Trays","(page top)","navigation","200",""
"https://hotdogtrays.com/","https://hotdogtrays.com/shop/","All Products ▼","(page top)","navigation","200",""
"https://hotdogtrays.com/","https://hotdogtrays.com/product/hot-dog-serving-tray/","Hot Dog Serving Tray","(page top)","navigation","200",""
"https://hotdogtrays.com/","https://hotdogtrays.com/product/hot-dog-food-tray/","Hot Dog Food Tray","(page top)","navigation","200",""
"https://hotdogtrays.com/","https://hotdogtrays.com/product/hot-dog-plates/","Hot Dog Plates","(page top)","navigation","200",""
"https://hotdogtrays.com/","https://hotdogtrays.com/product/paper-hot-dog-trays/","Paper Hot Dog Trays","(page top)","navigation","200",""
"https://hotdogtrays.com/","https://hotdogtrays.com/product/hot-dog-paper-holders/","Hot Dog Paper Holders","(page top)","navigation","200",""
"https://hotdogtrays.com/","https://hotdogtrays.com/product/disposable-hot-dog-trays/","Disposable Hot Dog Trays","(page top)","navigation","200",""
"https://hotdogtrays.com/","https://hotdogtrays.com/product/hot-dog-boats-paper/","Hot Dog Boats Paper","(page top)","navigation","200",""
"https://hotdogtrays.com/","https://hotdogtrays.com/product/plastic-hot-dog-trays/","Plastic Hot Dog Trays","(page top)","navigation","200",""
"https://hotdogtrays.com/","https://hotdogtrays.com/product/hot-dog-container-paper/","Hot Dog Container Paper","(page top)","navigation","200",""
"https://hotdogtrays.com/","https://hotdogtrays.com/product/cardboard-hot-dog-holders/","Cardboard Hot Dog Holders","(page top)","navigation","200",""
"https://hotdogtrays.com/","https://hotdogtrays.com/product/disposable-hot-dog-holders/","Disposable Hot Dog Holders","(page top)","navigation","200",""
"https://hotdogtrays.com/","https://hotdogtrays.com/product/cardboard-hot-dog-trays/","Cardboard Hot Dog Trays","(page top)","navigation","200",""
"https://hotdogtrays.com/","https://hotdogtrays.com/product/red-and-white-hot-dog-trays/","Red and White Hot Dog Trays","(page top)","navigation","200",""
"https://hotdogtrays.com/","https://hotdogtrays.com/product/kraft-hot-dog-tray/","Kraft Hot Dog Tray","(page top)","navigation","200",""
"https://hotdogtrays.com/","https://hotdogtrays.com/about/","About Us","(page top)","navigation","200",""
"https://hotdogtrays.com/","https://hotdogtrays.com/contact/","Contact","(page top)","navigation","200",""
"https://hotdogtrays.com/","https://hotdogtrays.com/get-quote/","Get Free Quote","(page top)","navigation","200",""
"https://hotdogtrays.com/","https://hotdogtrays.com/shop/","All Products","(page top)","navigation","200",""
"https://hotdogtrays.com/","https://hotdogtrays.com/get-quote/","Get Free Quote →","Custom Hot Dog Trays for Your Business","contextual","200",""
"https://hotdogtrays.com/","https://hotdogtrays.com/shop/","View Products","Custom Hot Dog Trays for Your Business","cta","200",""
"https://hotdogtrays.com/","https://hotdogtrays.com/product/hot-dog-serving-tray/","View Product →","Hot Dog Serving Tray","related-product","200",""
"https://hotdogtrays.com/","https://hotdogtrays.com/product/hot-dog-food-tray/","View Product →","Hot Dog Food Tray","related-product","200",""
"https://hotdogtrays.com/","https://hotdogtrays.com/product/paper-hot-dog-trays/","View Product →","Paper Hot Dog Trays","related-product","200",""
"https://hotdogtrays.com/","https://hotdogtrays.com/product/hot-dog-paper-holders/","View Product →","Hot Dog Holders","related-product","200",""
"https://hotdogtrays.com/","https://hotdogtrays.com/shop/","View All Products →","Hot Dog Holders","related-product","200",""
"https://hotdogtrays.com/","https://hotdogtrays.com/product/paper-hot-dog-trays/","Paper hot dog trays","Which hot dog tray suits your service?","related-product","200",""
"https://hotdogtrays.com/","https://hotdogtrays.com/product/hot-dog-boats-paper/","Paper hot dog boats","Which hot dog tray suits your service?","related-product","200",""
"https://hotdogtrays.com/","https://hotdogtrays.com/product/cardboard-hot-dog-holders/","Cardboard hot dog holders","Which hot dog tray suits your service?","related-product","200",""
"https://hotdogtrays.com/","https://hotdogtrays.com/product/plastic-hot-dog-trays/","Plastic hot dog trays","Which hot dog tray suits your service?","related-product","200",""
"https://hotdogtrays.com/","https://hotdogtrays.com/product/kraft-hot-dog-tray/","Kraft hot dog trays","Which hot dog tray suits your service?","contextual","200",""
"https://hotdogtrays.com/","https://hotdogtrays.com/hot-dog-tray-sizes/","measuring the portion before the tray","Which hot dog tray suits your service?","contextual","200",""
"https://hotdogtrays.com/","https://hotdogtrays.com/paper-vs-plastic-hot-dog-trays/","paper against plastic","Which hot dog tray suits your service?","contextual","200",""
"https://hotdogtrays.com/","https://hotdogtrays.com/shop/","See all tray formats","Which hot dog tray suits your service?","contextual","200",""
"https://hotdogtrays.com/","https://hotdogtrays.com/hot-dog-trays-in-bulk/","Ordering in bulk","Which hot dog tray suits your service?","contextual","200",""
"https://hotdogtrays.com/","https://hotdogtrays.com/product/paper-hot-dog-trays/","📄 Paper Trays Classic paper hot dog trays, lightweight and economical","Shop by Material","category","200",""
"https://hotdogtrays.com/","https://hotdogtrays.com/product/cardboard-hot-dog-trays/","📦 Cardboard Trays Sturdy cardboard trays for heavy-duty use","Shop by Material","category","200",""
"https://hotdogtrays.com/","https://hotdogtrays.com/product/plastic-hot-dog-trays/","🔷 Plastic Trays Durable plastic trays with superior strength","Shop by Material","category","200",""
"https://hotdogtrays.com/","https://hotdogtrays.com/product/kraft-hot-dog-tray/","♻️ Kraft Paper Trays Eco-friendly kraft paper, Recyclable options","Shop by Material","category","200",""
"https://hotdogtrays.com/","https://hotdogtrays.com/product/hot-dog-serving-tray/","🍽️ Serving Trays Premium trays for professional food service","Shop by Usage Type","category","200",""
"https://hotdogtrays.com/","https://hotdogtrays.com/product/disposable-hot-dog-trays/","🗑️ Disposable Trays Convenient single-use trays for events","Shop by Usage Type","category","200",""
"https://hotdogtrays.com/","https://hotdogtrays.com/product/hot-dog-boats-paper/","⛵ Boat Trays Classic boat-shaped trays for hot dogs","Shop by Usage Type","category","200",""
"https://hotdogtrays.com/","https://hotdogtrays.com/product/hot-dog-container-paper/","📦 Container Trays Secure containers with lids for takeout","Shop by Usage Type","category","200",""
"https://hotdogtrays.com/","https://hotdogtrays.com/get-quote/","Get Your Free Quote →","Catering Services","contextual","200",""
"https://hotdogtrays.com/","https://hotdogtrays.com/privacy-policy/","Privacy Policy","Request Your Quote","contextual","200",""
"https://hotdogtrays.com/","https://hotdogtrays.com/get-quote/","Request Quote Online →","Ready to Order Premium Hot Dog Trays?","cta","200",""
"https://hotdogtrays.com/","https://hotdogtrays.com/shop/","Browse All Products →","Ready to Order Premium Hot Dog Trays?","cta","200",""
"https://hotdogtrays.com/","https://hotdogtrays.com/contact/","Contact Support","Still Have Questions?","contextual","200",""
"https://hotdogtrays.com/","https://hotdogtrays.com/","Home","Quick Links","footer","200",""
"https://hotdogtrays.com/","https://hotdogtrays.com/faq/","FAQ","Quick Links","footer","200",""
"https://hotdogtrays.com/","https://hotdogtrays.com/shipping/","Shipping Info","Quick Links","footer","200",""
"https://hotdogtrays.com/","https://hotdogtrays.com/terms-conditions/","Terms & Conditions","Quick Links","footer","200",""
"https://hotdogtrays.com/","https://hotdogtrays.com/hot-dog-tray-sizes/","Tray Sizes","Buying guides","footer","200",""
"https://hotdogtrays.com/","https://hotdogtrays.com/footlong-hot-dog-trays/","Footlong Trays","Buying guides","footer","200",""
"https://hotdogtrays.com/","https://hotdogtrays.com/hot-dog-tray-material-guide/","Material Guide","Buying guides","footer","200",""
"https://hotdogtrays.com/","https://hotdogtrays.com/hot-dog-containers-to-go/","Containers To Go","Buying guides","footer","200",""
"https://hotdogtrays.com/","https://hotdogtrays.com/hot-dog-trays-in-bulk/","Buying in Bulk","Buying guides","footer","200",""
"https://hotdogtrays.com/","https://hotdogtrays.com/hot-dog-trays-for-food-trucks/","For Food Trucks","Buying guides","footer","200",""
"https://hotdogtrays.com/","https://hotdogtrays.com/hot-dog-trays-for-concession-stands/","For Concessions","Buying guides","footer","200",""
"https://hotdogtrays.com/","https://hotdogtrays.com/hot-dog-trays-for-catering/","For Catering","Buying guides","footer","200",""
"https://hotdogtrays.com/","https://hotdogtrays.com/paper-vs-plastic-hot-dog-trays/","Paper vs Plastic","Buying guides","footer","200",""
"https://hotdogtrays.com/","https://hotdogtrays.com/hot-dog-trays-vs-paper-boats/","Trays vs Boats","Buying guides","footer","200",""
"https://hotdogtrays.com/","https://hotdogtrays.com/","HotDogTrays.com","Buying guides","footer","200",""
"https://hotdogtrays.com/paper-vs-plastic-hot-dog-trays/","https://hotdogtrays.com/","🌭 HotDogTrays Premium Wholesale Trays","(page top)","navigation","200",""
"https://hotdogtrays.com/paper-vs-plastic-hot-dog-trays/","https://hotdogtrays.com/shop/","All Products ▼","(page top)","navigation","200",""
"https://hotdogtrays.com/paper-vs-plastic-hot-dog-trays/","https://hotdogtrays.com/product/hot-dog-serving-tray/","Hot Dog Serving Tray","(page top)","navigation","200",""
"https://hotdogtrays.com/paper-vs-plastic-hot-dog-trays/","https://hotdogtrays.com/product/hot-dog-food-tray/","Hot Dog Food Tray","(page top)","navigation","200",""
"https://hotdogtrays.com/paper-vs-plastic-hot-dog-trays/","https://hotdogtrays.com/product/hot-dog-plates/","Hot Dog Plates","(page top)","navigation","200",""
"https://hotdogtrays.com/paper-vs-plastic-hot-dog-trays/","https://hotdogtrays.com/product/paper-hot-dog-trays/","Paper Hot Dog Trays","(page top)","navigation","200",""
"https://hotdogtrays.com/paper-vs-plastic-hot-dog-trays/","https://hotdogtrays.com/product/hot-dog-paper-holders/","Hot Dog Paper Holders","(page top)","navigation","200",""
"https://hotdogtrays.com/paper-vs-plastic-hot-dog-trays/","https://hotdogtrays.com/product/disposable-hot-dog-trays/","Disposable Hot Dog Trays","(page top)","navigation","200",""
"https://hotdogtrays.com/paper-vs-plastic-hot-dog-trays/","https://hotdogtrays.com/product/hot-dog-boats-paper/","Hot Dog Boats Paper","(page top)","navigation","200",""
"https://hotdogtrays.com/paper-vs-plastic-hot-dog-trays/","https://hotdogtrays.com/product/plastic-hot-dog-trays/","Plastic Hot Dog Trays","(page top)","navigation","200",""
"https://hotdogtrays.com/paper-vs-plastic-hot-dog-trays/","https://hotdogtrays.com/product/hot-dog-container-paper/","Hot Dog Container Paper","(page top)","navigation","200",""
"https://hotdogtrays.com/paper-vs-plastic-hot-dog-trays/","https://hotdogtrays.com/product/cardboard-hot-dog-holders/","Cardboard Hot Dog Holders","(page top)","navigation","200",""
"https://hotdogtrays.com/paper-vs-plastic-hot-dog-trays/","https://hotdogtrays.com/product/disposable-hot-dog-holders/","Disposable Hot Dog Holders","(page top)","navigation","200",""
"https://hotdogtrays.com/paper-vs-plastic-hot-dog-trays/","https://hotdogtrays.com/product/cardboard-hot-dog-trays/","Cardboard Hot Dog Trays","(page top)","navigation","200",""
"https://hotdogtrays.com/paper-vs-plastic-hot-dog-trays/","https://hotdogtrays.com/product/red-and-white-hot-dog-trays/","Red and White Hot Dog Trays","(page top)","navigation","200",""
"https://hotdogtrays.com/paper-vs-plastic-hot-dog-trays/","https://hotdogtrays.com/product/kraft-hot-dog-tray/","Kraft Hot Dog Tray","(page top)","navigation","200",""
"https://hotdogtrays.com/paper-vs-plastic-hot-dog-trays/","https://hotdogtrays.com/about/","About Us","(page top)","navigation","200",""
"https://hotdogtrays.com/paper-vs-plastic-hot-dog-trays/","https://hotdogtrays.com/contact/","Contact","(page top)","navigation","200",""
"https://hotdogtrays.com/paper-vs-plastic-hot-dog-trays/","https://hotdogtrays.com/get-quote/","Get Free Quote","(page top)","navigation","200",""
"https://hotdogtrays.com/paper-vs-plastic-hot-dog-trays/","https://hotdogtrays.com/shop/","All Products","(page top)","navigation","200",""
"https://hotdogtrays.com/paper-vs-plastic-hot-dog-trays/","https://hotdogtrays.com/","Home","(page top)","breadcrumb","200",""
"https://hotdogtrays.com/paper-vs-plastic-hot-dog-trays/","https://hotdogtrays.com/shop/","Shop","(page top)","breadcrumb","200",""
"https://hotdogtrays.com/paper-vs-plastic-hot-dog-trays/","https://hotdogtrays.com/product/plastic-hot-dog-trays/","a rigid tray format","Strength and how each material fails","contextual","200",""
"https://hotdogtrays.com/paper-vs-plastic-hot-dog-trays/","https://hotdogtrays.com/hot-dog-trays-in-bulk/","ordering volume against available space","Storage, handling and cost over time","contextual","200",""
"https://hotdogtrays.com/paper-vs-plastic-hot-dog-trays/","https://hotdogtrays.com/product/paper-hot-dog-trays/","fibre tray options","Disposal, without the marketing","contextual","200",""
"https://hotdogtrays.com/paper-vs-plastic-hot-dog-trays/","https://hotdogtrays.com/privacy-policy/","Privacy Policy","Get pricing in 2 hours","contextual","200",""
"https://hotdogtrays.com/paper-vs-plastic-hot-dog-trays/","https://hotdogtrays.com/product/plastic-hot-dog-trays/","Get Free Quote for Plastic Hot Dog Trays","Plastic Hot Dog Trays","related-product","200",""
"https://hotdogtrays.com/paper-vs-plastic-hot-dog-trays/","https://hotdogtrays.com/product/paper-hot-dog-trays/","Get Free Quote for Paper Hot Dog Trays","Paper Hot Dog Trays","related-product","200",""
"https://hotdogtrays.com/paper-vs-plastic-hot-dog-trays/","https://hotdogtrays.com/product/cardboard-hot-dog-trays/","Get Free Quote for Cardboard Hot Dog Trays","Cardboard Hot Dog Trays","related-product","200",""
"https://hotdogtrays.com/paper-vs-plastic-hot-dog-trays/","https://hotdogtrays.com/product/hot-dog-container-paper/","Get Free Quote for Hot Dog Container Paper","Hot Dog Container Paper","related-product","200",""
"https://hotdogtrays.com/paper-vs-plastic-hot-dog-trays/","https://hotdogtrays.com/faq/","FAQ","Quick Links","footer","200",""
"https://hotdogtrays.com/paper-vs-plastic-hot-dog-trays/","https://hotdogtrays.com/shipping/","Shipping Info","Quick Links","footer","200",""
"https://hotdogtrays.com/paper-vs-plastic-hot-dog-trays/","https://hotdogtrays.com/terms-conditions/","Terms & Conditions","Quick Links","footer","200",""
"https://hotdogtrays.com/paper-vs-plastic-hot-dog-trays/","https://hotdogtrays.com/hot-dog-tray-sizes/","Tray Sizes","Buying guides","footer","200",""
"https://hotdogtrays.com/paper-vs-plastic-hot-dog-trays/","https://hotdogtrays.com/footlong-hot-dog-trays/","Footlong Trays","Buying guides","footer","200",""
"https://hotdogtrays.com/paper-vs-plastic-hot-dog-trays/","https://hotdogtrays.com/hot-dog-tray-material-guide/","Material Guide","Buying guides","footer","200",""
"https://hotdogtrays.com/paper-vs-plastic-hot-dog-trays/","https://hotdogtrays.com/hot-dog-containers-to-go/","Containers To Go","Buying guides","footer","200",""
"https://hotdogtrays.com/paper-vs-plastic-hot-dog-trays/","https://hotdogtrays.com/hot-dog-trays-in-bulk/","Buying in Bulk","Buying guides","footer","200",""
"https://hotdogtrays.com/paper-vs-plastic-hot-dog-trays/","https://hotdogtrays.com/hot-dog-trays-for-food-trucks/","For Food Trucks","Buying guides","footer","200",""
"https://hotdogtrays.com/paper-vs-plastic-hot-dog-trays/","https://hotdogtrays.com/hot-dog-trays-for-concession-stands/","For Concessions","Buying guides","footer","200",""
"https://hotdogtrays.com/paper-vs-plastic-hot-dog-trays/","https://hotdogtrays.com/hot-dog-trays-for-catering/","For Catering","Buying guides","footer","200",""
"https://hotdogtrays.com/paper-vs-plastic-hot-dog-trays/","https://hotdogtrays.com/paper-vs-plastic-hot-dog-trays/","Paper vs Plastic","Buying guides","footer","200",""
"https://hotdogtrays.com/paper-vs-plastic-hot-dog-trays/","https://hotdogtrays.com/hot-dog-trays-vs-paper-boats/","Trays vs Boats","Buying guides","footer","200",""
"https://hotdogtrays.com/paper-vs-plastic-hot-dog-trays/","https://hotdogtrays.com/","HotDogTrays.com","Buying guides","footer","200",""
"https://hotdogtrays.com/privacy-policy/","https://hotdogtrays.com/","🌭 HotDogTrays Premium Wholesale Trays","(page top)","navigation","200",""
"https://hotdogtrays.com/privacy-policy/","https://hotdogtrays.com/shop/","All Products ▼","(page top)","navigation","200",""
"https://hotdogtrays.com/privacy-policy/","https://hotdogtrays.com/product/hot-dog-serving-tray/","Hot Dog Serving Tray","(page top)","navigation","200",""
"https://hotdogtrays.com/privacy-policy/","https://hotdogtrays.com/product/hot-dog-food-tray/","Hot Dog Food Tray","(page top)","navigation","200",""
"https://hotdogtrays.com/privacy-policy/","https://hotdogtrays.com/product/hot-dog-plates/","Hot Dog Plates","(page top)","navigation","200",""
"https://hotdogtrays.com/privacy-policy/","https://hotdogtrays.com/product/paper-hot-dog-trays/","Paper Hot Dog Trays","(page top)","navigation","200",""
"https://hotdogtrays.com/privacy-policy/","https://hotdogtrays.com/product/hot-dog-paper-holders/","Hot Dog Paper Holders","(page top)","navigation","200",""
"https://hotdogtrays.com/privacy-policy/","https://hotdogtrays.com/product/disposable-hot-dog-trays/","Disposable Hot Dog Trays","(page top)","navigation","200",""
"https://hotdogtrays.com/privacy-policy/","https://hotdogtrays.com/product/hot-dog-boats-paper/","Hot Dog Boats Paper","(page top)","navigation","200",""
"https://hotdogtrays.com/privacy-policy/","https://hotdogtrays.com/product/plastic-hot-dog-trays/","Plastic Hot Dog Trays","(page top)","navigation","200",""
"https://hotdogtrays.com/privacy-policy/","https://hotdogtrays.com/product/hot-dog-container-paper/","Hot Dog Container Paper","(page top)","navigation","200",""
"https://hotdogtrays.com/privacy-policy/","https://hotdogtrays.com/product/cardboard-hot-dog-holders/","Cardboard Hot Dog Holders","(page top)","navigation","200",""
"https://hotdogtrays.com/privacy-policy/","https://hotdogtrays.com/product/disposable-hot-dog-holders/","Disposable Hot Dog Holders","(page top)","navigation","200",""
"https://hotdogtrays.com/privacy-policy/","https://hotdogtrays.com/product/cardboard-hot-dog-trays/","Cardboard Hot Dog Trays","(page top)","navigation","200",""
"https://hotdogtrays.com/privacy-policy/","https://hotdogtrays.com/product/red-and-white-hot-dog-trays/","Red and White Hot Dog Trays","(page top)","navigation","200",""
"https://hotdogtrays.com/privacy-policy/","https://hotdogtrays.com/product/kraft-hot-dog-tray/","Kraft Hot Dog Tray","(page top)","navigation","200",""
"https://hotdogtrays.com/privacy-policy/","https://hotdogtrays.com/about/","About Us","(page top)","navigation","200",""
"https://hotdogtrays.com/privacy-policy/","https://hotdogtrays.com/contact/","Contact","(page top)","navigation","200",""
"https://hotdogtrays.com/privacy-policy/","https://hotdogtrays.com/get-quote/","Get Free Quote","(page top)","navigation","200",""
"https://hotdogtrays.com/privacy-policy/","https://hotdogtrays.com/shop/","All Products","(page top)","navigation","200",""
"https://hotdogtrays.com/privacy-policy/","https://hotdogtrays.com/","Home","(page top)","breadcrumb","200",""
"https://hotdogtrays.com/privacy-policy/","https://hotdogtrays.com/?utm_source=chatgpt.com","https://hotdogtrays.com/","Contact Information","contextual","200",""
"https://hotdogtrays.com/privacy-policy/","https://hotdogtrays.com/faq/","FAQ","Quick Links","footer","200",""
"https://hotdogtrays.com/privacy-policy/","https://hotdogtrays.com/shipping/","Shipping Info","Quick Links","footer","200",""
"https://hotdogtrays.com/privacy-policy/","https://hotdogtrays.com/privacy-policy/","Privacy Policy","Quick Links","footer","200",""
"https://hotdogtrays.com/privacy-policy/","https://hotdogtrays.com/terms-conditions/","Terms & Conditions","Quick Links","footer","200",""
"https://hotdogtrays.com/privacy-policy/","https://hotdogtrays.com/hot-dog-tray-sizes/","Tray Sizes","Buying guides","footer","200",""
"https://hotdogtrays.com/privacy-policy/","https://hotdogtrays.com/footlong-hot-dog-trays/","Footlong Trays","Buying guides","footer","200",""
"https://hotdogtrays.com/privacy-policy/","https://hotdogtrays.com/hot-dog-tray-material-guide/","Material Guide","Buying guides","footer","200",""
"https://hotdogtrays.com/privacy-policy/","https://hotdogtrays.com/hot-dog-containers-to-go/","Containers To Go","Buying guides","footer","200",""
"https://hotdogtrays.com/privacy-policy/","https://hotdogtrays.com/hot-dog-trays-in-bulk/","Buying in Bulk","Buying guides","footer","200",""
"https://hotdogtrays.com/privacy-policy/","https://hotdogtrays.com/hot-dog-trays-for-food-trucks/","For Food Trucks","Buying guides","footer","200",""
"https://hotdogtrays.com/privacy-policy/","https://hotdogtrays.com/hot-dog-trays-for-concession-stands/","For Concessions","Buying guides","footer","200",""
"https://hotdogtrays.com/privacy-policy/","https://hotdogtrays.com/hot-dog-trays-for-catering/","For Catering","Buying guides","footer","200",""
"https://hotdogtrays.com/privacy-policy/","https://hotdogtrays.com/paper-vs-plastic-hot-dog-trays/","Paper vs Plastic","Buying guides","footer","200",""
"https://hotdogtrays.com/privacy-policy/","https://hotdogtrays.com/hot-dog-trays-vs-paper-boats/","Trays vs Boats","Buying guides","footer","200",""
"https://hotdogtrays.com/privacy-policy/","https://hotdogtrays.com/","HotDogTrays.com","Buying guides","footer","200",""
"https://hotdogtrays.com/product/cardboard-hot-dog-holders/","https://hotdogtrays.com/","🌭 HotDogTrays Premium Wholesale Trays","(page top)","navigation","200",""
"https://hotdogtrays.com/product/cardboard-hot-dog-holders/","https://hotdogtrays.com/shop/","All Products ▼","(page top)","navigation","200",""
"https://hotdogtrays.com/product/cardboard-hot-dog-holders/","https://hotdogtrays.com/product/hot-dog-serving-tray/","Hot Dog Serving Tray","(page top)","navigation","200",""
"https://hotdogtrays.com/product/cardboard-hot-dog-holders/","https://hotdogtrays.com/product/hot-dog-food-tray/","Hot Dog Food Tray","(page top)","navigation","200",""
"https://hotdogtrays.com/product/cardboard-hot-dog-holders/","https://hotdogtrays.com/product/hot-dog-plates/","Hot Dog Plates","(page top)","navigation","200",""
"https://hotdogtrays.com/product/cardboard-hot-dog-holders/","https://hotdogtrays.com/product/paper-hot-dog-trays/","Paper Hot Dog Trays","(page top)","navigation","200",""
"https://hotdogtrays.com/product/cardboard-hot-dog-holders/","https://hotdogtrays.com/product/hot-dog-paper-holders/","Hot Dog Paper Holders","(page top)","navigation","200",""
"https://hotdogtrays.com/product/cardboard-hot-dog-holders/","https://hotdogtrays.com/product/disposable-hot-dog-trays/","Disposable Hot Dog Trays","(page top)","navigation","200",""
"https://hotdogtrays.com/product/cardboard-hot-dog-holders/","https://hotdogtrays.com/product/hot-dog-boats-paper/","Hot Dog Boats Paper","(page top)","navigation","200",""
"https://hotdogtrays.com/product/cardboard-hot-dog-holders/","https://hotdogtrays.com/product/plastic-hot-dog-trays/","Plastic Hot Dog Trays","(page top)","navigation","200",""
"https://hotdogtrays.com/product/cardboard-hot-dog-holders/","https://hotdogtrays.com/product/hot-dog-container-paper/","Hot Dog Container Paper","(page top)","navigation","200",""
"https://hotdogtrays.com/product/cardboard-hot-dog-holders/","https://hotdogtrays.com/product/cardboard-hot-dog-holders/","Cardboard Hot Dog Holders","(page top)","navigation","200",""
"https://hotdogtrays.com/product/cardboard-hot-dog-holders/","https://hotdogtrays.com/product/disposable-hot-dog-holders/","Disposable Hot Dog Holders","(page top)","navigation","200",""
"https://hotdogtrays.com/product/cardboard-hot-dog-holders/","https://hotdogtrays.com/product/cardboard-hot-dog-trays/","Cardboard Hot Dog Trays","(page top)","navigation","200",""
"https://hotdogtrays.com/product/cardboard-hot-dog-holders/","https://hotdogtrays.com/product/red-and-white-hot-dog-trays/","Red and White Hot Dog Trays","(page top)","navigation","200",""
"https://hotdogtrays.com/product/cardboard-hot-dog-holders/","https://hotdogtrays.com/product/kraft-hot-dog-tray/","Kraft Hot Dog Tray","(page top)","navigation","200",""
"https://hotdogtrays.com/product/cardboard-hot-dog-holders/","https://hotdogtrays.com/about/","About Us","(page top)","navigation","200",""
"https://hotdogtrays.com/product/cardboard-hot-dog-holders/","https://hotdogtrays.com/contact/","Contact","(page top)","navigation","200",""
"https://hotdogtrays.com/product/cardboard-hot-dog-holders/","https://hotdogtrays.com/get-quote/","Get Free Quote","(page top)","navigation","200",""
"https://hotdogtrays.com/product/cardboard-hot-dog-holders/","https://hotdogtrays.com/shop/","All Products","(page top)","navigation","200",""
"https://hotdogtrays.com/product/cardboard-hot-dog-holders/","https://hotdogtrays.com/","Home","(page top)","breadcrumb","200",""
"https://hotdogtrays.com/product/cardboard-hot-dog-holders/","https://hotdogtrays.com/shop/","Shop","(page top)","breadcrumb","200",""
"https://hotdogtrays.com/product/cardboard-hot-dog-holders/","https://hotdogtrays.com/shop/","Products","Cardboard Hot Dog Holders","contextual","200",""
"https://hotdogtrays.com/product/cardboard-hot-dog-holders/","https://hotdogtrays.com/privacy-policy/","Privacy Policy","Get pricing in 2 hours","contextual","200",""
"https://hotdogtrays.com/product/cardboard-hot-dog-holders/","https://hotdogtrays.com/hot-dog-trays-for-concession-stands/","pre-staging before a rush","Before you order","contextual","200",""
"https://hotdogtrays.com/product/cardboard-hot-dog-holders/","https://hotdogtrays.com/shop/","cardboard holder range","Cardboard Hot Dog Holders For Secure Food Handling","contextual","200",""
"https://hotdogtrays.com/product/cardboard-hot-dog-holders/","https://hotdogtrays.com/product/disposable-hot-dog-holders/","disposable holders","Material Composition And Food Safety Standards","contextual","200",""
"https://hotdogtrays.com/product/cardboard-hot-dog-holders/","https://hotdogtrays.com/product/hot-dog-paper-holders/","paper holder styles","Customisation Options For Hot Dog Holders","contextual","200",""
"https://hotdogtrays.com/product/cardboard-hot-dog-holders/","https://hotdogtrays.com/product/cardboard-hot-dog-trays/","cardboard trays","Size Options And Capacity Range","contextual","200",""
"https://hotdogtrays.com/product/cardboard-hot-dog-holders/","https://hotdogtrays.com/get-quote/","Get Free Design Quote →","Free Professional Design Service","contextual","200",""
"https://hotdogtrays.com/product/cardboard-hot-dog-holders/","https://hotdogtrays.com/get-quote/","Get Industry Quote","Join Thousands of Satisfied Businesses","contextual","200",""
"https://hotdogtrays.com/product/cardboard-hot-dog-holders/","https://hotdogtrays.com/contact/","contact us","Frequently Asked Questions","contextual","200",""
"https://hotdogtrays.com/product/cardboard-hot-dog-holders/","https://hotdogtrays.com/terms-conditions/","Returns & Refunds Policy","Frequently Asked Questions","contextual","200",""
"https://hotdogtrays.com/product/cardboard-hot-dog-holders/","https://hotdogtrays.com/get-quote/","Request a quote","Frequently Asked Questions","contextual","200",""
"https://hotdogtrays.com/product/cardboard-hot-dog-holders/","https://hotdogtrays.com/contact/","Contact Support","Still Have Questions?","contextual","200",""
"https://hotdogtrays.com/product/cardboard-hot-dog-holders/","https://hotdogtrays.com/get-quote/","Order Risk-Free Today","Print Approval Before Production","contextual","200",""
"https://hotdogtrays.com/product/cardboard-hot-dog-holders/","https://hotdogtrays.com/product/disposable-hot-dog-holders/","Get Free Quote for Disposable Hot Dog Holders","Disposable Hot Dog Holders","related-product","200",""
"https://hotdogtrays.com/product/cardboard-hot-dog-holders/","https://hotdogtrays.com/product/cardboard-hot-dog-trays/","Get Free Quote for Cardboard Hot Dog Trays","Cardboard Hot Dog Trays","related-product","200",""
"https://hotdogtrays.com/product/cardboard-hot-dog-holders/","https://hotdogtrays.com/product/red-and-white-hot-dog-trays/","Get Free Quote for Red and White Hot Dog Trays","Red and White Hot Dog Trays","related-product","200",""
"https://hotdogtrays.com/product/cardboard-hot-dog-holders/","https://hotdogtrays.com/product/kraft-hot-dog-tray/","Get Free Quote for Kraft Hot Dog Tray","Kraft Hot Dog Tray","related-product","200",""
"https://hotdogtrays.com/product/cardboard-hot-dog-holders/","https://hotdogtrays.com/faq/","FAQ","Quick Links","footer","200",""
"https://hotdogtrays.com/product/cardboard-hot-dog-holders/","https://hotdogtrays.com/shipping/","Shipping Info","Quick Links","footer","200",""
"https://hotdogtrays.com/product/cardboard-hot-dog-holders/","https://hotdogtrays.com/terms-conditions/","Terms & Conditions","Quick Links","footer","200",""
"https://hotdogtrays.com/product/cardboard-hot-dog-holders/","https://hotdogtrays.com/hot-dog-tray-sizes/","Tray Sizes","Buying guides","footer","200",""
"https://hotdogtrays.com/product/cardboard-hot-dog-holders/","https://hotdogtrays.com/footlong-hot-dog-trays/","Footlong Trays","Buying guides","footer","200",""
"https://hotdogtrays.com/product/cardboard-hot-dog-holders/","https://hotdogtrays.com/hot-dog-tray-material-guide/","Material Guide","Buying guides","footer","200",""
"https://hotdogtrays.com/product/cardboard-hot-dog-holders/","https://hotdogtrays.com/hot-dog-containers-to-go/","Containers To Go","Buying guides","footer","200",""
"https://hotdogtrays.com/product/cardboard-hot-dog-holders/","https://hotdogtrays.com/hot-dog-trays-in-bulk/","Buying in Bulk","Buying guides","footer","200",""
"https://hotdogtrays.com/product/cardboard-hot-dog-holders/","https://hotdogtrays.com/hot-dog-trays-for-food-trucks/","For Food Trucks","Buying guides","footer","200",""
"https://hotdogtrays.com/product/cardboard-hot-dog-holders/","https://hotdogtrays.com/hot-dog-trays-for-concession-stands/","For Concessions","Buying guides","footer","200",""
"https://hotdogtrays.com/product/cardboard-hot-dog-holders/","https://hotdogtrays.com/hot-dog-trays-for-catering/","For Catering","Buying guides","footer","200",""
"https://hotdogtrays.com/product/cardboard-hot-dog-holders/","https://hotdogtrays.com/paper-vs-plastic-hot-dog-trays/","Paper vs Plastic","Buying guides","footer","200",""
"https://hotdogtrays.com/product/cardboard-hot-dog-holders/","https://hotdogtrays.com/hot-dog-trays-vs-paper-boats/","Trays vs Boats","Buying guides","footer","200",""
"https://hotdogtrays.com/product/cardboard-hot-dog-holders/","https://hotdogtrays.com/","HotDogTrays.com","Buying guides","footer","200",""
"https://hotdogtrays.com/product/cardboard-hot-dog-trays/","https://hotdogtrays.com/","🌭 HotDogTrays Premium Wholesale Trays","(page top)","navigation","200",""
"https://hotdogtrays.com/product/cardboard-hot-dog-trays/","https://hotdogtrays.com/shop/","All Products ▼","(page top)","navigation","200",""
"https://hotdogtrays.com/product/cardboard-hot-dog-trays/","https://hotdogtrays.com/product/hot-dog-serving-tray/","Hot Dog Serving Tray","(page top)","navigation","200",""
"https://hotdogtrays.com/product/cardboard-hot-dog-trays/","https://hotdogtrays.com/product/hot-dog-food-tray/","Hot Dog Food Tray","(page top)","navigation","200",""
"https://hotdogtrays.com/product/cardboard-hot-dog-trays/","https://hotdogtrays.com/product/hot-dog-plates/","Hot Dog Plates","(page top)","navigation","200",""
"https://hotdogtrays.com/product/cardboard-hot-dog-trays/","https://hotdogtrays.com/product/paper-hot-dog-trays/","Paper Hot Dog Trays","(page top)","navigation","200",""
"https://hotdogtrays.com/product/cardboard-hot-dog-trays/","https://hotdogtrays.com/product/hot-dog-paper-holders/","Hot Dog Paper Holders","(page top)","navigation","200",""
"https://hotdogtrays.com/product/cardboard-hot-dog-trays/","https://hotdogtrays.com/product/disposable-hot-dog-trays/","Disposable Hot Dog Trays","(page top)","navigation","200",""
"https://hotdogtrays.com/product/cardboard-hot-dog-trays/","https://hotdogtrays.com/product/hot-dog-boats-paper/","Hot Dog Boats Paper","(page top)","navigation","200",""
"https://hotdogtrays.com/product/cardboard-hot-dog-trays/","https://hotdogtrays.com/product/plastic-hot-dog-trays/","Plastic Hot Dog Trays","(page top)","navigation","200",""
"https://hotdogtrays.com/product/cardboard-hot-dog-trays/","https://hotdogtrays.com/product/hot-dog-container-paper/","Hot Dog Container Paper","(page top)","navigation","200",""
"https://hotdogtrays.com/product/cardboard-hot-dog-trays/","https://hotdogtrays.com/product/cardboard-hot-dog-holders/","Cardboard Hot Dog Holders","(page top)","navigation","200",""
"https://hotdogtrays.com/product/cardboard-hot-dog-trays/","https://hotdogtrays.com/product/disposable-hot-dog-holders/","Disposable Hot Dog Holders","(page top)","navigation","200",""
"https://hotdogtrays.com/product/cardboard-hot-dog-trays/","https://hotdogtrays.com/product/cardboard-hot-dog-trays/","Cardboard Hot Dog Trays","(page top)","navigation","200",""
"https://hotdogtrays.com/product/cardboard-hot-dog-trays/","https://hotdogtrays.com/product/red-and-white-hot-dog-trays/","Red and White Hot Dog Trays","(page top)","navigation","200",""
"https://hotdogtrays.com/product/cardboard-hot-dog-trays/","https://hotdogtrays.com/product/kraft-hot-dog-tray/","Kraft Hot Dog Tray","(page top)","navigation","200",""
"https://hotdogtrays.com/product/cardboard-hot-dog-trays/","https://hotdogtrays.com/about/","About Us","(page top)","navigation","200",""
"https://hotdogtrays.com/product/cardboard-hot-dog-trays/","https://hotdogtrays.com/contact/","Contact","(page top)","navigation","200",""
"https://hotdogtrays.com/product/cardboard-hot-dog-trays/","https://hotdogtrays.com/get-quote/","Get Free Quote","(page top)","navigation","200",""
"https://hotdogtrays.com/product/cardboard-hot-dog-trays/","https://hotdogtrays.com/shop/","All Products","(page top)","navigation","200",""
"https://hotdogtrays.com/product/cardboard-hot-dog-trays/","https://hotdogtrays.com/","Home","(page top)","breadcrumb","200",""
"https://hotdogtrays.com/product/cardboard-hot-dog-trays/","https://hotdogtrays.com/shop/","Shop","(page top)","breadcrumb","200",""
"https://hotdogtrays.com/product/cardboard-hot-dog-trays/","https://hotdogtrays.com/shop/","Products","Cardboard Hot Dog Trays","contextual","200",""
"https://hotdogtrays.com/product/cardboard-hot-dog-trays/","https://hotdogtrays.com/privacy-policy/","Privacy Policy","Get pricing in 2 hours","contextual","200",""
"https://hotdogtrays.com/product/cardboard-hot-dog-trays/","https://hotdogtrays.com/footlong-hot-dog-trays/","longer trays are specified differently","Before you order","contextual","200",""
"https://hotdogtrays.com/product/cardboard-hot-dog-trays/","https://hotdogtrays.com/shop/","cardboard tray range","Cardboard Hot Dog Trays For Clean Food Serving","contextual","200",""
"https://hotdogtrays.com/product/cardboard-hot-dog-trays/","https://hotdogtrays.com/product/kraft-hot-dog-tray/","kraft tray option","Structured Tray Design With Stable Food Support","contextual","200",""
"https://hotdogtrays.com/product/cardboard-hot-dog-trays/","https://hotdogtrays.com/product/red-and-white-hot-dog-trays/","classic printed trays","Material Composition For Food Safety And Strength","contextual","200",""
"https://hotdogtrays.com/product/cardboard-hot-dog-trays/","https://hotdogtrays.com/product/hot-dog-serving-tray/","serving tray format","Customisation And Design Options For Trays","contextual","200",""
"https://hotdogtrays.com/product/cardboard-hot-dog-trays/","https://hotdogtrays.com/get-quote/","Get Free Design Quote →","Free Professional Design Service","contextual","200",""
"https://hotdogtrays.com/product/cardboard-hot-dog-trays/","https://hotdogtrays.com/get-quote/","Get Industry Quote","Join Thousands of Satisfied Businesses","contextual","200",""
"https://hotdogtrays.com/product/cardboard-hot-dog-trays/","https://hotdogtrays.com/contact/","contact us","Frequently Asked Questions","contextual","200",""
"https://hotdogtrays.com/product/cardboard-hot-dog-trays/","https://hotdogtrays.com/terms-conditions/","Returns & Refunds Policy","Frequently Asked Questions","contextual","200",""
"https://hotdogtrays.com/product/cardboard-hot-dog-trays/","https://hotdogtrays.com/get-quote/","Request a quote","Frequently Asked Questions","contextual","200",""
"https://hotdogtrays.com/product/cardboard-hot-dog-trays/","https://hotdogtrays.com/contact/","Contact Support","Still Have Questions?","contextual","200",""
"https://hotdogtrays.com/product/cardboard-hot-dog-trays/","https://hotdogtrays.com/get-quote/","Order Risk-Free Today","Print Approval Before Production","contextual","200",""
"https://hotdogtrays.com/product/cardboard-hot-dog-trays/","https://hotdogtrays.com/product/red-and-white-hot-dog-trays/","Get Free Quote for Red and White Hot Dog Trays","Red and White Hot Dog Trays","related-product","200",""
"https://hotdogtrays.com/product/cardboard-hot-dog-trays/","https://hotdogtrays.com/product/kraft-hot-dog-tray/","Get Free Quote for Kraft Hot Dog Tray","Kraft Hot Dog Tray","related-product","200",""
"https://hotdogtrays.com/product/cardboard-hot-dog-trays/","https://hotdogtrays.com/product/hot-dog-serving-tray/","Get Free Quote for Hot Dog Serving Tray","Hot Dog Serving Tray","related-product","200",""
"https://hotdogtrays.com/product/cardboard-hot-dog-trays/","https://hotdogtrays.com/product/hot-dog-food-tray/","Get Free Quote for Hot Dog Food Tray","Hot Dog Food Tray","related-product","200",""
"https://hotdogtrays.com/product/cardboard-hot-dog-trays/","https://hotdogtrays.com/faq/","FAQ","Quick Links","footer","200",""
"https://hotdogtrays.com/product/cardboard-hot-dog-trays/","https://hotdogtrays.com/shipping/","Shipping Info","Quick Links","footer","200",""
"https://hotdogtrays.com/product/cardboard-hot-dog-trays/","https://hotdogtrays.com/terms-conditions/","Terms & Conditions","Quick Links","footer","200",""
"https://hotdogtrays.com/product/cardboard-hot-dog-trays/","https://hotdogtrays.com/hot-dog-tray-sizes/","Tray Sizes","Buying guides","footer","200",""
"https://hotdogtrays.com/product/cardboard-hot-dog-trays/","https://hotdogtrays.com/footlong-hot-dog-trays/","Footlong Trays","Buying guides","footer","200",""
"https://hotdogtrays.com/product/cardboard-hot-dog-trays/","https://hotdogtrays.com/hot-dog-tray-material-guide/","Material Guide","Buying guides","footer","200",""
"https://hotdogtrays.com/product/cardboard-hot-dog-trays/","https://hotdogtrays.com/hot-dog-containers-to-go/","Containers To Go","Buying guides","footer","200",""
"https://hotdogtrays.com/product/cardboard-hot-dog-trays/","https://hotdogtrays.com/hot-dog-trays-in-bulk/","Buying in Bulk","Buying guides","footer","200",""
"https://hotdogtrays.com/product/cardboard-hot-dog-trays/","https://hotdogtrays.com/hot-dog-trays-for-food-trucks/","For Food Trucks","Buying guides","footer","200",""
"https://hotdogtrays.com/product/cardboard-hot-dog-trays/","https://hotdogtrays.com/hot-dog-trays-for-concession-stands/","For Concessions","Buying guides","footer","200",""
"https://hotdogtrays.com/product/cardboard-hot-dog-trays/","https://hotdogtrays.com/hot-dog-trays-for-catering/","For Catering","Buying guides","footer","200",""
"https://hotdogtrays.com/product/cardboard-hot-dog-trays/","https://hotdogtrays.com/paper-vs-plastic-hot-dog-trays/","Paper vs Plastic","Buying guides","footer","200",""
"https://hotdogtrays.com/product/cardboard-hot-dog-trays/","https://hotdogtrays.com/hot-dog-trays-vs-paper-boats/","Trays vs Boats","Buying guides","footer","200",""
"https://hotdogtrays.com/product/cardboard-hot-dog-trays/","https://hotdogtrays.com/","HotDogTrays.com","Buying guides","footer","200",""
"https://hotdogtrays.com/product/disposable-hot-dog-holders/","https://hotdogtrays.com/","🌭 HotDogTrays Premium Wholesale Trays","(page top)","navigation","200",""
"https://hotdogtrays.com/product/disposable-hot-dog-holders/","https://hotdogtrays.com/shop/","All Products ▼","(page top)","navigation","200",""
"https://hotdogtrays.com/product/disposable-hot-dog-holders/","https://hotdogtrays.com/product/hot-dog-serving-tray/","Hot Dog Serving Tray","(page top)","navigation","200",""
"https://hotdogtrays.com/product/disposable-hot-dog-holders/","https://hotdogtrays.com/product/hot-dog-food-tray/","Hot Dog Food Tray","(page top)","navigation","200",""
"https://hotdogtrays.com/product/disposable-hot-dog-holders/","https://hotdogtrays.com/product/hot-dog-plates/","Hot Dog Plates","(page top)","navigation","200",""
"https://hotdogtrays.com/product/disposable-hot-dog-holders/","https://hotdogtrays.com/product/paper-hot-dog-trays/","Paper Hot Dog Trays","(page top)","navigation","200",""
"https://hotdogtrays.com/product/disposable-hot-dog-holders/","https://hotdogtrays.com/product/hot-dog-paper-holders/","Hot Dog Paper Holders","(page top)","navigation","200",""
"https://hotdogtrays.com/product/disposable-hot-dog-holders/","https://hotdogtrays.com/product/disposable-hot-dog-trays/","Disposable Hot Dog Trays","(page top)","navigation","200",""
"https://hotdogtrays.com/product/disposable-hot-dog-holders/","https://hotdogtrays.com/product/hot-dog-boats-paper/","Hot Dog Boats Paper","(page top)","navigation","200",""
"https://hotdogtrays.com/product/disposable-hot-dog-holders/","https://hotdogtrays.com/product/plastic-hot-dog-trays/","Plastic Hot Dog Trays","(page top)","navigation","200",""
"https://hotdogtrays.com/product/disposable-hot-dog-holders/","https://hotdogtrays.com/product/hot-dog-container-paper/","Hot Dog Container Paper","(page top)","navigation","200",""
"https://hotdogtrays.com/product/disposable-hot-dog-holders/","https://hotdogtrays.com/product/cardboard-hot-dog-holders/","Cardboard Hot Dog Holders","(page top)","navigation","200",""
"https://hotdogtrays.com/product/disposable-hot-dog-holders/","https://hotdogtrays.com/product/disposable-hot-dog-holders/","Disposable Hot Dog Holders","(page top)","navigation","200",""
"https://hotdogtrays.com/product/disposable-hot-dog-holders/","https://hotdogtrays.com/product/cardboard-hot-dog-trays/","Cardboard Hot Dog Trays","(page top)","navigation","200",""
"https://hotdogtrays.com/product/disposable-hot-dog-holders/","https://hotdogtrays.com/product/red-and-white-hot-dog-trays/","Red and White Hot Dog Trays","(page top)","navigation","200",""
"https://hotdogtrays.com/product/disposable-hot-dog-holders/","https://hotdogtrays.com/product/kraft-hot-dog-tray/","Kraft Hot Dog Tray","(page top)","navigation","200",""
"https://hotdogtrays.com/product/disposable-hot-dog-holders/","https://hotdogtrays.com/about/","About Us","(page top)","navigation","200",""
"https://hotdogtrays.com/product/disposable-hot-dog-holders/","https://hotdogtrays.com/contact/","Contact","(page top)","navigation","200",""
"https://hotdogtrays.com/product/disposable-hot-dog-holders/","https://hotdogtrays.com/get-quote/","Get Free Quote","(page top)","navigation","200",""
"https://hotdogtrays.com/product/disposable-hot-dog-holders/","https://hotdogtrays.com/shop/","All Products","(page top)","navigation","200",""
"https://hotdogtrays.com/product/disposable-hot-dog-holders/","https://hotdogtrays.com/","Home","(page top)","breadcrumb","200",""
"https://hotdogtrays.com/product/disposable-hot-dog-holders/","https://hotdogtrays.com/shop/","Shop","(page top)","breadcrumb","200",""
"https://hotdogtrays.com/product/disposable-hot-dog-holders/","https://hotdogtrays.com/shop/","Products","Disposable Hot Dog Holders","contextual","200",""
"https://hotdogtrays.com/product/disposable-hot-dog-holders/","https://hotdogtrays.com/privacy-policy/","Privacy Policy","Get pricing in 2 hours","contextual","200",""
"https://hotdogtrays.com/product/disposable-hot-dog-holders/","https://hotdogtrays.com/hot-dog-trays-in-bulk/","setting a reorder point","Before you order","contextual","200",""
"https://hotdogtrays.com/product/disposable-hot-dog-holders/","https://hotdogtrays.com/shop/","disposable holder lineup","Disposable Hot Dog Holders For Easy Serving","contextual","200",""
"https://hotdogtrays.com/product/disposable-hot-dog-holders/","https://hotdogtrays.com/product/cardboard-hot-dog-holders/","cardboard holders","Material Composition And Food Safety","contextual","200",""
"https://hotdogtrays.com/product/disposable-hot-dog-holders/","https://hotdogtrays.com/product/hot-dog-paper-holders/","paper holders","Customisation Options For Disposable Hot Dog Holders","contextual","200",""
"https://hotdogtrays.com/product/disposable-hot-dog-holders/","https://hotdogtrays.com/product/disposable-hot-dog-trays/","disposable trays","Size Options And Capacity Range","contextual","200",""
"https://hotdogtrays.com/product/disposable-hot-dog-holders/","https://hotdogtrays.com/get-quote/","Get Free Design Quote →","Free Professional Design Service","contextual","200",""
"https://hotdogtrays.com/product/disposable-hot-dog-holders/","https://hotdogtrays.com/get-quote/","Get Industry Quote","Join Thousands of Satisfied Businesses","contextual","200",""
"https://hotdogtrays.com/product/disposable-hot-dog-holders/","https://hotdogtrays.com/contact/","contact us","Frequently Asked Questions","contextual","200",""
"https://hotdogtrays.com/product/disposable-hot-dog-holders/","https://hotdogtrays.com/terms-conditions/","Returns & Refunds Policy","Frequently Asked Questions","contextual","200",""
"https://hotdogtrays.com/product/disposable-hot-dog-holders/","https://hotdogtrays.com/get-quote/","Request a quote","Frequently Asked Questions","contextual","200",""
"https://hotdogtrays.com/product/disposable-hot-dog-holders/","https://hotdogtrays.com/contact/","Contact Support","Still Have Questions?","contextual","200",""
"https://hotdogtrays.com/product/disposable-hot-dog-holders/","https://hotdogtrays.com/get-quote/","Order Risk-Free Today","Print Approval Before Production","contextual","200",""
"https://hotdogtrays.com/product/disposable-hot-dog-holders/","https://hotdogtrays.com/product/cardboard-hot-dog-trays/","Get Free Quote for Cardboard Hot Dog Trays","Cardboard Hot Dog Trays","related-product","200",""
"https://hotdogtrays.com/product/disposable-hot-dog-holders/","https://hotdogtrays.com/product/red-and-white-hot-dog-trays/","Get Free Quote for Red and White Hot Dog Trays","Red and White Hot Dog Trays","related-product","200",""
"https://hotdogtrays.com/product/disposable-hot-dog-holders/","https://hotdogtrays.com/product/kraft-hot-dog-tray/","Get Free Quote for Kraft Hot Dog Tray","Kraft Hot Dog Tray","related-product","200",""
"https://hotdogtrays.com/product/disposable-hot-dog-holders/","https://hotdogtrays.com/product/hot-dog-serving-tray/","Get Free Quote for Hot Dog Serving Tray","Hot Dog Serving Tray","related-product","200",""
"https://hotdogtrays.com/product/disposable-hot-dog-holders/","https://hotdogtrays.com/faq/","FAQ","Quick Links","footer","200",""
"https://hotdogtrays.com/product/disposable-hot-dog-holders/","https://hotdogtrays.com/shipping/","Shipping Info","Quick Links","footer","200",""
"https://hotdogtrays.com/product/disposable-hot-dog-holders/","https://hotdogtrays.com/terms-conditions/","Terms & Conditions","Quick Links","footer","200",""
"https://hotdogtrays.com/product/disposable-hot-dog-holders/","https://hotdogtrays.com/hot-dog-tray-sizes/","Tray Sizes","Buying guides","footer","200",""
"https://hotdogtrays.com/product/disposable-hot-dog-holders/","https://hotdogtrays.com/footlong-hot-dog-trays/","Footlong Trays","Buying guides","footer","200",""
"https://hotdogtrays.com/product/disposable-hot-dog-holders/","https://hotdogtrays.com/hot-dog-tray-material-guide/","Material Guide","Buying guides","footer","200",""
"https://hotdogtrays.com/product/disposable-hot-dog-holders/","https://hotdogtrays.com/hot-dog-containers-to-go/","Containers To Go","Buying guides","footer","200",""
"https://hotdogtrays.com/product/disposable-hot-dog-holders/","https://hotdogtrays.com/hot-dog-trays-in-bulk/","Buying in Bulk","Buying guides","footer","200",""
"https://hotdogtrays.com/product/disposable-hot-dog-holders/","https://hotdogtrays.com/hot-dog-trays-for-food-trucks/","For Food Trucks","Buying guides","footer","200",""
"https://hotdogtrays.com/product/disposable-hot-dog-holders/","https://hotdogtrays.com/hot-dog-trays-for-concession-stands/","For Concessions","Buying guides","footer","200",""
"https://hotdogtrays.com/product/disposable-hot-dog-holders/","https://hotdogtrays.com/hot-dog-trays-for-catering/","For Catering","Buying guides","footer","200",""
"https://hotdogtrays.com/product/disposable-hot-dog-holders/","https://hotdogtrays.com/paper-vs-plastic-hot-dog-trays/","Paper vs Plastic","Buying guides","footer","200",""
"https://hotdogtrays.com/product/disposable-hot-dog-holders/","https://hotdogtrays.com/hot-dog-trays-vs-paper-boats/","Trays vs Boats","Buying guides","footer","200",""
"https://hotdogtrays.com/product/disposable-hot-dog-holders/","https://hotdogtrays.com/","HotDogTrays.com","Buying guides","footer","200",""
"https://hotdogtrays.com/product/disposable-hot-dog-trays/","https://hotdogtrays.com/","🌭 HotDogTrays Premium Wholesale Trays","(page top)","navigation","200",""
"https://hotdogtrays.com/product/disposable-hot-dog-trays/","https://hotdogtrays.com/shop/","All Products ▼","(page top)","navigation","200",""
"https://hotdogtrays.com/product/disposable-hot-dog-trays/","https://hotdogtrays.com/product/hot-dog-serving-tray/","Hot Dog Serving Tray","(page top)","navigation","200",""
"https://hotdogtrays.com/product/disposable-hot-dog-trays/","https://hotdogtrays.com/product/hot-dog-food-tray/","Hot Dog Food Tray","(page top)","navigation","200",""
"https://hotdogtrays.com/product/disposable-hot-dog-trays/","https://hotdogtrays.com/product/hot-dog-plates/","Hot Dog Plates","(page top)","navigation","200",""
"https://hotdogtrays.com/product/disposable-hot-dog-trays/","https://hotdogtrays.com/product/paper-hot-dog-trays/","Paper Hot Dog Trays","(page top)","navigation","200",""
"https://hotdogtrays.com/product/disposable-hot-dog-trays/","https://hotdogtrays.com/product/hot-dog-paper-holders/","Hot Dog Paper Holders","(page top)","navigation","200",""
"https://hotdogtrays.com/product/disposable-hot-dog-trays/","https://hotdogtrays.com/product/disposable-hot-dog-trays/","Disposable Hot Dog Trays","(page top)","navigation","200",""
"https://hotdogtrays.com/product/disposable-hot-dog-trays/","https://hotdogtrays.com/product/hot-dog-boats-paper/","Hot Dog Boats Paper","(page top)","navigation","200",""
"https://hotdogtrays.com/product/disposable-hot-dog-trays/","https://hotdogtrays.com/product/plastic-hot-dog-trays/","Plastic Hot Dog Trays","(page top)","navigation","200",""
"https://hotdogtrays.com/product/disposable-hot-dog-trays/","https://hotdogtrays.com/product/hot-dog-container-paper/","Hot Dog Container Paper","(page top)","navigation","200",""
"https://hotdogtrays.com/product/disposable-hot-dog-trays/","https://hotdogtrays.com/product/cardboard-hot-dog-holders/","Cardboard Hot Dog Holders","(page top)","navigation","200",""
"https://hotdogtrays.com/product/disposable-hot-dog-trays/","https://hotdogtrays.com/product/disposable-hot-dog-holders/","Disposable Hot Dog Holders","(page top)","navigation","200",""
"https://hotdogtrays.com/product/disposable-hot-dog-trays/","https://hotdogtrays.com/product/cardboard-hot-dog-trays/","Cardboard Hot Dog Trays","(page top)","navigation","200",""
"https://hotdogtrays.com/product/disposable-hot-dog-trays/","https://hotdogtrays.com/product/red-and-white-hot-dog-trays/","Red and White Hot Dog Trays","(page top)","navigation","200",""
"https://hotdogtrays.com/product/disposable-hot-dog-trays/","https://hotdogtrays.com/product/kraft-hot-dog-tray/","Kraft Hot Dog Tray","(page top)","navigation","200",""
"https://hotdogtrays.com/product/disposable-hot-dog-trays/","https://hotdogtrays.com/about/","About Us","(page top)","navigation","200",""
"https://hotdogtrays.com/product/disposable-hot-dog-trays/","https://hotdogtrays.com/contact/","Contact","(page top)","navigation","200",""
"https://hotdogtrays.com/product/disposable-hot-dog-trays/","https://hotdogtrays.com/get-quote/","Get Free Quote","(page top)","navigation","200",""
"https://hotdogtrays.com/product/disposable-hot-dog-trays/","https://hotdogtrays.com/shop/","All Products","(page top)","navigation","200",""
"https://hotdogtrays.com/product/disposable-hot-dog-trays/","https://hotdogtrays.com/","Home","(page top)","breadcrumb","200",""
"https://hotdogtrays.com/product/disposable-hot-dog-trays/","https://hotdogtrays.com/shop/","Shop","(page top)","breadcrumb","200",""
"https://hotdogtrays.com/product/disposable-hot-dog-trays/","https://hotdogtrays.com/shop/","Products","Disposable Hot Dog Trays","contextual","200",""
"https://hotdogtrays.com/product/disposable-hot-dog-trays/","https://hotdogtrays.com/privacy-policy/","Privacy Policy","Get pricing in 2 hours","contextual","200",""
"https://hotdogtrays.com/product/disposable-hot-dog-trays/","https://hotdogtrays.com/hot-dog-trays-for-concession-stands/","throughput at a busy counter","Before you order","contextual","200",""
"https://hotdogtrays.com/product/disposable-hot-dog-trays/","https://hotdogtrays.com/shop/","disposable serving range","Disposable Hot Dog Trays For Quick Serving Solutions","contextual","200",""
"https://hotdogtrays.com/product/disposable-hot-dog-trays/","https://hotdogtrays.com/product/paper-hot-dog-trays/","paper tray styles","Material Selection For Disposable Tray Production","contextual","200",""
"https://hotdogtrays.com/product/disposable-hot-dog-trays/","https://hotdogtrays.com/product/cardboard-hot-dog-trays/","firm cardboard trays","Customisation Options And Tray Variations","contextual","200",""
"https://hotdogtrays.com/product/disposable-hot-dog-trays/","https://hotdogtrays.com/product/hot-dog-food-tray/","food tray format","Performance And Food Handling Efficiency","contextual","200",""
"https://hotdogtrays.com/product/disposable-hot-dog-trays/","https://hotdogtrays.com/get-quote/","Get Free Design Quote →","Free Professional Design Service","contextual","200",""
"https://hotdogtrays.com/product/disposable-hot-dog-trays/","https://hotdogtrays.com/get-quote/","Get Industry Quote","Join Thousands of Satisfied Businesses","contextual","200",""
"https://hotdogtrays.com/product/disposable-hot-dog-trays/","https://hotdogtrays.com/contact/","contact us","Frequently Asked Questions","contextual","200",""
"https://hotdogtrays.com/product/disposable-hot-dog-trays/","https://hotdogtrays.com/terms-conditions/","Returns & Refunds Policy","Frequently Asked Questions","contextual","200",""
"https://hotdogtrays.com/product/disposable-hot-dog-trays/","https://hotdogtrays.com/get-quote/","Request a quote","Frequently Asked Questions","contextual","200",""
"https://hotdogtrays.com/product/disposable-hot-dog-trays/","https://hotdogtrays.com/contact/","Contact Support","Still Have Questions?","contextual","200",""
"https://hotdogtrays.com/product/disposable-hot-dog-trays/","https://hotdogtrays.com/get-quote/","Order Risk-Free Today","Print Approval Before Production","contextual","200",""
"https://hotdogtrays.com/product/disposable-hot-dog-trays/","https://hotdogtrays.com/product/hot-dog-boats-paper/","Get Free Quote for Hot Dog Boats Paper","Hot Dog Boats Paper","related-product","200",""
"https://hotdogtrays.com/product/disposable-hot-dog-trays/","https://hotdogtrays.com/product/plastic-hot-dog-trays/","Get Free Quote for Plastic Hot Dog Trays","Plastic Hot Dog Trays","related-product","200",""
"https://hotdogtrays.com/product/disposable-hot-dog-trays/","https://hotdogtrays.com/product/hot-dog-container-paper/","Get Free Quote for Hot Dog Container Paper","Hot Dog Container Paper","related-product","200",""
"https://hotdogtrays.com/product/disposable-hot-dog-trays/","https://hotdogtrays.com/product/cardboard-hot-dog-holders/","Get Free Quote for Cardboard Hot Dog Holders","Cardboard Hot Dog Holders","related-product","200",""
"https://hotdogtrays.com/product/disposable-hot-dog-trays/","https://hotdogtrays.com/faq/","FAQ","Quick Links","footer","200",""
"https://hotdogtrays.com/product/disposable-hot-dog-trays/","https://hotdogtrays.com/shipping/","Shipping Info","Quick Links","footer","200",""
"https://hotdogtrays.com/product/disposable-hot-dog-trays/","https://hotdogtrays.com/terms-conditions/","Terms & Conditions","Quick Links","footer","200",""
"https://hotdogtrays.com/product/disposable-hot-dog-trays/","https://hotdogtrays.com/hot-dog-tray-sizes/","Tray Sizes","Buying guides","footer","200",""
"https://hotdogtrays.com/product/disposable-hot-dog-trays/","https://hotdogtrays.com/footlong-hot-dog-trays/","Footlong Trays","Buying guides","footer","200",""
"https://hotdogtrays.com/product/disposable-hot-dog-trays/","https://hotdogtrays.com/hot-dog-tray-material-guide/","Material Guide","Buying guides","footer","200",""
"https://hotdogtrays.com/product/disposable-hot-dog-trays/","https://hotdogtrays.com/hot-dog-containers-to-go/","Containers To Go","Buying guides","footer","200",""
"https://hotdogtrays.com/product/disposable-hot-dog-trays/","https://hotdogtrays.com/hot-dog-trays-in-bulk/","Buying in Bulk","Buying guides","footer","200",""
"https://hotdogtrays.com/product/disposable-hot-dog-trays/","https://hotdogtrays.com/hot-dog-trays-for-food-trucks/","For Food Trucks","Buying guides","footer","200",""
"https://hotdogtrays.com/product/disposable-hot-dog-trays/","https://hotdogtrays.com/hot-dog-trays-for-concession-stands/","For Concessions","Buying guides","footer","200",""
"https://hotdogtrays.com/product/disposable-hot-dog-trays/","https://hotdogtrays.com/hot-dog-trays-for-catering/","For Catering","Buying guides","footer","200",""
"https://hotdogtrays.com/product/disposable-hot-dog-trays/","https://hotdogtrays.com/paper-vs-plastic-hot-dog-trays/","Paper vs Plastic","Buying guides","footer","200",""
"https://hotdogtrays.com/product/disposable-hot-dog-trays/","https://hotdogtrays.com/hot-dog-trays-vs-paper-boats/","Trays vs Boats","Buying guides","footer","200",""
"https://hotdogtrays.com/product/disposable-hot-dog-trays/","https://hotdogtrays.com/","HotDogTrays.com","Buying guides","footer","200",""
"https://hotdogtrays.com/product/hot-dog-boats-paper/","https://hotdogtrays.com/","🌭 HotDogTrays Premium Wholesale Trays","(page top)","navigation","200",""
"https://hotdogtrays.com/product/hot-dog-boats-paper/","https://hotdogtrays.com/shop/","All Products ▼","(page top)","navigation","200",""
"https://hotdogtrays.com/product/hot-dog-boats-paper/","https://hotdogtrays.com/product/hot-dog-serving-tray/","Hot Dog Serving Tray","(page top)","navigation","200",""
"https://hotdogtrays.com/product/hot-dog-boats-paper/","https://hotdogtrays.com/product/hot-dog-food-tray/","Hot Dog Food Tray","(page top)","navigation","200",""
"https://hotdogtrays.com/product/hot-dog-boats-paper/","https://hotdogtrays.com/product/hot-dog-plates/","Hot Dog Plates","(page top)","navigation","200",""
"https://hotdogtrays.com/product/hot-dog-boats-paper/","https://hotdogtrays.com/product/paper-hot-dog-trays/","Paper Hot Dog Trays","(page top)","navigation","200",""
"https://hotdogtrays.com/product/hot-dog-boats-paper/","https://hotdogtrays.com/product/hot-dog-paper-holders/","Hot Dog Paper Holders","(page top)","navigation","200",""
"https://hotdogtrays.com/product/hot-dog-boats-paper/","https://hotdogtrays.com/product/disposable-hot-dog-trays/","Disposable Hot Dog Trays","(page top)","navigation","200",""
"https://hotdogtrays.com/product/hot-dog-boats-paper/","https://hotdogtrays.com/product/hot-dog-boats-paper/","Hot Dog Boats Paper","(page top)","navigation","200",""
"https://hotdogtrays.com/product/hot-dog-boats-paper/","https://hotdogtrays.com/product/plastic-hot-dog-trays/","Plastic Hot Dog Trays","(page top)","navigation","200",""
"https://hotdogtrays.com/product/hot-dog-boats-paper/","https://hotdogtrays.com/product/hot-dog-container-paper/","Hot Dog Container Paper","(page top)","navigation","200",""
"https://hotdogtrays.com/product/hot-dog-boats-paper/","https://hotdogtrays.com/product/cardboard-hot-dog-holders/","Cardboard Hot Dog Holders","(page top)","navigation","200",""
"https://hotdogtrays.com/product/hot-dog-boats-paper/","https://hotdogtrays.com/product/disposable-hot-dog-holders/","Disposable Hot Dog Holders","(page top)","navigation","200",""
"https://hotdogtrays.com/product/hot-dog-boats-paper/","https://hotdogtrays.com/product/cardboard-hot-dog-trays/","Cardboard Hot Dog Trays","(page top)","navigation","200",""
"https://hotdogtrays.com/product/hot-dog-boats-paper/","https://hotdogtrays.com/product/red-and-white-hot-dog-trays/","Red and White Hot Dog Trays","(page top)","navigation","200",""
"https://hotdogtrays.com/product/hot-dog-boats-paper/","https://hotdogtrays.com/product/kraft-hot-dog-tray/","Kraft Hot Dog Tray","(page top)","navigation","200",""
"https://hotdogtrays.com/product/hot-dog-boats-paper/","https://hotdogtrays.com/about/","About Us","(page top)","navigation","200",""
"https://hotdogtrays.com/product/hot-dog-boats-paper/","https://hotdogtrays.com/contact/","Contact","(page top)","navigation","200",""
"https://hotdogtrays.com/product/hot-dog-boats-paper/","https://hotdogtrays.com/get-quote/","Get Free Quote","(page top)","navigation","200",""
"https://hotdogtrays.com/product/hot-dog-boats-paper/","https://hotdogtrays.com/shop/","All Products","(page top)","navigation","200",""
"https://hotdogtrays.com/product/hot-dog-boats-paper/","https://hotdogtrays.com/","Home","(page top)","breadcrumb","200",""
"https://hotdogtrays.com/product/hot-dog-boats-paper/","https://hotdogtrays.com/shop/","Shop","(page top)","breadcrumb","200",""
"https://hotdogtrays.com/product/hot-dog-boats-paper/","https://hotdogtrays.com/shop/","Products","Hot Dog Boats Paper","contextual","200",""
"https://hotdogtrays.com/product/hot-dog-boats-paper/","https://hotdogtrays.com/privacy-policy/","Privacy Policy","Get pricing in 2 hours","contextual","200",""
"https://hotdogtrays.com/product/hot-dog-boats-paper/","https://hotdogtrays.com/hot-dog-trays-vs-paper-boats/","how they hold the food","Before you order","contextual","200",""
"https://hotdogtrays.com/product/hot-dog-boats-paper/","https://hotdogtrays.com/shop/","boat tray collection","Paper Hot Dog Boats For Easy Food Serving","contextual","200",""
"https://hotdogtrays.com/product/hot-dog-boats-paper/","https://hotdogtrays.com/product/paper-hot-dog-trays/","paper tray formats","Strong Paper Structure For Food Holding Stability","contextual","200",""
"https://hotdogtrays.com/product/hot-dog-boats-paper/","https://hotdogtrays.com/product/kraft-hot-dog-tray/","kraft tray option","Food Safe Materials And Coating Options","contextual","200",""
"https://hotdogtrays.com/product/hot-dog-boats-paper/","https://hotdogtrays.com/product/hot-dog-serving-tray/","serving tray style","Design Variations And Customisation Options","contextual","200",""
"https://hotdogtrays.com/product/hot-dog-boats-paper/","https://hotdogtrays.com/get-quote/","Get Free Design Quote →","Free Professional Design Service","contextual","200",""
"https://hotdogtrays.com/product/hot-dog-boats-paper/","https://hotdogtrays.com/get-quote/","Get Industry Quote","Join Thousands of Satisfied Businesses","contextual","200",""
"https://hotdogtrays.com/product/hot-dog-boats-paper/","https://hotdogtrays.com/contact/","contact us","Frequently Asked Questions","contextual","200",""
"https://hotdogtrays.com/product/hot-dog-boats-paper/","https://hotdogtrays.com/terms-conditions/","Returns & Refunds Policy","Frequently Asked Questions","contextual","200",""
"https://hotdogtrays.com/product/hot-dog-boats-paper/","https://hotdogtrays.com/get-quote/","Request a quote","Frequently Asked Questions","contextual","200",""
"https://hotdogtrays.com/product/hot-dog-boats-paper/","https://hotdogtrays.com/contact/","Contact Support","Still Have Questions?","contextual","200",""
"https://hotdogtrays.com/product/hot-dog-boats-paper/","https://hotdogtrays.com/get-quote/","Order Risk-Free Today","Print Approval Before Production","contextual","200",""
"https://hotdogtrays.com/product/hot-dog-boats-paper/","https://hotdogtrays.com/product/plastic-hot-dog-trays/","Get Free Quote for Plastic Hot Dog Trays","Plastic Hot Dog Trays","related-product","200",""
"https://hotdogtrays.com/product/hot-dog-boats-paper/","https://hotdogtrays.com/product/hot-dog-container-paper/","Get Free Quote for Hot Dog Container Paper","Hot Dog Container Paper","related-product","200",""
"https://hotdogtrays.com/product/hot-dog-boats-paper/","https://hotdogtrays.com/product/cardboard-hot-dog-holders/","Get Free Quote for Cardboard Hot Dog Holders","Cardboard Hot Dog Holders","related-product","200",""
"https://hotdogtrays.com/product/hot-dog-boats-paper/","https://hotdogtrays.com/product/disposable-hot-dog-holders/","Get Free Quote for Disposable Hot Dog Holders","Disposable Hot Dog Holders","related-product","200",""
"https://hotdogtrays.com/product/hot-dog-boats-paper/","https://hotdogtrays.com/faq/","FAQ","Quick Links","footer","200",""
"https://hotdogtrays.com/product/hot-dog-boats-paper/","https://hotdogtrays.com/shipping/","Shipping Info","Quick Links","footer","200",""
"https://hotdogtrays.com/product/hot-dog-boats-paper/","https://hotdogtrays.com/terms-conditions/","Terms & Conditions","Quick Links","footer","200",""
"https://hotdogtrays.com/product/hot-dog-boats-paper/","https://hotdogtrays.com/hot-dog-tray-sizes/","Tray Sizes","Buying guides","footer","200",""
"https://hotdogtrays.com/product/hot-dog-boats-paper/","https://hotdogtrays.com/footlong-hot-dog-trays/","Footlong Trays","Buying guides","footer","200",""
"https://hotdogtrays.com/product/hot-dog-boats-paper/","https://hotdogtrays.com/hot-dog-tray-material-guide/","Material Guide","Buying guides","footer","200",""
"https://hotdogtrays.com/product/hot-dog-boats-paper/","https://hotdogtrays.com/hot-dog-containers-to-go/","Containers To Go","Buying guides","footer","200",""
"https://hotdogtrays.com/product/hot-dog-boats-paper/","https://hotdogtrays.com/hot-dog-trays-in-bulk/","Buying in Bulk","Buying guides","footer","200",""
"https://hotdogtrays.com/product/hot-dog-boats-paper/","https://hotdogtrays.com/hot-dog-trays-for-food-trucks/","For Food Trucks","Buying guides","footer","200",""
"https://hotdogtrays.com/product/hot-dog-boats-paper/","https://hotdogtrays.com/hot-dog-trays-for-concession-stands/","For Concessions","Buying guides","footer","200",""
"https://hotdogtrays.com/product/hot-dog-boats-paper/","https://hotdogtrays.com/hot-dog-trays-for-catering/","For Catering","Buying guides","footer","200",""
"https://hotdogtrays.com/product/hot-dog-boats-paper/","https://hotdogtrays.com/paper-vs-plastic-hot-dog-trays/","Paper vs Plastic","Buying guides","footer","200",""
"https://hotdogtrays.com/product/hot-dog-boats-paper/","https://hotdogtrays.com/hot-dog-trays-vs-paper-boats/","Trays vs Boats","Buying guides","footer","200",""
"https://hotdogtrays.com/product/hot-dog-boats-paper/","https://hotdogtrays.com/","HotDogTrays.com","Buying guides","footer","200",""
"https://hotdogtrays.com/product/hot-dog-container-paper/","https://hotdogtrays.com/","🌭 HotDogTrays Premium Wholesale Trays","(page top)","navigation","200",""
"https://hotdogtrays.com/product/hot-dog-container-paper/","https://hotdogtrays.com/shop/","All Products ▼","(page top)","navigation","200",""
"https://hotdogtrays.com/product/hot-dog-container-paper/","https://hotdogtrays.com/product/hot-dog-serving-tray/","Hot Dog Serving Tray","(page top)","navigation","200",""
"https://hotdogtrays.com/product/hot-dog-container-paper/","https://hotdogtrays.com/product/hot-dog-food-tray/","Hot Dog Food Tray","(page top)","navigation","200",""
"https://hotdogtrays.com/product/hot-dog-container-paper/","https://hotdogtrays.com/product/hot-dog-plates/","Hot Dog Plates","(page top)","navigation","200",""
"https://hotdogtrays.com/product/hot-dog-container-paper/","https://hotdogtrays.com/product/paper-hot-dog-trays/","Paper Hot Dog Trays","(page top)","navigation","200",""
"https://hotdogtrays.com/product/hot-dog-container-paper/","https://hotdogtrays.com/product/hot-dog-paper-holders/","Hot Dog Paper Holders","(page top)","navigation","200",""
"https://hotdogtrays.com/product/hot-dog-container-paper/","https://hotdogtrays.com/product/disposable-hot-dog-trays/","Disposable Hot Dog Trays","(page top)","navigation","200",""
"https://hotdogtrays.com/product/hot-dog-container-paper/","https://hotdogtrays.com/product/hot-dog-boats-paper/","Hot Dog Boats Paper","(page top)","navigation","200",""
"https://hotdogtrays.com/product/hot-dog-container-paper/","https://hotdogtrays.com/product/plastic-hot-dog-trays/","Plastic Hot Dog Trays","(page top)","navigation","200",""
"https://hotdogtrays.com/product/hot-dog-container-paper/","https://hotdogtrays.com/product/hot-dog-container-paper/","Hot Dog Container Paper","(page top)","navigation","200",""
"https://hotdogtrays.com/product/hot-dog-container-paper/","https://hotdogtrays.com/product/cardboard-hot-dog-holders/","Cardboard Hot Dog Holders","(page top)","navigation","200",""
"https://hotdogtrays.com/product/hot-dog-container-paper/","https://hotdogtrays.com/product/disposable-hot-dog-holders/","Disposable Hot Dog Holders","(page top)","navigation","200",""
"https://hotdogtrays.com/product/hot-dog-container-paper/","https://hotdogtrays.com/product/cardboard-hot-dog-trays/","Cardboard Hot Dog Trays","(page top)","navigation","200",""
"https://hotdogtrays.com/product/hot-dog-container-paper/","https://hotdogtrays.com/product/red-and-white-hot-dog-trays/","Red and White Hot Dog Trays","(page top)","navigation","200",""
"https://hotdogtrays.com/product/hot-dog-container-paper/","https://hotdogtrays.com/product/kraft-hot-dog-tray/","Kraft Hot Dog Tray","(page top)","navigation","200",""
"https://hotdogtrays.com/product/hot-dog-container-paper/","https://hotdogtrays.com/about/","About Us","(page top)","navigation","200",""
"https://hotdogtrays.com/product/hot-dog-container-paper/","https://hotdogtrays.com/contact/","Contact","(page top)","navigation","200",""
"https://hotdogtrays.com/product/hot-dog-container-paper/","https://hotdogtrays.com/get-quote/","Get Free Quote","(page top)","navigation","200",""
"https://hotdogtrays.com/product/hot-dog-container-paper/","https://hotdogtrays.com/shop/","All Products","(page top)","navigation","200",""
"https://hotdogtrays.com/product/hot-dog-container-paper/","https://hotdogtrays.com/","Home","(page top)","breadcrumb","200",""
"https://hotdogtrays.com/product/hot-dog-container-paper/","https://hotdogtrays.com/shop/","Shop","(page top)","breadcrumb","200",""
"https://hotdogtrays.com/product/hot-dog-container-paper/","https://hotdogtrays.com/shop/","Products","Hot Dog Container Paper","contextual","200",""
"https://hotdogtrays.com/product/hot-dog-container-paper/","https://hotdogtrays.com/privacy-policy/","Privacy Policy","Get pricing in 2 hours","contextual","200",""
"https://hotdogtrays.com/product/hot-dog-container-paper/","https://hotdogtrays.com/hot-dog-containers-to-go/","steam softening the bun","Before you order","contextual","200",""
"https://hotdogtrays.com/product/hot-dog-container-paper/","https://hotdogtrays.com/shop/","Paper container range","Hot Dog Container Paper For Food Holding Solutions","contextual","200",""
"https://hotdogtrays.com/product/hot-dog-container-paper/","https://hotdogtrays.com/product/hot-dog-boats-paper/","paper boats","Customisation Options For Paper Hot Dog Containers","contextual","200",""
"https://hotdogtrays.com/product/hot-dog-container-paper/","https://hotdogtrays.com/product/hot-dog-paper-holders/","paper holders","Functional Features And Handling Enhancements","contextual","200",""
"https://hotdogtrays.com/product/hot-dog-container-paper/","https://hotdogtrays.com/product/paper-hot-dog-trays/","paper tray options","Size Variations And Capacity Adaptability","contextual","200",""
"https://hotdogtrays.com/product/hot-dog-container-paper/","https://hotdogtrays.com/get-quote/","Get Free Design Quote →","Free Professional Design Service","contextual","200",""
"https://hotdogtrays.com/product/hot-dog-container-paper/","https://hotdogtrays.com/get-quote/","Get Industry Quote","Join Thousands of Satisfied Businesses","contextual","200",""
"https://hotdogtrays.com/product/hot-dog-container-paper/","https://hotdogtrays.com/contact/","contact us","Frequently Asked Questions","contextual","200",""
"https://hotdogtrays.com/product/hot-dog-container-paper/","https://hotdogtrays.com/terms-conditions/","Returns & Refunds Policy","Frequently Asked Questions","contextual","200",""
"https://hotdogtrays.com/product/hot-dog-container-paper/","https://hotdogtrays.com/get-quote/","Request a quote","Frequently Asked Questions","contextual","200",""
"https://hotdogtrays.com/product/hot-dog-container-paper/","https://hotdogtrays.com/contact/","Contact Support","Still Have Questions?","contextual","200",""
"https://hotdogtrays.com/product/hot-dog-container-paper/","https://hotdogtrays.com/get-quote/","Order Risk-Free Today","Print Approval Before Production","contextual","200",""
"https://hotdogtrays.com/product/hot-dog-container-paper/","https://hotdogtrays.com/product/cardboard-hot-dog-holders/","Get Free Quote for Cardboard Hot Dog Holders","Cardboard Hot Dog Holders","related-product","200",""
"https://hotdogtrays.com/product/hot-dog-container-paper/","https://hotdogtrays.com/product/disposable-hot-dog-holders/","Get Free Quote for Disposable Hot Dog Holders","Disposable Hot Dog Holders","related-product","200",""
"https://hotdogtrays.com/product/hot-dog-container-paper/","https://hotdogtrays.com/product/cardboard-hot-dog-trays/","Get Free Quote for Cardboard Hot Dog Trays","Cardboard Hot Dog Trays","related-product","200",""
"https://hotdogtrays.com/product/hot-dog-container-paper/","https://hotdogtrays.com/product/red-and-white-hot-dog-trays/","Get Free Quote for Red and White Hot Dog Trays","Red and White Hot Dog Trays","related-product","200",""
"https://hotdogtrays.com/product/hot-dog-container-paper/","https://hotdogtrays.com/faq/","FAQ","Quick Links","footer","200",""
"https://hotdogtrays.com/product/hot-dog-container-paper/","https://hotdogtrays.com/shipping/","Shipping Info","Quick Links","footer","200",""
"https://hotdogtrays.com/product/hot-dog-container-paper/","https://hotdogtrays.com/terms-conditions/","Terms & Conditions","Quick Links","footer","200",""
"https://hotdogtrays.com/product/hot-dog-container-paper/","https://hotdogtrays.com/hot-dog-tray-sizes/","Tray Sizes","Buying guides","footer","200",""
"https://hotdogtrays.com/product/hot-dog-container-paper/","https://hotdogtrays.com/footlong-hot-dog-trays/","Footlong Trays","Buying guides","footer","200",""
"https://hotdogtrays.com/product/hot-dog-container-paper/","https://hotdogtrays.com/hot-dog-tray-material-guide/","Material Guide","Buying guides","footer","200",""
"https://hotdogtrays.com/product/hot-dog-container-paper/","https://hotdogtrays.com/hot-dog-containers-to-go/","Containers To Go","Buying guides","footer","200",""
"https://hotdogtrays.com/product/hot-dog-container-paper/","https://hotdogtrays.com/hot-dog-trays-in-bulk/","Buying in Bulk","Buying guides","footer","200",""
"https://hotdogtrays.com/product/hot-dog-container-paper/","https://hotdogtrays.com/hot-dog-trays-for-food-trucks/","For Food Trucks","Buying guides","footer","200",""
"https://hotdogtrays.com/product/hot-dog-container-paper/","https://hotdogtrays.com/hot-dog-trays-for-concession-stands/","For Concessions","Buying guides","footer","200",""
"https://hotdogtrays.com/product/hot-dog-container-paper/","https://hotdogtrays.com/hot-dog-trays-for-catering/","For Catering","Buying guides","footer","200",""
"https://hotdogtrays.com/product/hot-dog-container-paper/","https://hotdogtrays.com/paper-vs-plastic-hot-dog-trays/","Paper vs Plastic","Buying guides","footer","200",""
"https://hotdogtrays.com/product/hot-dog-container-paper/","https://hotdogtrays.com/hot-dog-trays-vs-paper-boats/","Trays vs Boats","Buying guides","footer","200",""
"https://hotdogtrays.com/product/hot-dog-container-paper/","https://hotdogtrays.com/","HotDogTrays.com","Buying guides","footer","200",""
"https://hotdogtrays.com/product/hot-dog-food-tray/","https://hotdogtrays.com/","🌭 HotDogTrays Premium Wholesale Trays","(page top)","navigation","200",""
"https://hotdogtrays.com/product/hot-dog-food-tray/","https://hotdogtrays.com/shop/","All Products ▼","(page top)","navigation","200",""
"https://hotdogtrays.com/product/hot-dog-food-tray/","https://hotdogtrays.com/product/hot-dog-serving-tray/","Hot Dog Serving Tray","(page top)","navigation","200",""
"https://hotdogtrays.com/product/hot-dog-food-tray/","https://hotdogtrays.com/product/hot-dog-food-tray/","Hot Dog Food Tray","(page top)","navigation","200",""
"https://hotdogtrays.com/product/hot-dog-food-tray/","https://hotdogtrays.com/product/hot-dog-plates/","Hot Dog Plates","(page top)","navigation","200",""
"https://hotdogtrays.com/product/hot-dog-food-tray/","https://hotdogtrays.com/product/paper-hot-dog-trays/","Paper Hot Dog Trays","(page top)","navigation","200",""
"https://hotdogtrays.com/product/hot-dog-food-tray/","https://hotdogtrays.com/product/hot-dog-paper-holders/","Hot Dog Paper Holders","(page top)","navigation","200",""
"https://hotdogtrays.com/product/hot-dog-food-tray/","https://hotdogtrays.com/product/disposable-hot-dog-trays/","Disposable Hot Dog Trays","(page top)","navigation","200",""
"https://hotdogtrays.com/product/hot-dog-food-tray/","https://hotdogtrays.com/product/hot-dog-boats-paper/","Hot Dog Boats Paper","(page top)","navigation","200",""
"https://hotdogtrays.com/product/hot-dog-food-tray/","https://hotdogtrays.com/product/plastic-hot-dog-trays/","Plastic Hot Dog Trays","(page top)","navigation","200",""
"https://hotdogtrays.com/product/hot-dog-food-tray/","https://hotdogtrays.com/product/hot-dog-container-paper/","Hot Dog Container Paper","(page top)","navigation","200",""
"https://hotdogtrays.com/product/hot-dog-food-tray/","https://hotdogtrays.com/product/cardboard-hot-dog-holders/","Cardboard Hot Dog Holders","(page top)","navigation","200",""
"https://hotdogtrays.com/product/hot-dog-food-tray/","https://hotdogtrays.com/product/disposable-hot-dog-holders/","Disposable Hot Dog Holders","(page top)","navigation","200",""
"https://hotdogtrays.com/product/hot-dog-food-tray/","https://hotdogtrays.com/product/cardboard-hot-dog-trays/","Cardboard Hot Dog Trays","(page top)","navigation","200",""
"https://hotdogtrays.com/product/hot-dog-food-tray/","https://hotdogtrays.com/product/red-and-white-hot-dog-trays/","Red and White Hot Dog Trays","(page top)","navigation","200",""
"https://hotdogtrays.com/product/hot-dog-food-tray/","https://hotdogtrays.com/product/kraft-hot-dog-tray/","Kraft Hot Dog Tray","(page top)","navigation","200",""
"https://hotdogtrays.com/product/hot-dog-food-tray/","https://hotdogtrays.com/about/","About Us","(page top)","navigation","200",""
"https://hotdogtrays.com/product/hot-dog-food-tray/","https://hotdogtrays.com/contact/","Contact","(page top)","navigation","200",""
"https://hotdogtrays.com/product/hot-dog-food-tray/","https://hotdogtrays.com/get-quote/","Get Free Quote","(page top)","navigation","200",""
"https://hotdogtrays.com/product/hot-dog-food-tray/","https://hotdogtrays.com/shop/","All Products","(page top)","navigation","200",""
"https://hotdogtrays.com/product/hot-dog-food-tray/","https://hotdogtrays.com/","Home","(page top)","breadcrumb","200",""
"https://hotdogtrays.com/product/hot-dog-food-tray/","https://hotdogtrays.com/shop/","Shop","(page top)","breadcrumb","200",""
"https://hotdogtrays.com/product/hot-dog-food-tray/","https://hotdogtrays.com/shop/","Products","Hot Dog Food Tray","contextual","200",""
"https://hotdogtrays.com/product/hot-dog-food-tray/","https://hotdogtrays.com/privacy-policy/","Privacy Policy","Get pricing in 2 hours","contextual","200",""
"https://hotdogtrays.com/product/hot-dog-food-tray/","https://hotdogtrays.com/hot-dog-tray-material-guide/","what each stock is good at","Before you order","contextual","200",""
"https://hotdogtrays.com/product/hot-dog-food-tray/","https://hotdogtrays.com/shop/","food tray lineup","Hot Dog Food Tray For Clean Serving Control","contextual","200",""
"https://hotdogtrays.com/product/hot-dog-food-tray/","https://hotdogtrays.com/product/cardboard-hot-dog-trays/","rigid cardboard trays","Strong Structure Design For Food Stability Control","contextual","200",""
"https://hotdogtrays.com/product/hot-dog-food-tray/","https://hotdogtrays.com/product/disposable-hot-dog-trays/","single use trays","Material Composition For Food Safety And Strength","contextual","200",""
"https://hotdogtrays.com/product/hot-dog-food-tray/","https://hotdogtrays.com/product/red-and-white-hot-dog-trays/","classic paper trays","Customisation Options For Hot Dog Food Trays","contextual","200",""
"https://hotdogtrays.com/product/hot-dog-food-tray/","https://hotdogtrays.com/get-quote/","Get Free Design Quote →","Free Professional Design Service","contextual","200",""
"https://hotdogtrays.com/product/hot-dog-food-tray/","https://hotdogtrays.com/get-quote/","Get Industry Quote","Join Thousands of Satisfied Businesses","contextual","200",""
"https://hotdogtrays.com/product/hot-dog-food-tray/","https://hotdogtrays.com/contact/","contact us","Frequently Asked Questions","contextual","200",""
"https://hotdogtrays.com/product/hot-dog-food-tray/","https://hotdogtrays.com/terms-conditions/","Returns & Refunds Policy","Frequently Asked Questions","contextual","200",""
"https://hotdogtrays.com/product/hot-dog-food-tray/","https://hotdogtrays.com/get-quote/","Request a quote","Frequently Asked Questions","contextual","200",""
"https://hotdogtrays.com/product/hot-dog-food-tray/","https://hotdogtrays.com/contact/","Contact Support","Still Have Questions?","contextual","200",""
"https://hotdogtrays.com/product/hot-dog-food-tray/","https://hotdogtrays.com/get-quote/","Order Risk-Free Today","Print Approval Before Production","contextual","200",""
"https://hotdogtrays.com/product/hot-dog-food-tray/","https://hotdogtrays.com/product/hot-dog-plates/","Get Free Quote for Hot Dog Plates","Hot Dog Plates","related-product","200",""
"https://hotdogtrays.com/product/hot-dog-food-tray/","https://hotdogtrays.com/product/paper-hot-dog-trays/","Get Free Quote for Paper Hot Dog Trays","Paper Hot Dog Trays","related-product","200",""
"https://hotdogtrays.com/product/hot-dog-food-tray/","https://hotdogtrays.com/product/hot-dog-paper-holders/","Get Free Quote for Hot Dog Paper Holders","Hot Dog Paper Holders","related-product","200",""
"https://hotdogtrays.com/product/hot-dog-food-tray/","https://hotdogtrays.com/product/disposable-hot-dog-trays/","Get Free Quote for Disposable Hot Dog Trays","Disposable Hot Dog Trays","related-product","200",""
"https://hotdogtrays.com/product/hot-dog-food-tray/","https://hotdogtrays.com/faq/","FAQ","Quick Links","footer","200",""
"https://hotdogtrays.com/product/hot-dog-food-tray/","https://hotdogtrays.com/shipping/","Shipping Info","Quick Links","footer","200",""
"https://hotdogtrays.com/product/hot-dog-food-tray/","https://hotdogtrays.com/terms-conditions/","Terms & Conditions","Quick Links","footer","200",""
"https://hotdogtrays.com/product/hot-dog-food-tray/","https://hotdogtrays.com/hot-dog-tray-sizes/","Tray Sizes","Buying guides","footer","200",""
"https://hotdogtrays.com/product/hot-dog-food-tray/","https://hotdogtrays.com/footlong-hot-dog-trays/","Footlong Trays","Buying guides","footer","200",""
"https://hotdogtrays.com/product/hot-dog-food-tray/","https://hotdogtrays.com/hot-dog-tray-material-guide/","Material Guide","Buying guides","footer","200",""
"https://hotdogtrays.com/product/hot-dog-food-tray/","https://hotdogtrays.com/hot-dog-containers-to-go/","Containers To Go","Buying guides","footer","200",""
"https://hotdogtrays.com/product/hot-dog-food-tray/","https://hotdogtrays.com/hot-dog-trays-in-bulk/","Buying in Bulk","Buying guides","footer","200",""
"https://hotdogtrays.com/product/hot-dog-food-tray/","https://hotdogtrays.com/hot-dog-trays-for-food-trucks/","For Food Trucks","Buying guides","footer","200",""
"https://hotdogtrays.com/product/hot-dog-food-tray/","https://hotdogtrays.com/hot-dog-trays-for-concession-stands/","For Concessions","Buying guides","footer","200",""
"https://hotdogtrays.com/product/hot-dog-food-tray/","https://hotdogtrays.com/hot-dog-trays-for-catering/","For Catering","Buying guides","footer","200",""
"https://hotdogtrays.com/product/hot-dog-food-tray/","https://hotdogtrays.com/paper-vs-plastic-hot-dog-trays/","Paper vs Plastic","Buying guides","footer","200",""
"https://hotdogtrays.com/product/hot-dog-food-tray/","https://hotdogtrays.com/hot-dog-trays-vs-paper-boats/","Trays vs Boats","Buying guides","footer","200",""
"https://hotdogtrays.com/product/hot-dog-food-tray/","https://hotdogtrays.com/","HotDogTrays.com","Buying guides","footer","200",""
"https://hotdogtrays.com/product/hot-dog-paper-holders/","https://hotdogtrays.com/","🌭 HotDogTrays Premium Wholesale Trays","(page top)","navigation","200",""
"https://hotdogtrays.com/product/hot-dog-paper-holders/","https://hotdogtrays.com/shop/","All Products ▼","(page top)","navigation","200",""
"https://hotdogtrays.com/product/hot-dog-paper-holders/","https://hotdogtrays.com/product/hot-dog-serving-tray/","Hot Dog Serving Tray","(page top)","navigation","200",""
"https://hotdogtrays.com/product/hot-dog-paper-holders/","https://hotdogtrays.com/product/hot-dog-food-tray/","Hot Dog Food Tray","(page top)","navigation","200",""
"https://hotdogtrays.com/product/hot-dog-paper-holders/","https://hotdogtrays.com/product/hot-dog-plates/","Hot Dog Plates","(page top)","navigation","200",""
"https://hotdogtrays.com/product/hot-dog-paper-holders/","https://hotdogtrays.com/product/paper-hot-dog-trays/","Paper Hot Dog Trays","(page top)","navigation","200",""
"https://hotdogtrays.com/product/hot-dog-paper-holders/","https://hotdogtrays.com/product/hot-dog-paper-holders/","Hot Dog Paper Holders","(page top)","navigation","200",""
"https://hotdogtrays.com/product/hot-dog-paper-holders/","https://hotdogtrays.com/product/disposable-hot-dog-trays/","Disposable Hot Dog Trays","(page top)","navigation","200",""
"https://hotdogtrays.com/product/hot-dog-paper-holders/","https://hotdogtrays.com/product/hot-dog-boats-paper/","Hot Dog Boats Paper","(page top)","navigation","200",""
"https://hotdogtrays.com/product/hot-dog-paper-holders/","https://hotdogtrays.com/product/plastic-hot-dog-trays/","Plastic Hot Dog Trays","(page top)","navigation","200",""
"https://hotdogtrays.com/product/hot-dog-paper-holders/","https://hotdogtrays.com/product/hot-dog-container-paper/","Hot Dog Container Paper","(page top)","navigation","200",""
"https://hotdogtrays.com/product/hot-dog-paper-holders/","https://hotdogtrays.com/product/cardboard-hot-dog-holders/","Cardboard Hot Dog Holders","(page top)","navigation","200",""
"https://hotdogtrays.com/product/hot-dog-paper-holders/","https://hotdogtrays.com/product/disposable-hot-dog-holders/","Disposable Hot Dog Holders","(page top)","navigation","200",""
"https://hotdogtrays.com/product/hot-dog-paper-holders/","https://hotdogtrays.com/product/cardboard-hot-dog-trays/","Cardboard Hot Dog Trays","(page top)","navigation","200",""
"https://hotdogtrays.com/product/hot-dog-paper-holders/","https://hotdogtrays.com/product/red-and-white-hot-dog-trays/","Red and White Hot Dog Trays","(page top)","navigation","200",""
"https://hotdogtrays.com/product/hot-dog-paper-holders/","https://hotdogtrays.com/product/kraft-hot-dog-tray/","Kraft Hot Dog Tray","(page top)","navigation","200",""
"https://hotdogtrays.com/product/hot-dog-paper-holders/","https://hotdogtrays.com/about/","About Us","(page top)","navigation","200",""
"https://hotdogtrays.com/product/hot-dog-paper-holders/","https://hotdogtrays.com/contact/","Contact","(page top)","navigation","200",""
"https://hotdogtrays.com/product/hot-dog-paper-holders/","https://hotdogtrays.com/get-quote/","Get Free Quote","(page top)","navigation","200",""
"https://hotdogtrays.com/product/hot-dog-paper-holders/","https://hotdogtrays.com/shop/","All Products","(page top)","navigation","200",""
"https://hotdogtrays.com/product/hot-dog-paper-holders/","https://hotdogtrays.com/","Home","(page top)","breadcrumb","200",""
"https://hotdogtrays.com/product/hot-dog-paper-holders/","https://hotdogtrays.com/shop/","Shop","(page top)","breadcrumb","200",""
"https://hotdogtrays.com/product/hot-dog-paper-holders/","https://hotdogtrays.com/shop/","Products","Hot Dog Paper Holders","contextual","200",""
"https://hotdogtrays.com/product/hot-dog-paper-holders/","https://hotdogtrays.com/privacy-policy/","Privacy Policy","Get pricing in 2 hours","contextual","200",""
"https://hotdogtrays.com/product/hot-dog-paper-holders/","https://hotdogtrays.com/hot-dog-trays-for-food-trucks/","a market or festival pitch","Before you order","contextual","200",""
"https://hotdogtrays.com/product/hot-dog-paper-holders/","https://hotdogtrays.com/shop/","holder and tray range","Hot Dog Paper Holders For Easy Food Handling","contextual","200",""
"https://hotdogtrays.com/product/hot-dog-paper-holders/","https://hotdogtrays.com/product/cardboard-hot-dog-holders/","cardboard holders","Structured Paper Design For Stable Food Support","contextual","200",""
"https://hotdogtrays.com/product/hot-dog-paper-holders/","https://hotdogtrays.com/product/disposable-hot-dog-holders/","disposable holders","Material Composition For Food Contact Safety","contextual","200",""
"https://hotdogtrays.com/product/hot-dog-paper-holders/","https://hotdogtrays.com/product/hot-dog-container-paper/","paper container style","Customisation And Design Options For Paper Holders","contextual","200",""
"https://hotdogtrays.com/product/hot-dog-paper-holders/","https://hotdogtrays.com/get-quote/","Get Free Design Quote →","Free Professional Design Service","contextual","200",""
"https://hotdogtrays.com/product/hot-dog-paper-holders/","https://hotdogtrays.com/get-quote/","Get Industry Quote","Join Thousands of Satisfied Businesses","contextual","200",""
"https://hotdogtrays.com/product/hot-dog-paper-holders/","https://hotdogtrays.com/contact/","contact us","Frequently Asked Questions","contextual","200",""
"https://hotdogtrays.com/product/hot-dog-paper-holders/","https://hotdogtrays.com/terms-conditions/","Returns & Refunds Policy","Frequently Asked Questions","contextual","200",""
"https://hotdogtrays.com/product/hot-dog-paper-holders/","https://hotdogtrays.com/get-quote/","Request a quote","Frequently Asked Questions","contextual","200",""
"https://hotdogtrays.com/product/hot-dog-paper-holders/","https://hotdogtrays.com/contact/","Contact Support","Still Have Questions?","contextual","200",""
"https://hotdogtrays.com/product/hot-dog-paper-holders/","https://hotdogtrays.com/get-quote/","Order Risk-Free Today","Print Approval Before Production","contextual","200",""
"https://hotdogtrays.com/product/hot-dog-paper-holders/","https://hotdogtrays.com/product/disposable-hot-dog-trays/","Get Free Quote for Disposable Hot Dog Trays","Disposable Hot Dog Trays","related-product","200",""
"https://hotdogtrays.com/product/hot-dog-paper-holders/","https://hotdogtrays.com/product/hot-dog-boats-paper/","Get Free Quote for Hot Dog Boats Paper","Hot Dog Boats Paper","related-product","200",""
"https://hotdogtrays.com/product/hot-dog-paper-holders/","https://hotdogtrays.com/product/plastic-hot-dog-trays/","Get Free Quote for Plastic Hot Dog Trays","Plastic Hot Dog Trays","related-product","200",""
"https://hotdogtrays.com/product/hot-dog-paper-holders/","https://hotdogtrays.com/product/hot-dog-container-paper/","Get Free Quote for Hot Dog Container Paper","Hot Dog Container Paper","related-product","200",""
"https://hotdogtrays.com/product/hot-dog-paper-holders/","https://hotdogtrays.com/faq/","FAQ","Quick Links","footer","200",""
"https://hotdogtrays.com/product/hot-dog-paper-holders/","https://hotdogtrays.com/shipping/","Shipping Info","Quick Links","footer","200",""
"https://hotdogtrays.com/product/hot-dog-paper-holders/","https://hotdogtrays.com/terms-conditions/","Terms & Conditions","Quick Links","footer","200",""
"https://hotdogtrays.com/product/hot-dog-paper-holders/","https://hotdogtrays.com/hot-dog-tray-sizes/","Tray Sizes","Buying guides","footer","200",""
"https://hotdogtrays.com/product/hot-dog-paper-holders/","https://hotdogtrays.com/footlong-hot-dog-trays/","Footlong Trays","Buying guides","footer","200",""
"https://hotdogtrays.com/product/hot-dog-paper-holders/","https://hotdogtrays.com/hot-dog-tray-material-guide/","Material Guide","Buying guides","footer","200",""
"https://hotdogtrays.com/product/hot-dog-paper-holders/","https://hotdogtrays.com/hot-dog-containers-to-go/","Containers To Go","Buying guides","footer","200",""
"https://hotdogtrays.com/product/hot-dog-paper-holders/","https://hotdogtrays.com/hot-dog-trays-in-bulk/","Buying in Bulk","Buying guides","footer","200",""
"https://hotdogtrays.com/product/hot-dog-paper-holders/","https://hotdogtrays.com/hot-dog-trays-for-food-trucks/","For Food Trucks","Buying guides","footer","200",""
"https://hotdogtrays.com/product/hot-dog-paper-holders/","https://hotdogtrays.com/hot-dog-trays-for-concession-stands/","For Concessions","Buying guides","footer","200",""
"https://hotdogtrays.com/product/hot-dog-paper-holders/","https://hotdogtrays.com/hot-dog-trays-for-catering/","For Catering","Buying guides","footer","200",""
"https://hotdogtrays.com/product/hot-dog-paper-holders/","https://hotdogtrays.com/paper-vs-plastic-hot-dog-trays/","Paper vs Plastic","Buying guides","footer","200",""
"https://hotdogtrays.com/product/hot-dog-paper-holders/","https://hotdogtrays.com/hot-dog-trays-vs-paper-boats/","Trays vs Boats","Buying guides","footer","200",""
"https://hotdogtrays.com/product/hot-dog-paper-holders/","https://hotdogtrays.com/","HotDogTrays.com","Buying guides","footer","200",""
"https://hotdogtrays.com/product/hot-dog-plates/","https://hotdogtrays.com/","🌭 HotDogTrays Premium Wholesale Trays","(page top)","navigation","200",""
"https://hotdogtrays.com/product/hot-dog-plates/","https://hotdogtrays.com/shop/","All Products ▼","(page top)","navigation","200",""
"https://hotdogtrays.com/product/hot-dog-plates/","https://hotdogtrays.com/product/hot-dog-serving-tray/","Hot Dog Serving Tray","(page top)","navigation","200",""
"https://hotdogtrays.com/product/hot-dog-plates/","https://hotdogtrays.com/product/hot-dog-food-tray/","Hot Dog Food Tray","(page top)","navigation","200",""
"https://hotdogtrays.com/product/hot-dog-plates/","https://hotdogtrays.com/product/hot-dog-plates/","Hot Dog Plates","(page top)","navigation","200",""
"https://hotdogtrays.com/product/hot-dog-plates/","https://hotdogtrays.com/product/paper-hot-dog-trays/","Paper Hot Dog Trays","(page top)","navigation","200",""
"https://hotdogtrays.com/product/hot-dog-plates/","https://hotdogtrays.com/product/hot-dog-paper-holders/","Hot Dog Paper Holders","(page top)","navigation","200",""
"https://hotdogtrays.com/product/hot-dog-plates/","https://hotdogtrays.com/product/disposable-hot-dog-trays/","Disposable Hot Dog Trays","(page top)","navigation","200",""
"https://hotdogtrays.com/product/hot-dog-plates/","https://hotdogtrays.com/product/hot-dog-boats-paper/","Hot Dog Boats Paper","(page top)","navigation","200",""
"https://hotdogtrays.com/product/hot-dog-plates/","https://hotdogtrays.com/product/plastic-hot-dog-trays/","Plastic Hot Dog Trays","(page top)","navigation","200",""
"https://hotdogtrays.com/product/hot-dog-plates/","https://hotdogtrays.com/product/hot-dog-container-paper/","Hot Dog Container Paper","(page top)","navigation","200",""
"https://hotdogtrays.com/product/hot-dog-plates/","https://hotdogtrays.com/product/cardboard-hot-dog-holders/","Cardboard Hot Dog Holders","(page top)","navigation","200",""
"https://hotdogtrays.com/product/hot-dog-plates/","https://hotdogtrays.com/product/disposable-hot-dog-holders/","Disposable Hot Dog Holders","(page top)","navigation","200",""
"https://hotdogtrays.com/product/hot-dog-plates/","https://hotdogtrays.com/product/cardboard-hot-dog-trays/","Cardboard Hot Dog Trays","(page top)","navigation","200",""
"https://hotdogtrays.com/product/hot-dog-plates/","https://hotdogtrays.com/product/red-and-white-hot-dog-trays/","Red and White Hot Dog Trays","(page top)","navigation","200",""
"https://hotdogtrays.com/product/hot-dog-plates/","https://hotdogtrays.com/product/kraft-hot-dog-tray/","Kraft Hot Dog Tray","(page top)","navigation","200",""
"https://hotdogtrays.com/product/hot-dog-plates/","https://hotdogtrays.com/about/","About Us","(page top)","navigation","200",""
"https://hotdogtrays.com/product/hot-dog-plates/","https://hotdogtrays.com/contact/","Contact","(page top)","navigation","200",""
"https://hotdogtrays.com/product/hot-dog-plates/","https://hotdogtrays.com/get-quote/","Get Free Quote","(page top)","navigation","200",""
"https://hotdogtrays.com/product/hot-dog-plates/","https://hotdogtrays.com/shop/","All Products","(page top)","navigation","200",""
"https://hotdogtrays.com/product/hot-dog-plates/","https://hotdogtrays.com/","Home","(page top)","breadcrumb","200",""
"https://hotdogtrays.com/product/hot-dog-plates/","https://hotdogtrays.com/shop/","Shop","(page top)","breadcrumb","200",""
"https://hotdogtrays.com/product/hot-dog-plates/","https://hotdogtrays.com/shop/","Products","Hot Dog Plates","contextual","200",""
"https://hotdogtrays.com/product/hot-dog-plates/","https://hotdogtrays.com/privacy-policy/","Privacy Policy","Get pricing in 2 hours","contextual","200",""
"https://hotdogtrays.com/product/hot-dog-plates/","https://hotdogtrays.com/hot-dog-trays-for-catering/","guest-loaded stations","Before you order","contextual","200",""
"https://hotdogtrays.com/product/hot-dog-plates/","https://hotdogtrays.com/shop/","serving products collection","Hot Dog Plates For Structured Food Serving","contextual","200",""
"https://hotdogtrays.com/product/hot-dog-plates/","https://hotdogtrays.com/product/hot-dog-serving-tray/","serving tray format","Material Options For Durable Plate Production","contextual","200",""
"https://hotdogtrays.com/product/hot-dog-plates/","https://hotdogtrays.com/product/plastic-hot-dog-trays/","easy clean tray option","Customisation Options For Hot Dog Plates","contextual","200",""
"https://hotdogtrays.com/product/hot-dog-plates/","https://hotdogtrays.com/product/paper-hot-dog-trays/","lightweight paper trays","Structural Features And Functional Enhancements","contextual","200",""
"https://hotdogtrays.com/product/hot-dog-plates/","https://hotdogtrays.com/get-quote/","Get Free Design Quote →","Free Professional Design Service","contextual","200",""
"https://hotdogtrays.com/product/hot-dog-plates/","https://hotdogtrays.com/get-quote/","Get Industry Quote","Join Thousands of Satisfied Businesses","contextual","200",""
"https://hotdogtrays.com/product/hot-dog-plates/","https://hotdogtrays.com/contact/","contact us","Frequently Asked Questions","contextual","200",""
"https://hotdogtrays.com/product/hot-dog-plates/","https://hotdogtrays.com/terms-conditions/","Returns & Refunds Policy","Frequently Asked Questions","contextual","200",""
"https://hotdogtrays.com/product/hot-dog-plates/","https://hotdogtrays.com/get-quote/","Request a quote","Frequently Asked Questions","contextual","200",""
"https://hotdogtrays.com/product/hot-dog-plates/","https://hotdogtrays.com/contact/","Contact Support","Still Have Questions?","contextual","200",""
"https://hotdogtrays.com/product/hot-dog-plates/","https://hotdogtrays.com/get-quote/","Order Risk-Free Today","Print Approval Before Production","contextual","200",""
"https://hotdogtrays.com/product/hot-dog-plates/","https://hotdogtrays.com/product/paper-hot-dog-trays/","Get Free Quote for Paper Hot Dog Trays","Paper Hot Dog Trays","related-product","200",""
"https://hotdogtrays.com/product/hot-dog-plates/","https://hotdogtrays.com/product/hot-dog-paper-holders/","Get Free Quote for Hot Dog Paper Holders","Hot Dog Paper Holders","related-product","200",""
"https://hotdogtrays.com/product/hot-dog-plates/","https://hotdogtrays.com/product/disposable-hot-dog-trays/","Get Free Quote for Disposable Hot Dog Trays","Disposable Hot Dog Trays","related-product","200",""
"https://hotdogtrays.com/product/hot-dog-plates/","https://hotdogtrays.com/product/hot-dog-boats-paper/","Get Free Quote for Hot Dog Boats Paper","Hot Dog Boats Paper","related-product","200",""
"https://hotdogtrays.com/product/hot-dog-plates/","https://hotdogtrays.com/faq/","FAQ","Quick Links","footer","200",""
"https://hotdogtrays.com/product/hot-dog-plates/","https://hotdogtrays.com/shipping/","Shipping Info","Quick Links","footer","200",""
"https://hotdogtrays.com/product/hot-dog-plates/","https://hotdogtrays.com/terms-conditions/","Terms & Conditions","Quick Links","footer","200",""
"https://hotdogtrays.com/product/hot-dog-plates/","https://hotdogtrays.com/hot-dog-tray-sizes/","Tray Sizes","Buying guides","footer","200",""
"https://hotdogtrays.com/product/hot-dog-plates/","https://hotdogtrays.com/footlong-hot-dog-trays/","Footlong Trays","Buying guides","footer","200",""
"https://hotdogtrays.com/product/hot-dog-plates/","https://hotdogtrays.com/hot-dog-tray-material-guide/","Material Guide","Buying guides","footer","200",""
"https://hotdogtrays.com/product/hot-dog-plates/","https://hotdogtrays.com/hot-dog-containers-to-go/","Containers To Go","Buying guides","footer","200",""
"https://hotdogtrays.com/product/hot-dog-plates/","https://hotdogtrays.com/hot-dog-trays-in-bulk/","Buying in Bulk","Buying guides","footer","200",""
"https://hotdogtrays.com/product/hot-dog-plates/","https://hotdogtrays.com/hot-dog-trays-for-food-trucks/","For Food Trucks","Buying guides","footer","200",""
"https://hotdogtrays.com/product/hot-dog-plates/","https://hotdogtrays.com/hot-dog-trays-for-concession-stands/","For Concessions","Buying guides","footer","200",""
"https://hotdogtrays.com/product/hot-dog-plates/","https://hotdogtrays.com/hot-dog-trays-for-catering/","For Catering","Buying guides","footer","200",""
"https://hotdogtrays.com/product/hot-dog-plates/","https://hotdogtrays.com/paper-vs-plastic-hot-dog-trays/","Paper vs Plastic","Buying guides","footer","200",""
"https://hotdogtrays.com/product/hot-dog-plates/","https://hotdogtrays.com/hot-dog-trays-vs-paper-boats/","Trays vs Boats","Buying guides","footer","200",""
"https://hotdogtrays.com/product/hot-dog-plates/","https://hotdogtrays.com/","HotDogTrays.com","Buying guides","footer","200",""
"https://hotdogtrays.com/product/hot-dog-serving-tray/","https://hotdogtrays.com/","🌭 HotDogTrays Premium Wholesale Trays","(page top)","navigation","200",""
"https://hotdogtrays.com/product/hot-dog-serving-tray/","https://hotdogtrays.com/shop/","All Products ▼","(page top)","navigation","200",""
"https://hotdogtrays.com/product/hot-dog-serving-tray/","https://hotdogtrays.com/product/hot-dog-serving-tray/","Hot Dog Serving Tray","(page top)","navigation","200",""
"https://hotdogtrays.com/product/hot-dog-serving-tray/","https://hotdogtrays.com/product/hot-dog-food-tray/","Hot Dog Food Tray","(page top)","navigation","200",""
"https://hotdogtrays.com/product/hot-dog-serving-tray/","https://hotdogtrays.com/product/hot-dog-plates/","Hot Dog Plates","(page top)","navigation","200",""
"https://hotdogtrays.com/product/hot-dog-serving-tray/","https://hotdogtrays.com/product/paper-hot-dog-trays/","Paper Hot Dog Trays","(page top)","navigation","200",""
"https://hotdogtrays.com/product/hot-dog-serving-tray/","https://hotdogtrays.com/product/hot-dog-paper-holders/","Hot Dog Paper Holders","(page top)","navigation","200",""
"https://hotdogtrays.com/product/hot-dog-serving-tray/","https://hotdogtrays.com/product/disposable-hot-dog-trays/","Disposable Hot Dog Trays","(page top)","navigation","200",""
"https://hotdogtrays.com/product/hot-dog-serving-tray/","https://hotdogtrays.com/product/hot-dog-boats-paper/","Hot Dog Boats Paper","(page top)","navigation","200",""
"https://hotdogtrays.com/product/hot-dog-serving-tray/","https://hotdogtrays.com/product/plastic-hot-dog-trays/","Plastic Hot Dog Trays","(page top)","navigation","200",""
"https://hotdogtrays.com/product/hot-dog-serving-tray/","https://hotdogtrays.com/product/hot-dog-container-paper/","Hot Dog Container Paper","(page top)","navigation","200",""
"https://hotdogtrays.com/product/hot-dog-serving-tray/","https://hotdogtrays.com/product/cardboard-hot-dog-holders/","Cardboard Hot Dog Holders","(page top)","navigation","200",""
"https://hotdogtrays.com/product/hot-dog-serving-tray/","https://hotdogtrays.com/product/disposable-hot-dog-holders/","Disposable Hot Dog Holders","(page top)","navigation","200",""
"https://hotdogtrays.com/product/hot-dog-serving-tray/","https://hotdogtrays.com/product/cardboard-hot-dog-trays/","Cardboard Hot Dog Trays","(page top)","navigation","200",""
"https://hotdogtrays.com/product/hot-dog-serving-tray/","https://hotdogtrays.com/product/red-and-white-hot-dog-trays/","Red and White Hot Dog Trays","(page top)","navigation","200",""
"https://hotdogtrays.com/product/hot-dog-serving-tray/","https://hotdogtrays.com/product/kraft-hot-dog-tray/","Kraft Hot Dog Tray","(page top)","navigation","200",""
"https://hotdogtrays.com/product/hot-dog-serving-tray/","https://hotdogtrays.com/about/","About Us","(page top)","navigation","200",""
"https://hotdogtrays.com/product/hot-dog-serving-tray/","https://hotdogtrays.com/contact/","Contact","(page top)","navigation","200",""
"https://hotdogtrays.com/product/hot-dog-serving-tray/","https://hotdogtrays.com/get-quote/","Get Free Quote","(page top)","navigation","200",""
"https://hotdogtrays.com/product/hot-dog-serving-tray/","https://hotdogtrays.com/shop/","All Products","(page top)","navigation","200",""
"https://hotdogtrays.com/product/hot-dog-serving-tray/","https://hotdogtrays.com/","Home","(page top)","breadcrumb","200",""
"https://hotdogtrays.com/product/hot-dog-serving-tray/","https://hotdogtrays.com/shop/","Shop","(page top)","breadcrumb","200",""
"https://hotdogtrays.com/product/hot-dog-serving-tray/","https://hotdogtrays.com/shop/","Products","Hot Dog Serving Tray","contextual","200",""
"https://hotdogtrays.com/product/hot-dog-serving-tray/","https://hotdogtrays.com/privacy-policy/","Privacy Policy","Get pricing in 2 hours","contextual","200",""
"https://hotdogtrays.com/product/hot-dog-serving-tray/","https://hotdogtrays.com/hot-dog-tray-sizes/","measuring bun length and topping height","Before you order","contextual","200",""
"https://hotdogtrays.com/product/hot-dog-serving-tray/","https://hotdogtrays.com/shop/","Hot Dog Tray Range","Hot Dog Serving Tray For Clean Food Presentation","contextual","200",""
"https://hotdogtrays.com/product/hot-dog-serving-tray/","https://hotdogtrays.com/product/paper-hot-dog-trays/","paper serving trays","Structural Design Supporting Food Stability And Handling","contextual","200",""
"https://hotdogtrays.com/product/hot-dog-serving-tray/","https://hotdogtrays.com/product/plastic-hot-dog-trays/","Sturdy Plastic Trays","Material Composition For Food Safe Tray Use","contextual","200",""
"https://hotdogtrays.com/product/hot-dog-serving-tray/","https://hotdogtrays.com/product/kraft-hot-dog-tray/","Kraft Serving Trays","Customisation And Design Options For Serving Trays","contextual","200",""
"https://hotdogtrays.com/product/hot-dog-serving-tray/","https://hotdogtrays.com/get-quote/","Get Free Design Quote →","Free Professional Design Service","contextual","200",""
"https://hotdogtrays.com/product/hot-dog-serving-tray/","https://hotdogtrays.com/get-quote/","Get Industry Quote","Join Thousands of Satisfied Businesses","contextual","200",""
"https://hotdogtrays.com/product/hot-dog-serving-tray/","https://hotdogtrays.com/contact/","contact us","Frequently Asked Questions","contextual","200",""
"https://hotdogtrays.com/product/hot-dog-serving-tray/","https://hotdogtrays.com/terms-conditions/","Returns & Refunds Policy","Frequently Asked Questions","contextual","200",""
"https://hotdogtrays.com/product/hot-dog-serving-tray/","https://hotdogtrays.com/get-quote/","Request a quote","Frequently Asked Questions","contextual","200",""
"https://hotdogtrays.com/product/hot-dog-serving-tray/","https://hotdogtrays.com/contact/","Contact Support","Still Have Questions?","contextual","200",""
"https://hotdogtrays.com/product/hot-dog-serving-tray/","https://hotdogtrays.com/get-quote/","Order Risk-Free Today","Print Approval Before Production","contextual","200",""
"https://hotdogtrays.com/product/hot-dog-serving-tray/","https://hotdogtrays.com/product/hot-dog-food-tray/","Get Free Quote for Hot Dog Food Tray","Hot Dog Food Tray","related-product","200",""
"https://hotdogtrays.com/product/hot-dog-serving-tray/","https://hotdogtrays.com/product/hot-dog-plates/","Get Free Quote for Hot Dog Plates","Hot Dog Plates","related-product","200",""
"https://hotdogtrays.com/product/hot-dog-serving-tray/","https://hotdogtrays.com/product/paper-hot-dog-trays/","Get Free Quote for Paper Hot Dog Trays","Paper Hot Dog Trays","related-product","200",""
"https://hotdogtrays.com/product/hot-dog-serving-tray/","https://hotdogtrays.com/product/hot-dog-paper-holders/","Get Free Quote for Hot Dog Paper Holders","Hot Dog Paper Holders","related-product","200",""
"https://hotdogtrays.com/product/hot-dog-serving-tray/","https://hotdogtrays.com/faq/","FAQ","Quick Links","footer","200",""
"https://hotdogtrays.com/product/hot-dog-serving-tray/","https://hotdogtrays.com/shipping/","Shipping Info","Quick Links","footer","200",""
"https://hotdogtrays.com/product/hot-dog-serving-tray/","https://hotdogtrays.com/terms-conditions/","Terms & Conditions","Quick Links","footer","200",""
"https://hotdogtrays.com/product/hot-dog-serving-tray/","https://hotdogtrays.com/hot-dog-tray-sizes/","Tray Sizes","Buying guides","footer","200",""
"https://hotdogtrays.com/product/hot-dog-serving-tray/","https://hotdogtrays.com/footlong-hot-dog-trays/","Footlong Trays","Buying guides","footer","200",""
"https://hotdogtrays.com/product/hot-dog-serving-tray/","https://hotdogtrays.com/hot-dog-tray-material-guide/","Material Guide","Buying guides","footer","200",""
"https://hotdogtrays.com/product/hot-dog-serving-tray/","https://hotdogtrays.com/hot-dog-containers-to-go/","Containers To Go","Buying guides","footer","200",""
"https://hotdogtrays.com/product/hot-dog-serving-tray/","https://hotdogtrays.com/hot-dog-trays-in-bulk/","Buying in Bulk","Buying guides","footer","200",""
"https://hotdogtrays.com/product/hot-dog-serving-tray/","https://hotdogtrays.com/hot-dog-trays-for-food-trucks/","For Food Trucks","Buying guides","footer","200",""
"https://hotdogtrays.com/product/hot-dog-serving-tray/","https://hotdogtrays.com/hot-dog-trays-for-concession-stands/","For Concessions","Buying guides","footer","200",""
"https://hotdogtrays.com/product/hot-dog-serving-tray/","https://hotdogtrays.com/hot-dog-trays-for-catering/","For Catering","Buying guides","footer","200",""
"https://hotdogtrays.com/product/hot-dog-serving-tray/","https://hotdogtrays.com/paper-vs-plastic-hot-dog-trays/","Paper vs Plastic","Buying guides","footer","200",""
"https://hotdogtrays.com/product/hot-dog-serving-tray/","https://hotdogtrays.com/hot-dog-trays-vs-paper-boats/","Trays vs Boats","Buying guides","footer","200",""
"https://hotdogtrays.com/product/hot-dog-serving-tray/","https://hotdogtrays.com/","HotDogTrays.com","Buying guides","footer","200",""
"https://hotdogtrays.com/product/kraft-hot-dog-tray/","https://hotdogtrays.com/","🌭 HotDogTrays Premium Wholesale Trays","(page top)","navigation","200",""
"https://hotdogtrays.com/product/kraft-hot-dog-tray/","https://hotdogtrays.com/shop/","All Products ▼","(page top)","navigation","200",""
"https://hotdogtrays.com/product/kraft-hot-dog-tray/","https://hotdogtrays.com/product/hot-dog-serving-tray/","Hot Dog Serving Tray","(page top)","navigation","200",""
"https://hotdogtrays.com/product/kraft-hot-dog-tray/","https://hotdogtrays.com/product/hot-dog-food-tray/","Hot Dog Food Tray","(page top)","navigation","200",""
"https://hotdogtrays.com/product/kraft-hot-dog-tray/","https://hotdogtrays.com/product/hot-dog-plates/","Hot Dog Plates","(page top)","navigation","200",""
"https://hotdogtrays.com/product/kraft-hot-dog-tray/","https://hotdogtrays.com/product/paper-hot-dog-trays/","Paper Hot Dog Trays","(page top)","navigation","200",""
"https://hotdogtrays.com/product/kraft-hot-dog-tray/","https://hotdogtrays.com/product/hot-dog-paper-holders/","Hot Dog Paper Holders","(page top)","navigation","200",""
"https://hotdogtrays.com/product/kraft-hot-dog-tray/","https://hotdogtrays.com/product/disposable-hot-dog-trays/","Disposable Hot Dog Trays","(page top)","navigation","200",""
"https://hotdogtrays.com/product/kraft-hot-dog-tray/","https://hotdogtrays.com/product/hot-dog-boats-paper/","Hot Dog Boats Paper","(page top)","navigation","200",""
"https://hotdogtrays.com/product/kraft-hot-dog-tray/","https://hotdogtrays.com/product/plastic-hot-dog-trays/","Plastic Hot Dog Trays","(page top)","navigation","200",""
"https://hotdogtrays.com/product/kraft-hot-dog-tray/","https://hotdogtrays.com/product/hot-dog-container-paper/","Hot Dog Container Paper","(page top)","navigation","200",""
"https://hotdogtrays.com/product/kraft-hot-dog-tray/","https://hotdogtrays.com/product/cardboard-hot-dog-holders/","Cardboard Hot Dog Holders","(page top)","navigation","200",""
"https://hotdogtrays.com/product/kraft-hot-dog-tray/","https://hotdogtrays.com/product/disposable-hot-dog-holders/","Disposable Hot Dog Holders","(page top)","navigation","200",""
"https://hotdogtrays.com/product/kraft-hot-dog-tray/","https://hotdogtrays.com/product/cardboard-hot-dog-trays/","Cardboard Hot Dog Trays","(page top)","navigation","200",""
"https://hotdogtrays.com/product/kraft-hot-dog-tray/","https://hotdogtrays.com/product/red-and-white-hot-dog-trays/","Red and White Hot Dog Trays","(page top)","navigation","200",""
"https://hotdogtrays.com/product/kraft-hot-dog-tray/","https://hotdogtrays.com/product/kraft-hot-dog-tray/","Kraft Hot Dog Tray","(page top)","navigation","200",""
"https://hotdogtrays.com/product/kraft-hot-dog-tray/","https://hotdogtrays.com/about/","About Us","(page top)","navigation","200",""
"https://hotdogtrays.com/product/kraft-hot-dog-tray/","https://hotdogtrays.com/contact/","Contact","(page top)","navigation","200",""
"https://hotdogtrays.com/product/kraft-hot-dog-tray/","https://hotdogtrays.com/get-quote/","Get Free Quote","(page top)","navigation","200",""
"https://hotdogtrays.com/product/kraft-hot-dog-tray/","https://hotdogtrays.com/shop/","All Products","(page top)","navigation","200",""
"https://hotdogtrays.com/product/kraft-hot-dog-tray/","https://hotdogtrays.com/","Home","(page top)","breadcrumb","200",""
"https://hotdogtrays.com/product/kraft-hot-dog-tray/","https://hotdogtrays.com/shop/","Shop","(page top)","breadcrumb","200",""
"https://hotdogtrays.com/product/kraft-hot-dog-tray/","https://hotdogtrays.com/shop/","Products","Kraft Hot Dog Tray","contextual","200",""
"https://hotdogtrays.com/product/kraft-hot-dog-tray/","https://hotdogtrays.com/privacy-policy/","Privacy Policy","Get pricing in 2 hours","contextual","200",""
"https://hotdogtrays.com/product/kraft-hot-dog-tray/","https://hotdogtrays.com/hot-dog-tray-material-guide/","how each stock takes ink","Before you order","contextual","200",""
"https://hotdogtrays.com/product/kraft-hot-dog-tray/","https://hotdogtrays.com/shop/","Kraft tray range","Kraft Hot Dog Trays For Clean And Secure Food Serving","contextual","200",""
"https://hotdogtrays.com/product/kraft-hot-dog-tray/","https://hotdogtrays.com/product/paper-hot-dog-trays/","paper tray options","Material Composition And Food Safe Properties","contextual","200",""
"https://hotdogtrays.com/product/kraft-hot-dog-tray/","https://hotdogtrays.com/product/hot-dog-boats-paper/","boat trays","Customisation And Design Options For Kraft Trays","contextual","200",""
"https://hotdogtrays.com/product/kraft-hot-dog-tray/","https://hotdogtrays.com/product/cardboard-hot-dog-trays/","cardboard tray formats","Size Options And Tray Capacity Range","contextual","200",""
"https://hotdogtrays.com/product/kraft-hot-dog-tray/","https://hotdogtrays.com/get-quote/","Get Free Design Quote →","Free Professional Design Service","contextual","200",""
"https://hotdogtrays.com/product/kraft-hot-dog-tray/","https://hotdogtrays.com/get-quote/","Get Industry Quote","Join Thousands of Satisfied Businesses","contextual","200",""
"https://hotdogtrays.com/product/kraft-hot-dog-tray/","https://hotdogtrays.com/contact/","contact us","Frequently Asked Questions","contextual","200",""
"https://hotdogtrays.com/product/kraft-hot-dog-tray/","https://hotdogtrays.com/terms-conditions/","Returns & Refunds Policy","Frequently Asked Questions","contextual","200",""
"https://hotdogtrays.com/product/kraft-hot-dog-tray/","https://hotdogtrays.com/get-quote/","Request a quote","Frequently Asked Questions","contextual","200",""
"https://hotdogtrays.com/product/kraft-hot-dog-tray/","https://hotdogtrays.com/contact/","Contact Support","Still Have Questions?","contextual","200",""
"https://hotdogtrays.com/product/kraft-hot-dog-tray/","https://hotdogtrays.com/get-quote/","Order Risk-Free Today","Print Approval Before Production","contextual","200",""
"https://hotdogtrays.com/product/kraft-hot-dog-tray/","https://hotdogtrays.com/product/hot-dog-serving-tray/","Get Free Quote for Hot Dog Serving Tray","Hot Dog Serving Tray","related-product","200",""
"https://hotdogtrays.com/product/kraft-hot-dog-tray/","https://hotdogtrays.com/product/hot-dog-food-tray/","Get Free Quote for Hot Dog Food Tray","Hot Dog Food Tray","related-product","200",""
"https://hotdogtrays.com/product/kraft-hot-dog-tray/","https://hotdogtrays.com/product/hot-dog-plates/","Get Free Quote for Hot Dog Plates","Hot Dog Plates","related-product","200",""
"https://hotdogtrays.com/product/kraft-hot-dog-tray/","https://hotdogtrays.com/product/paper-hot-dog-trays/","Get Free Quote for Paper Hot Dog Trays","Paper Hot Dog Trays","related-product","200",""
"https://hotdogtrays.com/product/kraft-hot-dog-tray/","https://hotdogtrays.com/faq/","FAQ","Quick Links","footer","200",""
"https://hotdogtrays.com/product/kraft-hot-dog-tray/","https://hotdogtrays.com/shipping/","Shipping Info","Quick Links","footer","200",""
"https://hotdogtrays.com/product/kraft-hot-dog-tray/","https://hotdogtrays.com/terms-conditions/","Terms & Conditions","Quick Links","footer","200",""
"https://hotdogtrays.com/product/kraft-hot-dog-tray/","https://hotdogtrays.com/hot-dog-tray-sizes/","Tray Sizes","Buying guides","footer","200",""
"https://hotdogtrays.com/product/kraft-hot-dog-tray/","https://hotdogtrays.com/footlong-hot-dog-trays/","Footlong Trays","Buying guides","footer","200",""
"https://hotdogtrays.com/product/kraft-hot-dog-tray/","https://hotdogtrays.com/hot-dog-tray-material-guide/","Material Guide","Buying guides","footer","200",""
"https://hotdogtrays.com/product/kraft-hot-dog-tray/","https://hotdogtrays.com/hot-dog-containers-to-go/","Containers To Go","Buying guides","footer","200",""
"https://hotdogtrays.com/product/kraft-hot-dog-tray/","https://hotdogtrays.com/hot-dog-trays-in-bulk/","Buying in Bulk","Buying guides","footer","200",""
"https://hotdogtrays.com/product/kraft-hot-dog-tray/","https://hotdogtrays.com/hot-dog-trays-for-food-trucks/","For Food Trucks","Buying guides","footer","200",""
"https://hotdogtrays.com/product/kraft-hot-dog-tray/","https://hotdogtrays.com/hot-dog-trays-for-concession-stands/","For Concessions","Buying guides","footer","200",""
"https://hotdogtrays.com/product/kraft-hot-dog-tray/","https://hotdogtrays.com/hot-dog-trays-for-catering/","For Catering","Buying guides","footer","200",""
"https://hotdogtrays.com/product/kraft-hot-dog-tray/","https://hotdogtrays.com/paper-vs-plastic-hot-dog-trays/","Paper vs Plastic","Buying guides","footer","200",""
"https://hotdogtrays.com/product/kraft-hot-dog-tray/","https://hotdogtrays.com/hot-dog-trays-vs-paper-boats/","Trays vs Boats","Buying guides","footer","200",""
"https://hotdogtrays.com/product/kraft-hot-dog-tray/","https://hotdogtrays.com/","HotDogTrays.com","Buying guides","footer","200",""
"https://hotdogtrays.com/product/paper-hot-dog-trays/","https://hotdogtrays.com/","🌭 HotDogTrays Premium Wholesale Trays","(page top)","navigation","200",""
"https://hotdogtrays.com/product/paper-hot-dog-trays/","https://hotdogtrays.com/shop/","All Products ▼","(page top)","navigation","200",""
"https://hotdogtrays.com/product/paper-hot-dog-trays/","https://hotdogtrays.com/product/hot-dog-serving-tray/","Hot Dog Serving Tray","(page top)","navigation","200",""
"https://hotdogtrays.com/product/paper-hot-dog-trays/","https://hotdogtrays.com/product/hot-dog-food-tray/","Hot Dog Food Tray","(page top)","navigation","200",""
"https://hotdogtrays.com/product/paper-hot-dog-trays/","https://hotdogtrays.com/product/hot-dog-plates/","Hot Dog Plates","(page top)","navigation","200",""
"https://hotdogtrays.com/product/paper-hot-dog-trays/","https://hotdogtrays.com/product/paper-hot-dog-trays/","Paper Hot Dog Trays","(page top)","navigation","200",""
"https://hotdogtrays.com/product/paper-hot-dog-trays/","https://hotdogtrays.com/product/hot-dog-paper-holders/","Hot Dog Paper Holders","(page top)","navigation","200",""
"https://hotdogtrays.com/product/paper-hot-dog-trays/","https://hotdogtrays.com/product/disposable-hot-dog-trays/","Disposable Hot Dog Trays","(page top)","navigation","200",""
"https://hotdogtrays.com/product/paper-hot-dog-trays/","https://hotdogtrays.com/product/hot-dog-boats-paper/","Hot Dog Boats Paper","(page top)","navigation","200",""
"https://hotdogtrays.com/product/paper-hot-dog-trays/","https://hotdogtrays.com/product/plastic-hot-dog-trays/","Plastic Hot Dog Trays","(page top)","navigation","200",""
"https://hotdogtrays.com/product/paper-hot-dog-trays/","https://hotdogtrays.com/product/hot-dog-container-paper/","Hot Dog Container Paper","(page top)","navigation","200",""
"https://hotdogtrays.com/product/paper-hot-dog-trays/","https://hotdogtrays.com/product/cardboard-hot-dog-holders/","Cardboard Hot Dog Holders","(page top)","navigation","200",""
"https://hotdogtrays.com/product/paper-hot-dog-trays/","https://hotdogtrays.com/product/disposable-hot-dog-holders/","Disposable Hot Dog Holders","(page top)","navigation","200",""
"https://hotdogtrays.com/product/paper-hot-dog-trays/","https://hotdogtrays.com/product/cardboard-hot-dog-trays/","Cardboard Hot Dog Trays","(page top)","navigation","200",""
"https://hotdogtrays.com/product/paper-hot-dog-trays/","https://hotdogtrays.com/product/red-and-white-hot-dog-trays/","Red and White Hot Dog Trays","(page top)","navigation","200",""
"https://hotdogtrays.com/product/paper-hot-dog-trays/","https://hotdogtrays.com/product/kraft-hot-dog-tray/","Kraft Hot Dog Tray","(page top)","navigation","200",""
"https://hotdogtrays.com/product/paper-hot-dog-trays/","https://hotdogtrays.com/about/","About Us","(page top)","navigation","200",""
"https://hotdogtrays.com/product/paper-hot-dog-trays/","https://hotdogtrays.com/contact/","Contact","(page top)","navigation","200",""
"https://hotdogtrays.com/product/paper-hot-dog-trays/","https://hotdogtrays.com/get-quote/","Get Free Quote","(page top)","navigation","200",""
"https://hotdogtrays.com/product/paper-hot-dog-trays/","https://hotdogtrays.com/shop/","All Products","(page top)","navigation","200",""
"https://hotdogtrays.com/product/paper-hot-dog-trays/","https://hotdogtrays.com/","Home","(page top)","breadcrumb","200",""
"https://hotdogtrays.com/product/paper-hot-dog-trays/","https://hotdogtrays.com/shop/","Shop","(page top)","breadcrumb","200",""
"https://hotdogtrays.com/product/paper-hot-dog-trays/","https://hotdogtrays.com/shop/","Products","Paper Hot Dog Trays","contextual","200",""
"https://hotdogtrays.com/product/paper-hot-dog-trays/","https://hotdogtrays.com/privacy-policy/","Privacy Policy","Get pricing in 2 hours","contextual","200",""
"https://hotdogtrays.com/product/paper-hot-dog-trays/","https://hotdogtrays.com/hot-dog-tray-sizes/","measuring the assembled portion","Before you order","contextual","200",""
"https://hotdogtrays.com/product/paper-hot-dog-trays/","https://hotdogtrays.com/shop/","paper tray options","Paper Hot Dog Trays For Food Serving","contextual","200",""
"https://hotdogtrays.com/product/paper-hot-dog-trays/","https://hotdogtrays.com/product/hot-dog-boats-paper/","paper boat trays","Durable Tray Structure For Secure Food Holding","contextual","200",""
"https://hotdogtrays.com/product/paper-hot-dog-trays/","https://hotdogtrays.com/product/hot-dog-container-paper/","paper food containers","Material Composition For Food Safety And Strength","contextual","200",""
"https://hotdogtrays.com/product/paper-hot-dog-trays/","https://hotdogtrays.com/product/kraft-hot-dog-tray/","kraft paper trays","Customisation Options For Paper Hot Dog Trays","contextual","200",""
"https://hotdogtrays.com/product/paper-hot-dog-trays/","https://hotdogtrays.com/get-quote/","Get Free Design Quote →","Free Professional Design Service","contextual","200",""
"https://hotdogtrays.com/product/paper-hot-dog-trays/","https://hotdogtrays.com/get-quote/","Get Industry Quote","Join Thousands of Satisfied Businesses","contextual","200",""
"https://hotdogtrays.com/product/paper-hot-dog-trays/","https://hotdogtrays.com/contact/","contact us","Frequently Asked Questions","contextual","200",""
"https://hotdogtrays.com/product/paper-hot-dog-trays/","https://hotdogtrays.com/terms-conditions/","Returns & Refunds Policy","Frequently Asked Questions","contextual","200",""
"https://hotdogtrays.com/product/paper-hot-dog-trays/","https://hotdogtrays.com/get-quote/","Request a quote","Frequently Asked Questions","contextual","200",""
"https://hotdogtrays.com/product/paper-hot-dog-trays/","https://hotdogtrays.com/contact/","Contact Support","Still Have Questions?","contextual","200",""
"https://hotdogtrays.com/product/paper-hot-dog-trays/","https://hotdogtrays.com/get-quote/","Order Risk-Free Today","Print Approval Before Production","contextual","200",""
"https://hotdogtrays.com/product/paper-hot-dog-trays/","https://hotdogtrays.com/product/hot-dog-paper-holders/","Get Free Quote for Hot Dog Paper Holders","Hot Dog Paper Holders","related-product","200",""
"https://hotdogtrays.com/product/paper-hot-dog-trays/","https://hotdogtrays.com/product/disposable-hot-dog-trays/","Get Free Quote for Disposable Hot Dog Trays","Disposable Hot Dog Trays","related-product","200",""
"https://hotdogtrays.com/product/paper-hot-dog-trays/","https://hotdogtrays.com/product/hot-dog-boats-paper/","Get Free Quote for Hot Dog Boats Paper","Hot Dog Boats Paper","related-product","200",""
"https://hotdogtrays.com/product/paper-hot-dog-trays/","https://hotdogtrays.com/product/plastic-hot-dog-trays/","Get Free Quote for Plastic Hot Dog Trays","Plastic Hot Dog Trays","related-product","200",""
"https://hotdogtrays.com/product/paper-hot-dog-trays/","https://hotdogtrays.com/faq/","FAQ","Quick Links","footer","200",""
"https://hotdogtrays.com/product/paper-hot-dog-trays/","https://hotdogtrays.com/shipping/","Shipping Info","Quick Links","footer","200",""
"https://hotdogtrays.com/product/paper-hot-dog-trays/","https://hotdogtrays.com/terms-conditions/","Terms & Conditions","Quick Links","footer","200",""
"https://hotdogtrays.com/product/paper-hot-dog-trays/","https://hotdogtrays.com/hot-dog-tray-sizes/","Tray Sizes","Buying guides","footer","200",""
"https://hotdogtrays.com/product/paper-hot-dog-trays/","https://hotdogtrays.com/footlong-hot-dog-trays/","Footlong Trays","Buying guides","footer","200",""
"https://hotdogtrays.com/product/paper-hot-dog-trays/","https://hotdogtrays.com/hot-dog-tray-material-guide/","Material Guide","Buying guides","footer","200",""
"https://hotdogtrays.com/product/paper-hot-dog-trays/","https://hotdogtrays.com/hot-dog-containers-to-go/","Containers To Go","Buying guides","footer","200",""
"https://hotdogtrays.com/product/paper-hot-dog-trays/","https://hotdogtrays.com/hot-dog-trays-in-bulk/","Buying in Bulk","Buying guides","footer","200",""
"https://hotdogtrays.com/product/paper-hot-dog-trays/","https://hotdogtrays.com/hot-dog-trays-for-food-trucks/","For Food Trucks","Buying guides","footer","200",""
"https://hotdogtrays.com/product/paper-hot-dog-trays/","https://hotdogtrays.com/hot-dog-trays-for-concession-stands/","For Concessions","Buying guides","footer","200",""
"https://hotdogtrays.com/product/paper-hot-dog-trays/","https://hotdogtrays.com/hot-dog-trays-for-catering/","For Catering","Buying guides","footer","200",""
"https://hotdogtrays.com/product/paper-hot-dog-trays/","https://hotdogtrays.com/paper-vs-plastic-hot-dog-trays/","Paper vs Plastic","Buying guides","footer","200",""
"https://hotdogtrays.com/product/paper-hot-dog-trays/","https://hotdogtrays.com/hot-dog-trays-vs-paper-boats/","Trays vs Boats","Buying guides","footer","200",""
"https://hotdogtrays.com/product/paper-hot-dog-trays/","https://hotdogtrays.com/","HotDogTrays.com","Buying guides","footer","200",""
"https://hotdogtrays.com/product/plastic-hot-dog-trays/","https://hotdogtrays.com/","🌭 HotDogTrays Premium Wholesale Trays","(page top)","navigation","200",""
"https://hotdogtrays.com/product/plastic-hot-dog-trays/","https://hotdogtrays.com/shop/","All Products ▼","(page top)","navigation","200",""
"https://hotdogtrays.com/product/plastic-hot-dog-trays/","https://hotdogtrays.com/product/hot-dog-serving-tray/","Hot Dog Serving Tray","(page top)","navigation","200",""
"https://hotdogtrays.com/product/plastic-hot-dog-trays/","https://hotdogtrays.com/product/hot-dog-food-tray/","Hot Dog Food Tray","(page top)","navigation","200",""
"https://hotdogtrays.com/product/plastic-hot-dog-trays/","https://hotdogtrays.com/product/hot-dog-plates/","Hot Dog Plates","(page top)","navigation","200",""
"https://hotdogtrays.com/product/plastic-hot-dog-trays/","https://hotdogtrays.com/product/paper-hot-dog-trays/","Paper Hot Dog Trays","(page top)","navigation","200",""
"https://hotdogtrays.com/product/plastic-hot-dog-trays/","https://hotdogtrays.com/product/hot-dog-paper-holders/","Hot Dog Paper Holders","(page top)","navigation","200",""
"https://hotdogtrays.com/product/plastic-hot-dog-trays/","https://hotdogtrays.com/product/disposable-hot-dog-trays/","Disposable Hot Dog Trays","(page top)","navigation","200",""
"https://hotdogtrays.com/product/plastic-hot-dog-trays/","https://hotdogtrays.com/product/hot-dog-boats-paper/","Hot Dog Boats Paper","(page top)","navigation","200",""
"https://hotdogtrays.com/product/plastic-hot-dog-trays/","https://hotdogtrays.com/product/plastic-hot-dog-trays/","Plastic Hot Dog Trays","(page top)","navigation","200",""
"https://hotdogtrays.com/product/plastic-hot-dog-trays/","https://hotdogtrays.com/product/hot-dog-container-paper/","Hot Dog Container Paper","(page top)","navigation","200",""
"https://hotdogtrays.com/product/plastic-hot-dog-trays/","https://hotdogtrays.com/product/cardboard-hot-dog-holders/","Cardboard Hot Dog Holders","(page top)","navigation","200",""
"https://hotdogtrays.com/product/plastic-hot-dog-trays/","https://hotdogtrays.com/product/disposable-hot-dog-holders/","Disposable Hot Dog Holders","(page top)","navigation","200",""
"https://hotdogtrays.com/product/plastic-hot-dog-trays/","https://hotdogtrays.com/product/cardboard-hot-dog-trays/","Cardboard Hot Dog Trays","(page top)","navigation","200",""
"https://hotdogtrays.com/product/plastic-hot-dog-trays/","https://hotdogtrays.com/product/red-and-white-hot-dog-trays/","Red and White Hot Dog Trays","(page top)","navigation","200",""
"https://hotdogtrays.com/product/plastic-hot-dog-trays/","https://hotdogtrays.com/product/kraft-hot-dog-tray/","Kraft Hot Dog Tray","(page top)","navigation","200",""
"https://hotdogtrays.com/product/plastic-hot-dog-trays/","https://hotdogtrays.com/about/","About Us","(page top)","navigation","200",""
"https://hotdogtrays.com/product/plastic-hot-dog-trays/","https://hotdogtrays.com/contact/","Contact","(page top)","navigation","200",""
"https://hotdogtrays.com/product/plastic-hot-dog-trays/","https://hotdogtrays.com/get-quote/","Get Free Quote","(page top)","navigation","200",""
"https://hotdogtrays.com/product/plastic-hot-dog-trays/","https://hotdogtrays.com/shop/","All Products","(page top)","navigation","200",""
"https://hotdogtrays.com/product/plastic-hot-dog-trays/","https://hotdogtrays.com/","Home","(page top)","breadcrumb","200",""
"https://hotdogtrays.com/product/plastic-hot-dog-trays/","https://hotdogtrays.com/shop/","Shop","(page top)","breadcrumb","200",""
"https://hotdogtrays.com/product/plastic-hot-dog-trays/","https://hotdogtrays.com/shop/","Products","Plastic Hot Dog Trays","contextual","200",""
"https://hotdogtrays.com/product/plastic-hot-dog-trays/","https://hotdogtrays.com/privacy-policy/","Privacy Policy","Get pricing in 2 hours","contextual","200",""
"https://hotdogtrays.com/product/plastic-hot-dog-trays/","https://hotdogtrays.com/paper-vs-plastic-hot-dog-trays/","a direct comparison","Before you order","contextual","200",""
"https://hotdogtrays.com/product/plastic-hot-dog-trays/","https://hotdogtrays.com/shop/","plastic tray range","Plastic Hot Dog Trays For Structured Food Serving","contextual","200",""
"https://hotdogtrays.com/product/plastic-hot-dog-trays/","https://hotdogtrays.com/product/disposable-hot-dog-trays/","single use tray options","Material Strength And Food Contact Safety","contextual","200",""
"https://hotdogtrays.com/product/plastic-hot-dog-trays/","https://hotdogtrays.com/product/hot-dog-plates/","serving plates","Customisation Options And Tray Configurations","contextual","200",""
"https://hotdogtrays.com/product/plastic-hot-dog-trays/","https://hotdogtrays.com/product/hot-dog-food-tray/","food tray format","Functional Enhancements And Handling Features","contextual","200",""
"https://hotdogtrays.com/product/plastic-hot-dog-trays/","https://hotdogtrays.com/get-quote/","Get Free Design Quote →","Free Professional Design Service","contextual","200",""
"https://hotdogtrays.com/product/plastic-hot-dog-trays/","https://hotdogtrays.com/get-quote/","Get Industry Quote","Join Thousands of Satisfied Businesses","contextual","200",""
"https://hotdogtrays.com/product/plastic-hot-dog-trays/","https://hotdogtrays.com/contact/","contact us","Frequently Asked Questions","contextual","200",""
"https://hotdogtrays.com/product/plastic-hot-dog-trays/","https://hotdogtrays.com/terms-conditions/","Returns & Refunds Policy","Frequently Asked Questions","contextual","200",""
"https://hotdogtrays.com/product/plastic-hot-dog-trays/","https://hotdogtrays.com/get-quote/","Request a quote","Frequently Asked Questions","contextual","200",""
"https://hotdogtrays.com/product/plastic-hot-dog-trays/","https://hotdogtrays.com/contact/","Contact Support","Still Have Questions?","contextual","200",""
"https://hotdogtrays.com/product/plastic-hot-dog-trays/","https://hotdogtrays.com/get-quote/","Order Risk-Free Today","Print Approval Before Production","contextual","200",""
"https://hotdogtrays.com/product/plastic-hot-dog-trays/","https://hotdogtrays.com/product/hot-dog-container-paper/","Get Free Quote for Hot Dog Container Paper","Hot Dog Container Paper","related-product","200",""
"https://hotdogtrays.com/product/plastic-hot-dog-trays/","https://hotdogtrays.com/product/cardboard-hot-dog-holders/","Get Free Quote for Cardboard Hot Dog Holders","Cardboard Hot Dog Holders","related-product","200",""
"https://hotdogtrays.com/product/plastic-hot-dog-trays/","https://hotdogtrays.com/product/disposable-hot-dog-holders/","Get Free Quote for Disposable Hot Dog Holders","Disposable Hot Dog Holders","related-product","200",""
"https://hotdogtrays.com/product/plastic-hot-dog-trays/","https://hotdogtrays.com/product/cardboard-hot-dog-trays/","Get Free Quote for Cardboard Hot Dog Trays","Cardboard Hot Dog Trays","related-product","200",""
"https://hotdogtrays.com/product/plastic-hot-dog-trays/","https://hotdogtrays.com/faq/","FAQ","Quick Links","footer","200",""
"https://hotdogtrays.com/product/plastic-hot-dog-trays/","https://hotdogtrays.com/shipping/","Shipping Info","Quick Links","footer","200",""
"https://hotdogtrays.com/product/plastic-hot-dog-trays/","https://hotdogtrays.com/terms-conditions/","Terms & Conditions","Quick Links","footer","200",""
"https://hotdogtrays.com/product/plastic-hot-dog-trays/","https://hotdogtrays.com/hot-dog-tray-sizes/","Tray Sizes","Buying guides","footer","200",""
"https://hotdogtrays.com/product/plastic-hot-dog-trays/","https://hotdogtrays.com/footlong-hot-dog-trays/","Footlong Trays","Buying guides","footer","200",""
"https://hotdogtrays.com/product/plastic-hot-dog-trays/","https://hotdogtrays.com/hot-dog-tray-material-guide/","Material Guide","Buying guides","footer","200",""
"https://hotdogtrays.com/product/plastic-hot-dog-trays/","https://hotdogtrays.com/hot-dog-containers-to-go/","Containers To Go","Buying guides","footer","200",""
"https://hotdogtrays.com/product/plastic-hot-dog-trays/","https://hotdogtrays.com/hot-dog-trays-in-bulk/","Buying in Bulk","Buying guides","footer","200",""
"https://hotdogtrays.com/product/plastic-hot-dog-trays/","https://hotdogtrays.com/hot-dog-trays-for-food-trucks/","For Food Trucks","Buying guides","footer","200",""
"https://hotdogtrays.com/product/plastic-hot-dog-trays/","https://hotdogtrays.com/hot-dog-trays-for-concession-stands/","For Concessions","Buying guides","footer","200",""
"https://hotdogtrays.com/product/plastic-hot-dog-trays/","https://hotdogtrays.com/hot-dog-trays-for-catering/","For Catering","Buying guides","footer","200",""
"https://hotdogtrays.com/product/plastic-hot-dog-trays/","https://hotdogtrays.com/paper-vs-plastic-hot-dog-trays/","Paper vs Plastic","Buying guides","footer","200",""
"https://hotdogtrays.com/product/plastic-hot-dog-trays/","https://hotdogtrays.com/hot-dog-trays-vs-paper-boats/","Trays vs Boats","Buying guides","footer","200",""
"https://hotdogtrays.com/product/plastic-hot-dog-trays/","https://hotdogtrays.com/","HotDogTrays.com","Buying guides","footer","200",""
"https://hotdogtrays.com/product/red-and-white-hot-dog-trays/","https://hotdogtrays.com/","🌭 HotDogTrays Premium Wholesale Trays","(page top)","navigation","200",""
"https://hotdogtrays.com/product/red-and-white-hot-dog-trays/","https://hotdogtrays.com/shop/","All Products ▼","(page top)","navigation","200",""
"https://hotdogtrays.com/product/red-and-white-hot-dog-trays/","https://hotdogtrays.com/product/hot-dog-serving-tray/","Hot Dog Serving Tray","(page top)","navigation","200",""
"https://hotdogtrays.com/product/red-and-white-hot-dog-trays/","https://hotdogtrays.com/product/hot-dog-food-tray/","Hot Dog Food Tray","(page top)","navigation","200",""
"https://hotdogtrays.com/product/red-and-white-hot-dog-trays/","https://hotdogtrays.com/product/hot-dog-plates/","Hot Dog Plates","(page top)","navigation","200",""
"https://hotdogtrays.com/product/red-and-white-hot-dog-trays/","https://hotdogtrays.com/product/paper-hot-dog-trays/","Paper Hot Dog Trays","(page top)","navigation","200",""
"https://hotdogtrays.com/product/red-and-white-hot-dog-trays/","https://hotdogtrays.com/product/hot-dog-paper-holders/","Hot Dog Paper Holders","(page top)","navigation","200",""
"https://hotdogtrays.com/product/red-and-white-hot-dog-trays/","https://hotdogtrays.com/product/disposable-hot-dog-trays/","Disposable Hot Dog Trays","(page top)","navigation","200",""
"https://hotdogtrays.com/product/red-and-white-hot-dog-trays/","https://hotdogtrays.com/product/hot-dog-boats-paper/","Hot Dog Boats Paper","(page top)","navigation","200",""
"https://hotdogtrays.com/product/red-and-white-hot-dog-trays/","https://hotdogtrays.com/product/plastic-hot-dog-trays/","Plastic Hot Dog Trays","(page top)","navigation","200",""
"https://hotdogtrays.com/product/red-and-white-hot-dog-trays/","https://hotdogtrays.com/product/hot-dog-container-paper/","Hot Dog Container Paper","(page top)","navigation","200",""
"https://hotdogtrays.com/product/red-and-white-hot-dog-trays/","https://hotdogtrays.com/product/cardboard-hot-dog-holders/","Cardboard Hot Dog Holders","(page top)","navigation","200",""
"https://hotdogtrays.com/product/red-and-white-hot-dog-trays/","https://hotdogtrays.com/product/disposable-hot-dog-holders/","Disposable Hot Dog Holders","(page top)","navigation","200",""
"https://hotdogtrays.com/product/red-and-white-hot-dog-trays/","https://hotdogtrays.com/product/cardboard-hot-dog-trays/","Cardboard Hot Dog Trays","(page top)","navigation","200",""
"https://hotdogtrays.com/product/red-and-white-hot-dog-trays/","https://hotdogtrays.com/product/red-and-white-hot-dog-trays/","Red and White Hot Dog Trays","(page top)","navigation","200",""
"https://hotdogtrays.com/product/red-and-white-hot-dog-trays/","https://hotdogtrays.com/product/kraft-hot-dog-tray/","Kraft Hot Dog Tray","(page top)","navigation","200",""
"https://hotdogtrays.com/product/red-and-white-hot-dog-trays/","https://hotdogtrays.com/about/","About Us","(page top)","navigation","200",""
"https://hotdogtrays.com/product/red-and-white-hot-dog-trays/","https://hotdogtrays.com/contact/","Contact","(page top)","navigation","200",""
"https://hotdogtrays.com/product/red-and-white-hot-dog-trays/","https://hotdogtrays.com/get-quote/","Get Free Quote","(page top)","navigation","200",""
"https://hotdogtrays.com/product/red-and-white-hot-dog-trays/","https://hotdogtrays.com/shop/","All Products","(page top)","navigation","200",""
"https://hotdogtrays.com/product/red-and-white-hot-dog-trays/","https://hotdogtrays.com/","Home","(page top)","breadcrumb","200",""
"https://hotdogtrays.com/product/red-and-white-hot-dog-trays/","https://hotdogtrays.com/shop/","Shop","(page top)","breadcrumb","200",""
"https://hotdogtrays.com/product/red-and-white-hot-dog-trays/","https://hotdogtrays.com/shop/","Products","Red and White Hot Dog Trays","contextual","200",""
"https://hotdogtrays.com/product/red-and-white-hot-dog-trays/","https://hotdogtrays.com/privacy-policy/","Privacy Policy","Get pricing in 2 hours","contextual","200",""
"https://hotdogtrays.com/product/red-and-white-hot-dog-trays/","https://hotdogtrays.com/hot-dog-trays-for-concession-stands/","planning for interval rushes","Before you order","contextual","200",""
"https://hotdogtrays.com/product/red-and-white-hot-dog-trays/","https://hotdogtrays.com/shop/","classic tray styles","Red And White Hot Dog Trays For Food Serving","contextual","200",""
"https://hotdogtrays.com/product/red-and-white-hot-dog-trays/","https://hotdogtrays.com/product/paper-hot-dog-trays/","paper tray formats","Material Composition For Food Safety And Strength","contextual","200",""
"https://hotdogtrays.com/product/red-and-white-hot-dog-trays/","https://hotdogtrays.com/product/disposable-hot-dog-trays/","single use trays","Functional Design And Customisation Options","contextual","200",""
"https://hotdogtrays.com/product/red-and-white-hot-dog-trays/","https://hotdogtrays.com/product/cardboard-hot-dog-trays/","sturdy tray styles","Functional Additions For Better Usability","contextual","200",""
"https://hotdogtrays.com/product/red-and-white-hot-dog-trays/","https://hotdogtrays.com/get-quote/","Get Free Design Quote →","Free Professional Design Service","contextual","200",""
"https://hotdogtrays.com/product/red-and-white-hot-dog-trays/","https://hotdogtrays.com/get-quote/","Get Industry Quote","Join Thousands of Satisfied Businesses","contextual","200",""
"https://hotdogtrays.com/product/red-and-white-hot-dog-trays/","https://hotdogtrays.com/contact/","contact us","Frequently Asked Questions","contextual","200",""
"https://hotdogtrays.com/product/red-and-white-hot-dog-trays/","https://hotdogtrays.com/terms-conditions/","Returns & Refunds Policy","Frequently Asked Questions","contextual","200",""
"https://hotdogtrays.com/product/red-and-white-hot-dog-trays/","https://hotdogtrays.com/get-quote/","Request a quote","Frequently Asked Questions","contextual","200",""
"https://hotdogtrays.com/product/red-and-white-hot-dog-trays/","https://hotdogtrays.com/contact/","Contact Support","Still Have Questions?","contextual","200",""
"https://hotdogtrays.com/product/red-and-white-hot-dog-trays/","https://hotdogtrays.com/get-quote/","Order Risk-Free Today","Print Approval Before Production","contextual","200",""
"https://hotdogtrays.com/product/red-and-white-hot-dog-trays/","https://hotdogtrays.com/product/kraft-hot-dog-tray/","Get Free Quote for Kraft Hot Dog Tray","Kraft Hot Dog Tray","related-product","200",""
"https://hotdogtrays.com/product/red-and-white-hot-dog-trays/","https://hotdogtrays.com/product/hot-dog-serving-tray/","Get Free Quote for Hot Dog Serving Tray","Hot Dog Serving Tray","related-product","200",""
"https://hotdogtrays.com/product/red-and-white-hot-dog-trays/","https://hotdogtrays.com/product/hot-dog-food-tray/","Get Free Quote for Hot Dog Food Tray","Hot Dog Food Tray","related-product","200",""
"https://hotdogtrays.com/product/red-and-white-hot-dog-trays/","https://hotdogtrays.com/product/hot-dog-plates/","Get Free Quote for Hot Dog Plates","Hot Dog Plates","related-product","200",""
"https://hotdogtrays.com/product/red-and-white-hot-dog-trays/","https://hotdogtrays.com/faq/","FAQ","Quick Links","footer","200",""
"https://hotdogtrays.com/product/red-and-white-hot-dog-trays/","https://hotdogtrays.com/shipping/","Shipping Info","Quick Links","footer","200",""
"https://hotdogtrays.com/product/red-and-white-hot-dog-trays/","https://hotdogtrays.com/terms-conditions/","Terms & Conditions","Quick Links","footer","200",""
"https://hotdogtrays.com/product/red-and-white-hot-dog-trays/","https://hotdogtrays.com/hot-dog-tray-sizes/","Tray Sizes","Buying guides","footer","200",""
"https://hotdogtrays.com/product/red-and-white-hot-dog-trays/","https://hotdogtrays.com/footlong-hot-dog-trays/","Footlong Trays","Buying guides","footer","200",""
"https://hotdogtrays.com/product/red-and-white-hot-dog-trays/","https://hotdogtrays.com/hot-dog-tray-material-guide/","Material Guide","Buying guides","footer","200",""
"https://hotdogtrays.com/product/red-and-white-hot-dog-trays/","https://hotdogtrays.com/hot-dog-containers-to-go/","Containers To Go","Buying guides","footer","200",""
"https://hotdogtrays.com/product/red-and-white-hot-dog-trays/","https://hotdogtrays.com/hot-dog-trays-in-bulk/","Buying in Bulk","Buying guides","footer","200",""
"https://hotdogtrays.com/product/red-and-white-hot-dog-trays/","https://hotdogtrays.com/hot-dog-trays-for-food-trucks/","For Food Trucks","Buying guides","footer","200",""
"https://hotdogtrays.com/product/red-and-white-hot-dog-trays/","https://hotdogtrays.com/hot-dog-trays-for-concession-stands/","For Concessions","Buying guides","footer","200",""
"https://hotdogtrays.com/product/red-and-white-hot-dog-trays/","https://hotdogtrays.com/hot-dog-trays-for-catering/","For Catering","Buying guides","footer","200",""
"https://hotdogtrays.com/product/red-and-white-hot-dog-trays/","https://hotdogtrays.com/paper-vs-plastic-hot-dog-trays/","Paper vs Plastic","Buying guides","footer","200",""
"https://hotdogtrays.com/product/red-and-white-hot-dog-trays/","https://hotdogtrays.com/hot-dog-trays-vs-paper-boats/","Trays vs Boats","Buying guides","footer","200",""
"https://hotdogtrays.com/product/red-and-white-hot-dog-trays/","https://hotdogtrays.com/","HotDogTrays.com","Buying guides","footer","200",""
"https://hotdogtrays.com/sample-page/","https://hotdogtrays.com/","🌭 HotDogTrays Premium Wholesale Trays","(page top)","navigation","200",""
"https://hotdogtrays.com/sample-page/","https://hotdogtrays.com/shop/","All Products ▼","(page top)","navigation","200",""
"https://hotdogtrays.com/sample-page/","https://hotdogtrays.com/product/hot-dog-serving-tray/","Hot Dog Serving Tray","(page top)","navigation","200",""
"https://hotdogtrays.com/sample-page/","https://hotdogtrays.com/product/hot-dog-food-tray/","Hot Dog Food Tray","(page top)","navigation","200",""
"https://hotdogtrays.com/sample-page/","https://hotdogtrays.com/product/hot-dog-plates/","Hot Dog Plates","(page top)","navigation","200",""
"https://hotdogtrays.com/sample-page/","https://hotdogtrays.com/product/paper-hot-dog-trays/","Paper Hot Dog Trays","(page top)","navigation","200",""
"https://hotdogtrays.com/sample-page/","https://hotdogtrays.com/product/hot-dog-paper-holders/","Hot Dog Paper Holders","(page top)","navigation","200",""
"https://hotdogtrays.com/sample-page/","https://hotdogtrays.com/product/disposable-hot-dog-trays/","Disposable Hot Dog Trays","(page top)","navigation","200",""
"https://hotdogtrays.com/sample-page/","https://hotdogtrays.com/product/hot-dog-boats-paper/","Hot Dog Boats Paper","(page top)","navigation","200",""
"https://hotdogtrays.com/sample-page/","https://hotdogtrays.com/product/plastic-hot-dog-trays/","Plastic Hot Dog Trays","(page top)","navigation","200",""
"https://hotdogtrays.com/sample-page/","https://hotdogtrays.com/product/hot-dog-container-paper/","Hot Dog Container Paper","(page top)","navigation","200",""
"https://hotdogtrays.com/sample-page/","https://hotdogtrays.com/product/cardboard-hot-dog-holders/","Cardboard Hot Dog Holders","(page top)","navigation","200",""
"https://hotdogtrays.com/sample-page/","https://hotdogtrays.com/product/disposable-hot-dog-holders/","Disposable Hot Dog Holders","(page top)","navigation","200",""
"https://hotdogtrays.com/sample-page/","https://hotdogtrays.com/product/cardboard-hot-dog-trays/","Cardboard Hot Dog Trays","(page top)","navigation","200",""
"https://hotdogtrays.com/sample-page/","https://hotdogtrays.com/product/red-and-white-hot-dog-trays/","Red and White Hot Dog Trays","(page top)","navigation","200",""
"https://hotdogtrays.com/sample-page/","https://hotdogtrays.com/product/kraft-hot-dog-tray/","Kraft Hot Dog Tray","(page top)","navigation","200",""
"https://hotdogtrays.com/sample-page/","https://hotdogtrays.com/about/","About Us","(page top)","navigation","200",""
"https://hotdogtrays.com/sample-page/","https://hotdogtrays.com/contact/","Contact","(page top)","navigation","200",""
"https://hotdogtrays.com/sample-page/","https://hotdogtrays.com/get-quote/","Get Free Quote","(page top)","navigation","200",""
"https://hotdogtrays.com/sample-page/","https://hotdogtrays.com/shop/","All Products","(page top)","navigation","200",""
"https://hotdogtrays.com/sample-page/","https://hotdogtrays.com/","Home","(page top)","breadcrumb","200",""
"https://hotdogtrays.com/sample-page/","https://hotdogtrays.com/faq/","FAQ","Quick Links","footer","200",""
"https://hotdogtrays.com/sample-page/","https://hotdogtrays.com/shipping/","Shipping Info","Quick Links","footer","200",""
"https://hotdogtrays.com/sample-page/","https://hotdogtrays.com/privacy-policy/","Privacy Policy","Quick Links","footer","200",""
"https://hotdogtrays.com/sample-page/","https://hotdogtrays.com/terms-conditions/","Terms & Conditions","Quick Links","footer","200",""
"https://hotdogtrays.com/sample-page/","https://hotdogtrays.com/hot-dog-tray-sizes/","Tray Sizes","Buying guides","footer","200",""
"https://hotdogtrays.com/sample-page/","https://hotdogtrays.com/footlong-hot-dog-trays/","Footlong Trays","Buying guides","footer","200",""
"https://hotdogtrays.com/sample-page/","https://hotdogtrays.com/hot-dog-tray-material-guide/","Material Guide","Buying guides","footer","200",""
"https://hotdogtrays.com/sample-page/","https://hotdogtrays.com/hot-dog-containers-to-go/","Containers To Go","Buying guides","footer","200",""
"https://hotdogtrays.com/sample-page/","https://hotdogtrays.com/hot-dog-trays-in-bulk/","Buying in Bulk","Buying guides","footer","200",""
"https://hotdogtrays.com/sample-page/","https://hotdogtrays.com/hot-dog-trays-for-food-trucks/","For Food Trucks","Buying guides","footer","200",""
"https://hotdogtrays.com/sample-page/","https://hotdogtrays.com/hot-dog-trays-for-concession-stands/","For Concessions","Buying guides","footer","200",""
"https://hotdogtrays.com/sample-page/","https://hotdogtrays.com/hot-dog-trays-for-catering/","For Catering","Buying guides","footer","200",""
"https://hotdogtrays.com/sample-page/","https://hotdogtrays.com/paper-vs-plastic-hot-dog-trays/","Paper vs Plastic","Buying guides","footer","200",""
"https://hotdogtrays.com/sample-page/","https://hotdogtrays.com/hot-dog-trays-vs-paper-boats/","Trays vs Boats","Buying guides","footer","200",""
"https://hotdogtrays.com/sample-page/","https://hotdogtrays.com/","HotDogTrays.com","Buying guides","footer","200",""
"https://hotdogtrays.com/shipping/","https://hotdogtrays.com/","🌭 HotDogTrays Premium Wholesale Trays","(page top)","navigation","200",""
"https://hotdogtrays.com/shipping/","https://hotdogtrays.com/shop/","All Products ▼","(page top)","navigation","200",""
"https://hotdogtrays.com/shipping/","https://hotdogtrays.com/product/hot-dog-serving-tray/","Hot Dog Serving Tray","(page top)","navigation","200",""
"https://hotdogtrays.com/shipping/","https://hotdogtrays.com/product/hot-dog-food-tray/","Hot Dog Food Tray","(page top)","navigation","200",""
"https://hotdogtrays.com/shipping/","https://hotdogtrays.com/product/hot-dog-plates/","Hot Dog Plates","(page top)","navigation","200",""
"https://hotdogtrays.com/shipping/","https://hotdogtrays.com/product/paper-hot-dog-trays/","Paper Hot Dog Trays","(page top)","navigation","200",""
"https://hotdogtrays.com/shipping/","https://hotdogtrays.com/product/hot-dog-paper-holders/","Hot Dog Paper Holders","(page top)","navigation","200",""
"https://hotdogtrays.com/shipping/","https://hotdogtrays.com/product/disposable-hot-dog-trays/","Disposable Hot Dog Trays","(page top)","navigation","200",""
"https://hotdogtrays.com/shipping/","https://hotdogtrays.com/product/hot-dog-boats-paper/","Hot Dog Boats Paper","(page top)","navigation","200",""
"https://hotdogtrays.com/shipping/","https://hotdogtrays.com/product/plastic-hot-dog-trays/","Plastic Hot Dog Trays","(page top)","navigation","200",""
"https://hotdogtrays.com/shipping/","https://hotdogtrays.com/product/hot-dog-container-paper/","Hot Dog Container Paper","(page top)","navigation","200",""
"https://hotdogtrays.com/shipping/","https://hotdogtrays.com/product/cardboard-hot-dog-holders/","Cardboard Hot Dog Holders","(page top)","navigation","200",""
"https://hotdogtrays.com/shipping/","https://hotdogtrays.com/product/disposable-hot-dog-holders/","Disposable Hot Dog Holders","(page top)","navigation","200",""
"https://hotdogtrays.com/shipping/","https://hotdogtrays.com/product/cardboard-hot-dog-trays/","Cardboard Hot Dog Trays","(page top)","navigation","200",""
"https://hotdogtrays.com/shipping/","https://hotdogtrays.com/product/red-and-white-hot-dog-trays/","Red and White Hot Dog Trays","(page top)","navigation","200",""
"https://hotdogtrays.com/shipping/","https://hotdogtrays.com/product/kraft-hot-dog-tray/","Kraft Hot Dog Tray","(page top)","navigation","200",""
"https://hotdogtrays.com/shipping/","https://hotdogtrays.com/about/","About Us","(page top)","navigation","200",""
"https://hotdogtrays.com/shipping/","https://hotdogtrays.com/contact/","Contact","(page top)","navigation","200",""
"https://hotdogtrays.com/shipping/","https://hotdogtrays.com/get-quote/","Get Free Quote","(page top)","navigation","200",""
"https://hotdogtrays.com/shipping/","https://hotdogtrays.com/shop/","All Products","(page top)","navigation","200",""
"https://hotdogtrays.com/shipping/","https://hotdogtrays.com/","Home","(page top)","breadcrumb","200",""
"https://hotdogtrays.com/shipping/","https://hotdogtrays.com/faq/","FAQ","Quick Links","footer","200",""
"https://hotdogtrays.com/shipping/","https://hotdogtrays.com/shipping/","Shipping Info","Quick Links","footer","200",""
"https://hotdogtrays.com/shipping/","https://hotdogtrays.com/privacy-policy/","Privacy Policy","Quick Links","footer","200",""
"https://hotdogtrays.com/shipping/","https://hotdogtrays.com/terms-conditions/","Terms & Conditions","Quick Links","footer","200",""
"https://hotdogtrays.com/shipping/","https://hotdogtrays.com/hot-dog-tray-sizes/","Tray Sizes","Buying guides","footer","200",""
"https://hotdogtrays.com/shipping/","https://hotdogtrays.com/footlong-hot-dog-trays/","Footlong Trays","Buying guides","footer","200",""
"https://hotdogtrays.com/shipping/","https://hotdogtrays.com/hot-dog-tray-material-guide/","Material Guide","Buying guides","footer","200",""
"https://hotdogtrays.com/shipping/","https://hotdogtrays.com/hot-dog-containers-to-go/","Containers To Go","Buying guides","footer","200",""
"https://hotdogtrays.com/shipping/","https://hotdogtrays.com/hot-dog-trays-in-bulk/","Buying in Bulk","Buying guides","footer","200",""
"https://hotdogtrays.com/shipping/","https://hotdogtrays.com/hot-dog-trays-for-food-trucks/","For Food Trucks","Buying guides","footer","200",""
"https://hotdogtrays.com/shipping/","https://hotdogtrays.com/hot-dog-trays-for-concession-stands/","For Concessions","Buying guides","footer","200",""
"https://hotdogtrays.com/shipping/","https://hotdogtrays.com/hot-dog-trays-for-catering/","For Catering","Buying guides","footer","200",""
"https://hotdogtrays.com/shipping/","https://hotdogtrays.com/paper-vs-plastic-hot-dog-trays/","Paper vs Plastic","Buying guides","footer","200",""
"https://hotdogtrays.com/shipping/","https://hotdogtrays.com/hot-dog-trays-vs-paper-boats/","Trays vs Boats","Buying guides","footer","200",""
"https://hotdogtrays.com/shipping/","https://hotdogtrays.com/","HotDogTrays.com","Buying guides","footer","200",""
"https://hotdogtrays.com/shop/","https://hotdogtrays.com/","🌭 HotDogTrays Premium Wholesale Trays","(page top)","navigation","200",""
"https://hotdogtrays.com/shop/","https://hotdogtrays.com/shop/","All Products ▼","(page top)","navigation","200",""
"https://hotdogtrays.com/shop/","https://hotdogtrays.com/product/hot-dog-serving-tray/","Hot Dog Serving Tray","(page top)","navigation","200",""
"https://hotdogtrays.com/shop/","https://hotdogtrays.com/product/hot-dog-food-tray/","Hot Dog Food Tray","(page top)","navigation","200",""
"https://hotdogtrays.com/shop/","https://hotdogtrays.com/product/hot-dog-plates/","Hot Dog Plates","(page top)","navigation","200",""
"https://hotdogtrays.com/shop/","https://hotdogtrays.com/product/paper-hot-dog-trays/","Paper Hot Dog Trays","(page top)","navigation","200",""
"https://hotdogtrays.com/shop/","https://hotdogtrays.com/product/hot-dog-paper-holders/","Hot Dog Paper Holders","(page top)","navigation","200",""
"https://hotdogtrays.com/shop/","https://hotdogtrays.com/product/disposable-hot-dog-trays/","Disposable Hot Dog Trays","(page top)","navigation","200",""
"https://hotdogtrays.com/shop/","https://hotdogtrays.com/product/hot-dog-boats-paper/","Hot Dog Boats Paper","(page top)","navigation","200",""
"https://hotdogtrays.com/shop/","https://hotdogtrays.com/product/plastic-hot-dog-trays/","Plastic Hot Dog Trays","(page top)","navigation","200",""
"https://hotdogtrays.com/shop/","https://hotdogtrays.com/product/hot-dog-container-paper/","Hot Dog Container Paper","(page top)","navigation","200",""
"https://hotdogtrays.com/shop/","https://hotdogtrays.com/product/cardboard-hot-dog-holders/","Cardboard Hot Dog Holders","(page top)","navigation","200",""
"https://hotdogtrays.com/shop/","https://hotdogtrays.com/product/disposable-hot-dog-holders/","Disposable Hot Dog Holders","(page top)","navigation","200",""
"https://hotdogtrays.com/shop/","https://hotdogtrays.com/product/cardboard-hot-dog-trays/","Cardboard Hot Dog Trays","(page top)","navigation","200",""
"https://hotdogtrays.com/shop/","https://hotdogtrays.com/product/red-and-white-hot-dog-trays/","Red and White Hot Dog Trays","(page top)","navigation","200",""
"https://hotdogtrays.com/shop/","https://hotdogtrays.com/product/kraft-hot-dog-tray/","Kraft Hot Dog Tray","(page top)","navigation","200",""
"https://hotdogtrays.com/shop/","https://hotdogtrays.com/about/","About Us","(page top)","navigation","200",""
"https://hotdogtrays.com/shop/","https://hotdogtrays.com/contact/","Contact","(page top)","navigation","200",""
"https://hotdogtrays.com/shop/","https://hotdogtrays.com/get-quote/","Get Free Quote","(page top)","navigation","200",""
"https://hotdogtrays.com/shop/","https://hotdogtrays.com/shop/","All Products","(page top)","navigation","200",""
"https://hotdogtrays.com/shop/","https://hotdogtrays.com/","Home","(page top)","breadcrumb","200",""
"https://hotdogtrays.com/shop/","https://hotdogtrays.com/product/cardboard-hot-dog-holders/","Get Free Quote for Cardboard Hot Dog Holders","Cardboard Hot Dog Holders","related-product","200",""
"https://hotdogtrays.com/shop/","https://hotdogtrays.com/product/cardboard-hot-dog-trays/","Get Free Quote for Cardboard Hot Dog Trays","Cardboard Hot Dog Trays","related-product","200",""
"https://hotdogtrays.com/shop/","https://hotdogtrays.com/product/disposable-hot-dog-holders/","Get Free Quote for Disposable Hot Dog Holders","Disposable Hot Dog Holders","related-product","200",""
"https://hotdogtrays.com/shop/","https://hotdogtrays.com/product/disposable-hot-dog-trays/","Get Free Quote for Disposable Hot Dog Trays","Disposable Hot Dog Trays","related-product","200",""
"https://hotdogtrays.com/shop/","https://hotdogtrays.com/product/hot-dog-boats-paper/","Get Free Quote for Hot Dog Boats Paper","Hot Dog Boats Paper","related-product","200",""
"https://hotdogtrays.com/shop/","https://hotdogtrays.com/product/hot-dog-container-paper/","Get Free Quote for Hot Dog Container Paper","Hot Dog Container Paper","related-product","200",""
"https://hotdogtrays.com/shop/","https://hotdogtrays.com/product/hot-dog-food-tray/","Get Free Quote for Hot Dog Food Tray","Hot Dog Food Tray","related-product","200",""
"https://hotdogtrays.com/shop/","https://hotdogtrays.com/product/hot-dog-paper-holders/","Get Free Quote for Hot Dog Paper Holders","Hot Dog Paper Holders","related-product","200",""
"https://hotdogtrays.com/shop/","https://hotdogtrays.com/product/hot-dog-plates/","Get Free Quote for Hot Dog Plates","Hot Dog Plates","related-product","200",""
"https://hotdogtrays.com/shop/","https://hotdogtrays.com/product/hot-dog-serving-tray/","Get Free Quote for Hot Dog Serving Tray","Hot Dog Serving Tray","related-product","200",""
"https://hotdogtrays.com/shop/","https://hotdogtrays.com/product/kraft-hot-dog-tray/","Get Free Quote for Kraft Hot Dog Tray","Kraft Hot Dog Tray","related-product","200",""
"https://hotdogtrays.com/shop/","https://hotdogtrays.com/product/paper-hot-dog-trays/","Get Free Quote for Paper Hot Dog Trays","Paper Hot Dog Trays","related-product","200",""
"https://hotdogtrays.com/shop/","https://hotdogtrays.com/product/plastic-hot-dog-trays/","Get Free Quote for Plastic Hot Dog Trays","Plastic Hot Dog Trays","related-product","200",""
"https://hotdogtrays.com/shop/","https://hotdogtrays.com/product/red-and-white-hot-dog-trays/","Get Free Quote for Red and White Hot Dog Trays","Red and White Hot Dog Trays","related-product","200",""
"https://hotdogtrays.com/shop/","https://hotdogtrays.com/faq/","FAQ","Quick Links","footer","200",""
"https://hotdogtrays.com/shop/","https://hotdogtrays.com/shipping/","Shipping Info","Quick Links","footer","200",""
"https://hotdogtrays.com/shop/","https://hotdogtrays.com/privacy-policy/","Privacy Policy","Quick Links","footer","200",""
"https://hotdogtrays.com/shop/","https://hotdogtrays.com/terms-conditions/","Terms & Conditions","Quick Links","footer","200",""
"https://hotdogtrays.com/shop/","https://hotdogtrays.com/hot-dog-tray-sizes/","Tray Sizes","Buying guides","footer","200",""
"https://hotdogtrays.com/shop/","https://hotdogtrays.com/footlong-hot-dog-trays/","Footlong Trays","Buying guides","footer","200",""
"https://hotdogtrays.com/shop/","https://hotdogtrays.com/hot-dog-tray-material-guide/","Material Guide","Buying guides","footer","200",""
"https://hotdogtrays.com/shop/","https://hotdogtrays.com/hot-dog-containers-to-go/","Containers To Go","Buying guides","footer","200",""
"https://hotdogtrays.com/shop/","https://hotdogtrays.com/hot-dog-trays-in-bulk/","Buying in Bulk","Buying guides","footer","200",""
"https://hotdogtrays.com/shop/","https://hotdogtrays.com/hot-dog-trays-for-food-trucks/","For Food Trucks","Buying guides","footer","200",""
"https://hotdogtrays.com/shop/","https://hotdogtrays.com/hot-dog-trays-for-concession-stands/","For Concessions","Buying guides","footer","200",""
"https://hotdogtrays.com/shop/","https://hotdogtrays.com/hot-dog-trays-for-catering/","For Catering","Buying guides","footer","200",""
"https://hotdogtrays.com/shop/","https://hotdogtrays.com/paper-vs-plastic-hot-dog-trays/","Paper vs Plastic","Buying guides","footer","200",""
"https://hotdogtrays.com/shop/","https://hotdogtrays.com/hot-dog-trays-vs-paper-boats/","Trays vs Boats","Buying guides","footer","200",""
"https://hotdogtrays.com/shop/","https://hotdogtrays.com/","HotDogTrays.com","Buying guides","footer","200",""
"https://hotdogtrays.com/terms-conditions/","https://hotdogtrays.com/","🌭 HotDogTrays Premium Wholesale Trays","(page top)","navigation","200",""
"https://hotdogtrays.com/terms-conditions/","https://hotdogtrays.com/shop/","All Products ▼","(page top)","navigation","200",""
"https://hotdogtrays.com/terms-conditions/","https://hotdogtrays.com/product/hot-dog-serving-tray/","Hot Dog Serving Tray","(page top)","navigation","200",""
"https://hotdogtrays.com/terms-conditions/","https://hotdogtrays.com/product/hot-dog-food-tray/","Hot Dog Food Tray","(page top)","navigation","200",""
"https://hotdogtrays.com/terms-conditions/","https://hotdogtrays.com/product/hot-dog-plates/","Hot Dog Plates","(page top)","navigation","200",""
"https://hotdogtrays.com/terms-conditions/","https://hotdogtrays.com/product/paper-hot-dog-trays/","Paper Hot Dog Trays","(page top)","navigation","200",""
"https://hotdogtrays.com/terms-conditions/","https://hotdogtrays.com/product/hot-dog-paper-holders/","Hot Dog Paper Holders","(page top)","navigation","200",""
"https://hotdogtrays.com/terms-conditions/","https://hotdogtrays.com/product/disposable-hot-dog-trays/","Disposable Hot Dog Trays","(page top)","navigation","200",""
"https://hotdogtrays.com/terms-conditions/","https://hotdogtrays.com/product/hot-dog-boats-paper/","Hot Dog Boats Paper","(page top)","navigation","200",""
"https://hotdogtrays.com/terms-conditions/","https://hotdogtrays.com/product/plastic-hot-dog-trays/","Plastic Hot Dog Trays","(page top)","navigation","200",""
"https://hotdogtrays.com/terms-conditions/","https://hotdogtrays.com/product/hot-dog-container-paper/","Hot Dog Container Paper","(page top)","navigation","200",""
"https://hotdogtrays.com/terms-conditions/","https://hotdogtrays.com/product/cardboard-hot-dog-holders/","Cardboard Hot Dog Holders","(page top)","navigation","200",""
"https://hotdogtrays.com/terms-conditions/","https://hotdogtrays.com/product/disposable-hot-dog-holders/","Disposable Hot Dog Holders","(page top)","navigation","200",""
"https://hotdogtrays.com/terms-conditions/","https://hotdogtrays.com/product/cardboard-hot-dog-trays/","Cardboard Hot Dog Trays","(page top)","navigation","200",""
"https://hotdogtrays.com/terms-conditions/","https://hotdogtrays.com/product/red-and-white-hot-dog-trays/","Red and White Hot Dog Trays","(page top)","navigation","200",""
"https://hotdogtrays.com/terms-conditions/","https://hotdogtrays.com/product/kraft-hot-dog-tray/","Kraft Hot Dog Tray","(page top)","navigation","200",""
"https://hotdogtrays.com/terms-conditions/","https://hotdogtrays.com/about/","About Us","(page top)","navigation","200",""
"https://hotdogtrays.com/terms-conditions/","https://hotdogtrays.com/contact/","Contact","(page top)","navigation","200",""
"https://hotdogtrays.com/terms-conditions/","https://hotdogtrays.com/get-quote/","Get Free Quote","(page top)","navigation","200",""
"https://hotdogtrays.com/terms-conditions/","https://hotdogtrays.com/shop/","All Products","(page top)","navigation","200",""
"https://hotdogtrays.com/terms-conditions/","https://hotdogtrays.com/","Home","(page top)","breadcrumb","200",""
"https://hotdogtrays.com/terms-conditions/","https://hotdogtrays.com/?utm_source=chatgpt.com","https://hotdogtrays.com/","12. Contact Information","contextual","200",""
"https://hotdogtrays.com/terms-conditions/","https://hotdogtrays.com/faq/","FAQ","Quick Links","footer","200",""
"https://hotdogtrays.com/terms-conditions/","https://hotdogtrays.com/shipping/","Shipping Info","Quick Links","footer","200",""
"https://hotdogtrays.com/terms-conditions/","https://hotdogtrays.com/privacy-policy/","Privacy Policy","Quick Links","footer","200",""
"https://hotdogtrays.com/terms-conditions/","https://hotdogtrays.com/terms-conditions/","Terms & Conditions","Quick Links","footer","200",""
"https://hotdogtrays.com/terms-conditions/","https://hotdogtrays.com/hot-dog-tray-sizes/","Tray Sizes","Buying guides","footer","200",""
"https://hotdogtrays.com/terms-conditions/","https://hotdogtrays.com/footlong-hot-dog-trays/","Footlong Trays","Buying guides","footer","200",""
"https://hotdogtrays.com/terms-conditions/","https://hotdogtrays.com/hot-dog-tray-material-guide/","Material Guide","Buying guides","footer","200",""
"https://hotdogtrays.com/terms-conditions/","https://hotdogtrays.com/hot-dog-containers-to-go/","Containers To Go","Buying guides","footer","200",""
"https://hotdogtrays.com/terms-conditions/","https://hotdogtrays.com/hot-dog-trays-in-bulk/","Buying in Bulk","Buying guides","footer","200",""
"https://hotdogtrays.com/terms-conditions/","https://hotdogtrays.com/hot-dog-trays-for-food-trucks/","For Food Trucks","Buying guides","footer","200",""
"https://hotdogtrays.com/terms-conditions/","https://hotdogtrays.com/hot-dog-trays-for-concession-stands/","For Concessions","Buying guides","footer","200",""
"https://hotdogtrays.com/terms-conditions/","https://hotdogtrays.com/hot-dog-trays-for-catering/","For Catering","Buying guides","footer","200",""
"https://hotdogtrays.com/terms-conditions/","https://hotdogtrays.com/paper-vs-plastic-hot-dog-trays/","Paper vs Plastic","Buying guides","footer","200",""
"https://hotdogtrays.com/terms-conditions/","https://hotdogtrays.com/hot-dog-trays-vs-paper-boats/","Trays vs Boats","Buying guides","footer","200",""
"https://hotdogtrays.com/terms-conditions/","https://hotdogtrays.com/","HotDogTrays.com","Buying guides","footer","200",""
